ISO-10303-21;
HEADER;
/* Generated by software containing ST-Developer
 * from STEP Tools, Inc. (www.steptools.com) 
 */

FILE_DESCRIPTION(
/* description */ ('',
'CAx-IF Rec.Pracs.---Representation and Presentation of Product Manufa
cturing Information (PMI)---4.0---2014-10-13'),
/* implementation_level */ '2;1');

FILE_NAME(
/* name */ 'PLT_enclosure.stp',
/* time_stamp */ '2026-06-29T11:30:49+01:00',
/* author */ ('tupins'),
/* organization */ (''),
/* preprocessor_version */ 'ST-DEVELOPER v20.1',
/* originating_system */ 'Autodesk Inventor 2026',
/* authorisation */ '');

FILE_SCHEMA (('AP242_MANAGED_MODEL_BASED_3D_ENGINEERING_MIM_LF { 1 0 10303 442 2 1 4 }'));
ENDSEC;

DATA;
#10=CONSTRUCTIVE_GEOMETRY_REPRESENTATION_RELATIONSHIP('CGRR','None',#3440,
#11);
#11=CONSTRUCTIVE_GEOMETRY_REPRESENTATION('Supplemental geometry',(#67,#68,
#69,#70,#71,#72,#73),#3432);
#12=MODEL_GEOMETRIC_VIEW('Isometric',$,#53,#47);
#13=MODEL_GEOMETRIC_VIEW('Front',$,#54,#48);
#14=MODEL_GEOMETRIC_VIEW('Top',$,#55,#49);
#15=MODEL_GEOMETRIC_VIEW('Right',$,#56,#50);
#16=MECHANICAL_DESIGN_AND_DRAUGHTING_RELATIONSHIP('[Primary]','',#45,#46);
#17=MECHANICAL_DESIGN_AND_DRAUGHTING_RELATIONSHIP('Isometric','',#47,#46);
#18=MECHANICAL_DESIGN_AND_DRAUGHTING_RELATIONSHIP('Front','',#48,#46);
#19=MECHANICAL_DESIGN_AND_DRAUGHTING_RELATIONSHIP('Top','',#49,#46);
#20=MECHANICAL_DESIGN_AND_DRAUGHTING_RELATIONSHIP('Right','',#50,#46);
#21=DEFAULT_MODEL_GEOMETRIC_VIEW('[Primary]',$,#52,#45,$,$,#3439,*);
#22=MAPPED_ITEM('',#33,#2194);
#23=MAPPED_ITEM('',#34,#2195);
#24=MAPPED_ITEM('',#35,#2196);
#25=MAPPED_ITEM('',#36,#2197);
#26=MAPPED_ITEM('',#37,#2198);
#27=MAPPED_ITEM('',#38,#2199);
#28=MAPPED_ITEM('',#39,#2200);
#29=MAPPED_ITEM('',#40,#2201);
#30=MAPPED_ITEM('',#41,#2202);
#31=MAPPED_ITEM('',#42,#2203);
#32=MAPPED_ITEM('',#43,#2204);
#33=REPRESENTATION_MAP(#2194,#44);
#34=REPRESENTATION_MAP(#2195,#3441);
#35=REPRESENTATION_MAP(#2196,#3440);
#36=REPRESENTATION_MAP(#2197,#44);
#37=REPRESENTATION_MAP(#2198,#3441);
#38=REPRESENTATION_MAP(#2199,#44);
#39=REPRESENTATION_MAP(#2200,#3441);
#40=REPRESENTATION_MAP(#2201,#44);
#41=REPRESENTATION_MAP(#2202,#3441);
#42=REPRESENTATION_MAP(#2203,#44);
#43=REPRESENTATION_MAP(#2204,#3441);
#44=ADVANCED_BREP_SHAPE_REPRESENTATION('[Primary]',(#207),#3432);
#45=DRAUGHTING_MODEL('[Primary]',(#22,#23,#52),#3432);
#46=DRAUGHTING_MODEL('',(#24,#2196),#3432);
#47=DRAUGHTING_MODEL('Isometric',(#25,#26,#53),#3432);
#48=DRAUGHTING_MODEL('Front',(#27,#28,#54),#3432);
#49=DRAUGHTING_MODEL('Top',(#29,#30,#55),#3432);
#50=DRAUGHTING_MODEL('Right',(#31,#32,#56),#3432);
#51=MECHANICAL_DESIGN_GEOMETRIC_PRESENTATION_REPRESENTATION('',(#126,#127,
#128,#129,#130,#131,#132,#133,#134,#135,#136,#137,#138,#139,#140,#141,#142,
#143,#144,#145,#146,#147,#148,#149,#150,#151,#152,#153,#154,#155,#156,#157,
#158,#159,#160,#161,#162,#163,#164,#165,#166,#167,#168,#169,#170,#171,#172,
#173,#174,#175,#176,#177,#178,#179,#180,#181,#182,#183,#184,#185,#186,#187,
#188,#189,#190,#191,#192,#193,#194,#195,#196,#197,#198,#199,#200,#201,#202,
#203,#204,#205),#3433);
#52=CAMERA_MODEL_D3('[Primary]',#2184,#57);
#53=CAMERA_MODEL_D3('Isometric',#2186,#58);
#54=CAMERA_MODEL_D3('Front',#2188,#59);
#55=CAMERA_MODEL_D3('Top',#2190,#60);
#56=CAMERA_MODEL_D3('Right',#2192,#61);
#57=VIEW_VOLUME(.PARALLEL.,#3406,484.613303429554,0.,.F.,0.,.F.,.F.,#62);
#58=VIEW_VOLUME(.PARALLEL.,#3409,16.9875424688562,0.,.F.,0.,.F.,.F.,#63);
#59=VIEW_VOLUME(.PARALLEL.,#3412,117.693146607172,0.,.F.,0.,.F.,.F.,#64);
#60=VIEW_VOLUME(.PARALLEL.,#3415,117.693146607172,0.,.F.,0.,.F.,.F.,#65);
#61=VIEW_VOLUME(.PARALLEL.,#3418,117.693146607172,0.,.F.,0.,.F.,.F.,#66);
#62=PLANAR_BOX('view window',220.76333585975,193.350401428965,#2185);
#63=PLANAR_BOX('view window',27.8110236220472,20.,#2187);
#64=PLANAR_BOX('view window',27.8110236220472,20.,#2189);
#65=PLANAR_BOX('view window',27.8110236220472,20.,#2191);
#66=PLANAR_BOX('view window',27.8110236220472,20.,#2193);
#67=GEOMETRIC_CURVE_SET('Sketch1',(#75,#76,#77,#78,#79,#80,#81,#82,#977,
#978,#979,#980,#3296,#3297,#3298,#3299));
#68=GEOMETRIC_CURVE_SET('Sketch2',(#83,#84,#85,#86,#87,#88,#89,#90));
#69=GEOMETRIC_CURVE_SET('Sketch3',(#981,#91,#982,#3320));
#70=GEOMETRIC_CURVE_SET('Sketch4',(#92,#93,#94,#95,#3329));
#71=GEOMETRIC_CURVE_SET('Sketch5',(#96,#97,#98,#99,#983,#984,#100,#101,
#102,#103,#104,#985,#986,#987,#105,#106));
#72=GEOMETRIC_CURVE_SET('Sketch6',(#107,#108,#109,#110,#111,#112,#113,#114,
#115,#116,#117,#988,#3380,#3381,#3382));
#73=GEOMETRIC_CURVE_SET('Sketch7',(#118,#119,#120,#121,#122,#123,#124,#125,
#3399,#3400,#3401,#3402,#3403));
#74=INVISIBILITY((#139,#140,#141,#142,#143,#144,#145,#146,#147,#148,#149,
#150,#151,#152,#153,#154,#155,#156,#157,#158,#159,#160,#161,#162,#163,#164,
#165,#166,#167,#168,#169,#170,#171,#172,#173,#174,#175,#176,#177,#178,#179,
#180,#181,#182,#183,#184,#185,#186,#187,#188,#189,#190,#191,#192,#193,#194,
#195,#196,#197,#198,#199,#200,#201,#202,#203,#204,#205));
#75=POLYLINE('',(#3276,#3277));
#76=POLYLINE('',(#3278,#3279));
#77=POLYLINE('',(#3280,#3281));
#78=POLYLINE('',(#3282,#3283));
#79=POLYLINE('',(#3284,#3285));
#80=POLYLINE('',(#3286,#3287));
#81=POLYLINE('',(#3288,#3289));
#82=POLYLINE('',(#3290,#3291));
#83=POLYLINE('',(#3300,#3301));
#84=POLYLINE('',(#3302,#3303));
#85=POLYLINE('',(#3304,#3305));
#86=POLYLINE('',(#3306,#3307));
#87=POLYLINE('',(#3308,#3309));
#88=POLYLINE('',(#3310,#3311));
#89=POLYLINE('',(#3312,#3313));
#90=POLYLINE('',(#3314,#3315));
#91=POLYLINE('',(#3317,#3318));
#92=POLYLINE('',(#3321,#3322));
#93=POLYLINE('',(#3323,#3324));
#94=POLYLINE('',(#3325,#3326));
#95=POLYLINE('',(#3327,#3328));
#96=POLYLINE('',(#3330,#3331));
#97=POLYLINE('',(#3332,#3333));
#98=POLYLINE('',(#3334,#3335));
#99=POLYLINE('',(#3336,#3337));
#100=POLYLINE('',(#3340,#3341));
#101=POLYLINE('',(#3342,#3343));
#102=POLYLINE('',(#3344,#3345));
#103=POLYLINE('',(#3346,#3347));
#104=POLYLINE('',(#3348,#3349));
#105=POLYLINE('',(#3353,#3354));
#106=POLYLINE('',(#3355,#3356));
#107=POLYLINE('',(#3357,#3358));
#108=POLYLINE('',(#3359,#3360));
#109=POLYLINE('',(#3361,#3362));
#110=POLYLINE('',(#3363,#3364));
#111=POLYLINE('',(#3365,#3366));
#112=POLYLINE('',(#3367,#3368));
#113=POLYLINE('',(#3369,#3370));
#114=POLYLINE('',(#3371,#3372));
#115=POLYLINE('',(#3373,#3374));
#116=POLYLINE('',(#3375,#3376));
#117=POLYLINE('',(#3377,#3378));
#118=POLYLINE('',(#3383,#3384));
#119=POLYLINE('',(#3385,#3386));
#120=POLYLINE('',(#3387,#3388));
#121=POLYLINE('',(#3389,#3390));
#122=POLYLINE('',(#3391,#3392));
#123=POLYLINE('',(#3393,#3394));
#124=POLYLINE('',(#3395,#3396));
#125=POLYLINE('',(#3397,#3398));
#126=STYLED_ITEM('',(#3450),#207);
#127=STYLED_ITEM('',(#3451),#75);
#128=STYLED_ITEM('',(#3451),#76);
#129=STYLED_ITEM('',(#3451),#77);
#130=STYLED_ITEM('',(#3451),#78);
#131=STYLED_ITEM('',(#3451),#79);
#132=STYLED_ITEM('',(#3451),#80);
#133=STYLED_ITEM('',(#3451),#81);
#134=STYLED_ITEM('',(#3451),#82);
#135=STYLED_ITEM('',(#3451),#977);
#136=STYLED_ITEM('',(#3451),#978);
#137=STYLED_ITEM('',(#3451),#979);
#138=STYLED_ITEM('',(#3451),#980);
#139=STYLED_ITEM('',(#3451),#83);
#140=STYLED_ITEM('',(#3451),#84);
#141=STYLED_ITEM('',(#3451),#85);
#142=STYLED_ITEM('',(#3451),#86);
#143=STYLED_ITEM('',(#3451),#87);
#144=STYLED_ITEM('',(#3451),#88);
#145=STYLED_ITEM('',(#3451),#89);
#146=STYLED_ITEM('',(#3451),#90);
#147=STYLED_ITEM('',(#3451),#981);
#148=STYLED_ITEM('',(#3452),#91);
#149=STYLED_ITEM('',(#3451),#982);
#150=STYLED_ITEM('',(#3453),#3320);
#151=STYLED_ITEM('',(#3451),#92);
#152=STYLED_ITEM('',(#3451),#93);
#153=STYLED_ITEM('',(#3451),#94);
#154=STYLED_ITEM('',(#3451),#95);
#155=STYLED_ITEM('',(#3454),#3329);
#156=STYLED_ITEM('',(#3451),#96);
#157=STYLED_ITEM('',(#3451),#97);
#158=STYLED_ITEM('',(#3451),#98);
#159=STYLED_ITEM('',(#3451),#99);
#160=STYLED_ITEM('',(#3451),#983);
#161=STYLED_ITEM('',(#3451),#984);
#162=STYLED_ITEM('',(#3451),#100);
#163=STYLED_ITEM('',(#3451),#101);
#164=STYLED_ITEM('',(#3451),#102);
#165=STYLED_ITEM('',(#3451),#103);
#166=STYLED_ITEM('',(#3452),#104);
#167=STYLED_ITEM('',(#3451),#985);
#168=STYLED_ITEM('',(#3451),#986);
#169=STYLED_ITEM('',(#3451),#987);
#170=STYLED_ITEM('',(#3452),#105);
#171=STYLED_ITEM('',(#3452),#106);
#172=STYLED_ITEM('',(#3452),#107);
#173=STYLED_ITEM('',(#3451),#108);
#174=STYLED_ITEM('',(#3451),#109);
#175=STYLED_ITEM('',(#3451),#110);
#176=STYLED_ITEM('',(#3451),#111);
#177=STYLED_ITEM('',(#3452),#112);
#178=STYLED_ITEM('',(#3451),#113);
#179=STYLED_ITEM('',(#3451),#114);
#180=STYLED_ITEM('',(#3451),#115);
#181=STYLED_ITEM('',(#3451),#116);
#182=STYLED_ITEM('',(#3451),#117);
#183=STYLED_ITEM('',(#3452),#988);
#184=STYLED_ITEM('',(#3455),#3380);
#185=STYLED_ITEM('',(#3456),#3381);
#186=STYLED_ITEM('',(#3457),#3382);
#187=STYLED_ITEM('',(#3451),#118);
#188=STYLED_ITEM('',(#3451),#119);
#189=STYLED_ITEM('',(#3451),#120);
#190=STYLED_ITEM('',(#3451),#121);
#191=STYLED_ITEM('',(#3452),#122);
#192=STYLED_ITEM('',(#3452),#123);
#193=STYLED_ITEM('',(#3452),#124);
#194=STYLED_ITEM('',(#3452),#125);
#195=STYLED_ITEM('',(#3458),#3399);
#196=STYLED_ITEM('',(#3459),#3400);
#197=STYLED_ITEM('',(#3460),#3401);
#198=STYLED_ITEM('',(#3461),#3402);
#199=STYLED_ITEM('',(#3462),#3403);
#200=STYLED_ITEM('',(#3463),#68);
#201=STYLED_ITEM('',(#3464),#69);
#202=STYLED_ITEM('',(#3465),#70);
#203=STYLED_ITEM('',(#3466),#71);
#204=STYLED_ITEM('',(#3467),#72);
#205=STYLED_ITEM('',(#3468),#73);
#206=STYLED_ITEM('',(#3469),#24);
#207=MANIFOLD_SOLID_BREP('Solid1',#1996);
#208=ELLIPSE('',#2052,3.53553390593273,2.5);
#209=(
BOUNDED_CURVE()
B_SPLINE_CURVE(2,(#2830,#2831,#2832),.UNSPECIFIED.,.F.,.F.)
B_SPLINE_CURVE_WITH_KNOTS((3,3),(0.,0.346410161513774),.UNSPECIFIED.)
CURVE()
GEOMETRIC_REPRESENTATION_ITEM()
RATIONAL_B_SPLINE_CURVE((1.,1.1,1.1))
REPRESENTATION_ITEM('')
);
#210=(
BOUNDED_CURVE()
B_SPLINE_CURVE(2,(#2833,#2834,#2835),.UNSPECIFIED.,.F.,.F.)
B_SPLINE_CURVE_WITH_KNOTS((3,3),(0.346410161513774,0.692820323027548),
 .UNSPECIFIED.)
CURVE()
GEOMETRIC_REPRESENTATION_ITEM()
RATIONAL_B_SPLINE_CURVE((1.1,1.1,1.))
REPRESENTATION_ITEM('')
);
#211=(
BOUNDED_CURVE()
B_SPLINE_CURVE(2,(#2847,#2848,#2849),.UNSPECIFIED.,.F.,.F.)
B_SPLINE_CURVE_WITH_KNOTS((3,3),(0.,0.346410161513775),.UNSPECIFIED.)
CURVE()
GEOMETRIC_REPRESENTATION_ITEM()
RATIONAL_B_SPLINE_CURVE((1.,1.1,1.1))
REPRESENTATION_ITEM('')
);
#212=(
BOUNDED_CURVE()
B_SPLINE_CURVE(2,(#2850,#2851,#2852),.UNSPECIFIED.,.F.,.F.)
B_SPLINE_CURVE_WITH_KNOTS((3,3),(0.346410161513775,0.69282032302755),
 .UNSPECIFIED.)
CURVE()
GEOMETRIC_REPRESENTATION_ITEM()
RATIONAL_B_SPLINE_CURVE((1.1,1.1,1.))
REPRESENTATION_ITEM('')
);
#213=CYLINDRICAL_SURFACE('',#2027,4.);
#214=CYLINDRICAL_SURFACE('',#2032,4.);
#215=CYLINDRICAL_SURFACE('',#2037,4.);
#216=CYLINDRICAL_SURFACE('',#2042,4.);
#217=CYLINDRICAL_SURFACE('',#2050,2.5);
#218=CYLINDRICAL_SURFACE('',#2057,2.5);
#219=CYLINDRICAL_SURFACE('',#2081,5.);
#220=CYLINDRICAL_SURFACE('',#2089,5.);
#221=CYLINDRICAL_SURFACE('',#2095,2.);
#222=CYLINDRICAL_SURFACE('',#2099,2.);
#223=CYLINDRICAL_SURFACE('',#2103,2.);
#224=CYLINDRICAL_SURFACE('',#2107,2.);
#225=CYLINDRICAL_SURFACE('',#2136,6.5);
#226=CYLINDRICAL_SURFACE('',#2137,1.25);
#227=CYLINDRICAL_SURFACE('',#2141,2.);
#228=CYLINDRICAL_SURFACE('',#2142,1.25);
#229=CYLINDRICAL_SURFACE('',#2144,2.);
#230=CYLINDRICAL_SURFACE('',#2151,2.);
#231=CYLINDRICAL_SURFACE('',#2155,2.);
#232=CYLINDRICAL_SURFACE('',#2159,2.);
#233=CYLINDRICAL_SURFACE('',#2163,2.);
#234=FACE_BOUND('',#426,.T.);
#235=FACE_BOUND('',#427,.T.);
#236=FACE_BOUND('',#437,.T.);
#237=FACE_BOUND('',#438,.T.);
#238=FACE_BOUND('',#449,.T.);
#239=FACE_BOUND('',#457,.T.);
#240=FACE_BOUND('',#458,.T.);
#241=FACE_BOUND('',#469,.T.);
#242=FACE_BOUND('',#472,.T.);
#243=FACE_BOUND('',#483,.T.);
#244=FACE_BOUND('',#486,.T.);
#245=FACE_BOUND('',#487,.T.);
#246=FACE_BOUND('',#493,.T.);
#247=FACE_BOUND('',#494,.T.);
#248=FACE_BOUND('',#495,.T.);
#249=FACE_BOUND('',#496,.T.);
#250=FACE_BOUND('',#497,.T.);
#251=FACE_BOUND('',#498,.T.);
#252=FACE_BOUND('',#499,.T.);
#253=FACE_BOUND('',#508,.T.);
#254=FACE_BOUND('',#509,.T.);
#255=FACE_BOUND('',#510,.T.);
#256=FACE_BOUND('',#537,.T.);
#257=FACE_BOUND('',#539,.T.);
#258=FACE_BOUND('',#541,.T.);
#259=FACE_BOUND('',#543,.T.);
#260=FACE_BOUND('',#545,.T.);
#261=FACE_BOUND('',#546,.T.);
#262=FACE_BOUND('',#547,.T.);
#263=FACE_BOUND('',#548,.T.);
#264=FACE_BOUND('',#549,.T.);
#265=PLANE('',#2023);
#266=PLANE('',#2048);
#267=PLANE('',#2059);
#268=PLANE('',#2060);
#269=PLANE('',#2061);
#270=PLANE('',#2062);
#271=PLANE('',#2063);
#272=PLANE('',#2064);
#273=PLANE('',#2065);
#274=PLANE('',#2066);
#275=PLANE('',#2067);
#276=PLANE('',#2068);
#277=PLANE('',#2069);
#278=PLANE('',#2070);
#279=PLANE('',#2071);
#280=PLANE('',#2072);
#281=PLANE('',#2073);
#282=PLANE('',#2074);
#283=PLANE('',#2075);
#284=PLANE('',#2076);
#285=PLANE('',#2077);
#286=PLANE('',#2078);
#287=PLANE('',#2079);
#288=PLANE('',#2084);
#289=PLANE('',#2087);
#290=PLANE('',#2092);
#291=PLANE('',#2109);
#292=PLANE('',#2110);
#293=PLANE('',#2111);
#294=PLANE('',#2112);
#295=PLANE('',#2113);
#296=PLANE('',#2114);
#297=PLANE('',#2115);
#298=PLANE('',#2116);
#299=PLANE('',#2117);
#300=PLANE('',#2123);
#301=PLANE('',#2124);
#302=PLANE('',#2125);
#303=PLANE('',#2126);
#304=PLANE('',#2127);
#305=PLANE('',#2128);
#306=PLANE('',#2129);
#307=PLANE('',#2130);
#308=PLANE('',#2134);
#309=PLANE('',#2135);
#310=PLANE('',#2138);
#311=PLANE('',#2139);
#312=PLANE('',#2140);
#313=PLANE('',#2143);
#314=PLANE('',#2145);
#315=PLANE('',#2146);
#316=PLANE('',#2147);
#317=PLANE('',#2148);
#318=PLANE('',#2149);
#319=PLANE('',#2150);
#320=PLANE('',#2154);
#321=PLANE('',#2158);
#322=PLANE('',#2162);
#323=PLANE('',#2166);
#324=PLANE('',#2167);
#325=PLANE('',#2168);
#326=PLANE('',#2169);
#327=PLANE('',#2170);
#328=PLANE('',#2171);
#329=FACE_OUTER_BOUND('',#424,.T.);
#330=FACE_OUTER_BOUND('',#425,.T.);
#331=FACE_OUTER_BOUND('',#428,.T.);
#332=FACE_OUTER_BOUND('',#429,.T.);
#333=FACE_OUTER_BOUND('',#430,.T.);
#334=FACE_OUTER_BOUND('',#431,.T.);
#335=FACE_OUTER_BOUND('',#432,.T.);
#336=FACE_OUTER_BOUND('',#433,.T.);
#337=FACE_OUTER_BOUND('',#434,.T.);
#338=FACE_OUTER_BOUND('',#435,.T.);
#339=FACE_OUTER_BOUND('',#436,.T.);
#340=FACE_OUTER_BOUND('',#439,.T.);
#341=FACE_OUTER_BOUND('',#440,.T.);
#342=FACE_OUTER_BOUND('',#441,.T.);
#343=FACE_OUTER_BOUND('',#442,.T.);
#344=FACE_OUTER_BOUND('',#443,.T.);
#345=FACE_OUTER_BOUND('',#444,.T.);
#346=FACE_OUTER_BOUND('',#445,.T.);
#347=FACE_OUTER_BOUND('',#446,.T.);
#348=FACE_OUTER_BOUND('',#447,.T.);
#349=FACE_OUTER_BOUND('',#448,.T.);
#350=FACE_OUTER_BOUND('',#450,.T.);
#351=FACE_OUTER_BOUND('',#451,.T.);
#352=FACE_OUTER_BOUND('',#452,.T.);
#353=FACE_OUTER_BOUND('',#453,.T.);
#354=FACE_OUTER_BOUND('',#454,.T.);
#355=FACE_OUTER_BOUND('',#455,.T.);
#356=FACE_OUTER_BOUND('',#456,.T.);
#357=FACE_OUTER_BOUND('',#459,.T.);
#358=FACE_OUTER_BOUND('',#460,.T.);
#359=FACE_OUTER_BOUND('',#461,.T.);
#360=FACE_OUTER_BOUND('',#462,.T.);
#361=FACE_OUTER_BOUND('',#463,.T.);
#362=FACE_OUTER_BOUND('',#464,.T.);
#363=FACE_OUTER_BOUND('',#465,.T.);
#364=FACE_OUTER_BOUND('',#466,.T.);
#365=FACE_OUTER_BOUND('',#467,.T.);
#366=FACE_OUTER_BOUND('',#468,.T.);
#367=FACE_OUTER_BOUND('',#470,.T.);
#368=FACE_OUTER_BOUND('',#471,.T.);
#369=FACE_OUTER_BOUND('',#473,.T.);
#370=FACE_OUTER_BOUND('',#474,.T.);
#371=FACE_OUTER_BOUND('',#475,.T.);
#372=FACE_OUTER_BOUND('',#476,.T.);
#373=FACE_OUTER_BOUND('',#477,.T.);
#374=FACE_OUTER_BOUND('',#478,.T.);
#375=FACE_OUTER_BOUND('',#479,.T.);
#376=FACE_OUTER_BOUND('',#480,.T.);
#377=FACE_OUTER_BOUND('',#481,.T.);
#378=FACE_OUTER_BOUND('',#482,.T.);
#379=FACE_OUTER_BOUND('',#484,.T.);
#380=FACE_OUTER_BOUND('',#485,.T.);
#381=FACE_OUTER_BOUND('',#488,.T.);
#382=FACE_OUTER_BOUND('',#489,.T.);
#383=FACE_OUTER_BOUND('',#490,.T.);
#384=FACE_OUTER_BOUND('',#491,.T.);
#385=FACE_OUTER_BOUND('',#492,.T.);
#386=FACE_OUTER_BOUND('',#500,.T.);
#387=FACE_OUTER_BOUND('',#501,.T.);
#388=FACE_OUTER_BOUND('',#502,.T.);
#389=FACE_OUTER_BOUND('',#503,.T.);
#390=FACE_OUTER_BOUND('',#504,.T.);
#391=FACE_OUTER_BOUND('',#505,.T.);
#392=FACE_OUTER_BOUND('',#506,.T.);
#393=FACE_OUTER_BOUND('',#507,.T.);
#394=FACE_OUTER_BOUND('',#511,.T.);
#395=FACE_OUTER_BOUND('',#512,.T.);
#396=FACE_OUTER_BOUND('',#513,.T.);
#397=FACE_OUTER_BOUND('',#514,.T.);
#398=FACE_OUTER_BOUND('',#515,.T.);
#399=FACE_OUTER_BOUND('',#516,.T.);
#400=FACE_OUTER_BOUND('',#517,.T.);
#401=FACE_OUTER_BOUND('',#518,.T.);
#402=FACE_OUTER_BOUND('',#519,.T.);
#403=FACE_OUTER_BOUND('',#520,.T.);
#404=FACE_OUTER_BOUND('',#521,.T.);
#405=FACE_OUTER_BOUND('',#522,.T.);
#406=FACE_OUTER_BOUND('',#523,.T.);
#407=FACE_OUTER_BOUND('',#524,.T.);
#408=FACE_OUTER_BOUND('',#525,.T.);
#409=FACE_OUTER_BOUND('',#526,.T.);
#410=FACE_OUTER_BOUND('',#527,.T.);
#411=FACE_OUTER_BOUND('',#528,.T.);
#412=FACE_OUTER_BOUND('',#529,.T.);
#413=FACE_OUTER_BOUND('',#530,.T.);
#414=FACE_OUTER_BOUND('',#531,.T.);
#415=FACE_OUTER_BOUND('',#532,.T.);
#416=FACE_OUTER_BOUND('',#533,.T.);
#417=FACE_OUTER_BOUND('',#534,.T.);
#418=FACE_OUTER_BOUND('',#535,.T.);
#419=FACE_OUTER_BOUND('',#536,.T.);
#420=FACE_OUTER_BOUND('',#538,.T.);
#421=FACE_OUTER_BOUND('',#540,.T.);
#422=FACE_OUTER_BOUND('',#542,.T.);
#423=FACE_OUTER_BOUND('',#544,.T.);
#424=EDGE_LOOP('',(#1397,#1398,#1399,#1400,#1401));
#425=EDGE_LOOP('',(#1402,#1403,#1404,#1405,#1406,#1407,#1408,#1409,#1410,
#1411,#1412,#1413,#1414,#1415,#1416,#1417,#1418,#1419,#1420,#1421,#1422,
#1423,#1424,#1425));
#426=EDGE_LOOP('',(#1426));
#427=EDGE_LOOP('',(#1427));
#428=EDGE_LOOP('',(#1428,#1429,#1430,#1431,#1432));
#429=EDGE_LOOP('',(#1433,#1434,#1435,#1436,#1437,#1438,#1439));
#430=EDGE_LOOP('',(#1440,#1441,#1442,#1443,#1444));
#431=EDGE_LOOP('',(#1445,#1446,#1447,#1448,#1449,#1450,#1451));
#432=EDGE_LOOP('',(#1452,#1453,#1454,#1455,#1456));
#433=EDGE_LOOP('',(#1457,#1458,#1459,#1460,#1461));
#434=EDGE_LOOP('',(#1462,#1463,#1464,#1465,#1466));
#435=EDGE_LOOP('',(#1467,#1468,#1469,#1470,#1471));
#436=EDGE_LOOP('',(#1472,#1473,#1474,#1475));
#437=EDGE_LOOP('',(#1476));
#438=EDGE_LOOP('',(#1477));
#439=EDGE_LOOP('',(#1478,#1479,#1480,#1481,#1482,#1483,#1484));
#440=EDGE_LOOP('',(#1485,#1486,#1487,#1488,#1489));
#441=EDGE_LOOP('',(#1490,#1491,#1492,#1493,#1494));
#442=EDGE_LOOP('',(#1495,#1496,#1497,#1498));
#443=EDGE_LOOP('',(#1499,#1500,#1501,#1502));
#444=EDGE_LOOP('',(#1503,#1504,#1505,#1506));
#445=EDGE_LOOP('',(#1507,#1508,#1509,#1510));
#446=EDGE_LOOP('',(#1511,#1512,#1513,#1514));
#447=EDGE_LOOP('',(#1515,#1516,#1517,#1518));
#448=EDGE_LOOP('',(#1519,#1520,#1521,#1522));
#449=EDGE_LOOP('',(#1523,#1524,#1525,#1526));
#450=EDGE_LOOP('',(#1527,#1528,#1529,#1530));
#451=EDGE_LOOP('',(#1531,#1532,#1533,#1534));
#452=EDGE_LOOP('',(#1535,#1536,#1537,#1538));
#453=EDGE_LOOP('',(#1539,#1540,#1541,#1542));
#454=EDGE_LOOP('',(#1543,#1544,#1545,#1546));
#455=EDGE_LOOP('',(#1547,#1548,#1549,#1550));
#456=EDGE_LOOP('',(#1551,#1552,#1553,#1554));
#457=EDGE_LOOP('',(#1555,#1556,#1557,#1558));
#458=EDGE_LOOP('',(#1559,#1560,#1561,#1562));
#459=EDGE_LOOP('',(#1563,#1564,#1565,#1566));
#460=EDGE_LOOP('',(#1567,#1568,#1569,#1570));
#461=EDGE_LOOP('',(#1571,#1572,#1573,#1574));
#462=EDGE_LOOP('',(#1575,#1576,#1577,#1578));
#463=EDGE_LOOP('',(#1579,#1580,#1581,#1582));
#464=EDGE_LOOP('',(#1583,#1584,#1585,#1586));
#465=EDGE_LOOP('',(#1587,#1588,#1589));
#466=EDGE_LOOP('',(#1590,#1591,#1592,#1593,#1594));
#467=EDGE_LOOP('',(#1595,#1596,#1597,#1598,#1599,#1600,#1601));
#468=EDGE_LOOP('',(#1602,#1603,#1604,#1605,#1606,#1607,#1608,#1609,#1610,
#1611,#1612,#1613));
#469=EDGE_LOOP('',(#1614));
#470=EDGE_LOOP('',(#1615,#1616,#1617,#1618));
#471=EDGE_LOOP('',(#1619,#1620,#1621,#1622,#1623,#1624));
#472=EDGE_LOOP('',(#1625,#1626,#1627,#1628));
#473=EDGE_LOOP('',(#1629,#1630,#1631));
#474=EDGE_LOOP('',(#1632,#1633,#1634,#1635));
#475=EDGE_LOOP('',(#1636,#1637,#1638));
#476=EDGE_LOOP('',(#1639,#1640,#1641,#1642));
#477=EDGE_LOOP('',(#1643,#1644,#1645));
#478=EDGE_LOOP('',(#1646,#1647,#1648,#1649));
#479=EDGE_LOOP('',(#1650,#1651,#1652));
#480=EDGE_LOOP('',(#1653,#1654,#1655,#1656));
#481=EDGE_LOOP('',(#1657,#1658,#1659,#1660,#1661,#1662));
#482=EDGE_LOOP('',(#1663,#1664,#1665,#1666,#1667,#1668,#1669));
#483=EDGE_LOOP('',(#1670));
#484=EDGE_LOOP('',(#1671,#1672,#1673,#1674));
#485=EDGE_LOOP('',(#1675,#1676,#1677,#1678,#1679,#1680,#1681,#1682,#1683,
#1684,#1685,#1686,#1687));
#486=EDGE_LOOP('',(#1688,#1689,#1690,#1691));
#487=EDGE_LOOP('',(#1692,#1693,#1694,#1695));
#488=EDGE_LOOP('',(#1696,#1697,#1698,#1699));
#489=EDGE_LOOP('',(#1700,#1701,#1702,#1703,#1704,#1705,#1706,#1707));
#490=EDGE_LOOP('',(#1708,#1709,#1710,#1711));
#491=EDGE_LOOP('',(#1712,#1713,#1714,#1715));
#492=EDGE_LOOP('',(#1716,#1717,#1718,#1719));
#493=EDGE_LOOP('',(#1720));
#494=EDGE_LOOP('',(#1721,#1722,#1723,#1724));
#495=EDGE_LOOP('',(#1725));
#496=EDGE_LOOP('',(#1726));
#497=EDGE_LOOP('',(#1727,#1728,#1729,#1730));
#498=EDGE_LOOP('',(#1731));
#499=EDGE_LOOP('',(#1732));
#500=EDGE_LOOP('',(#1733,#1734,#1735,#1736));
#501=EDGE_LOOP('',(#1737,#1738,#1739,#1740));
#502=EDGE_LOOP('',(#1741,#1742,#1743,#1744));
#503=EDGE_LOOP('',(#1745,#1746,#1747,#1748));
#504=EDGE_LOOP('',(#1749,#1750,#1751,#1752));
#505=EDGE_LOOP('',(#1753,#1754,#1755,#1756));
#506=EDGE_LOOP('',(#1757,#1758,#1759,#1760,#1761));
#507=EDGE_LOOP('',(#1762,#1763,#1764,#1765));
#508=EDGE_LOOP('',(#1766));
#509=EDGE_LOOP('',(#1767));
#510=EDGE_LOOP('',(#1768));
#511=EDGE_LOOP('',(#1769,#1770,#1771,#1772));
#512=EDGE_LOOP('',(#1773,#1774,#1775,#1776,#1777,#1778,#1779,#1780));
#513=EDGE_LOOP('',(#1781,#1782,#1783,#1784));
#514=EDGE_LOOP('',(#1785,#1786,#1787,#1788));
#515=EDGE_LOOP('',(#1789,#1790,#1791,#1792));
#516=EDGE_LOOP('',(#1793,#1794,#1795,#1796));
#517=EDGE_LOOP('',(#1797,#1798,#1799,#1800,#1801));
#518=EDGE_LOOP('',(#1802,#1803,#1804,#1805));
#519=EDGE_LOOP('',(#1806,#1807,#1808,#1809));
#520=EDGE_LOOP('',(#1810,#1811,#1812,#1813));
#521=EDGE_LOOP('',(#1814,#1815,#1816,#1817,#1818));
#522=EDGE_LOOP('',(#1819,#1820,#1821,#1822));
#523=EDGE_LOOP('',(#1823,#1824,#1825,#1826));
#524=EDGE_LOOP('',(#1827,#1828,#1829,#1830));
#525=EDGE_LOOP('',(#1831,#1832,#1833,#1834));
#526=EDGE_LOOP('',(#1835,#1836,#1837,#1838));
#527=EDGE_LOOP('',(#1839,#1840,#1841,#1842));
#528=EDGE_LOOP('',(#1843,#1844,#1845,#1846));
#529=EDGE_LOOP('',(#1847));
#530=EDGE_LOOP('',(#1848,#1849,#1850,#1851));
#531=EDGE_LOOP('',(#1852));
#532=EDGE_LOOP('',(#1853,#1854,#1855,#1856));
#533=EDGE_LOOP('',(#1857));
#534=EDGE_LOOP('',(#1858,#1859,#1860,#1861));
#535=EDGE_LOOP('',(#1862));
#536=EDGE_LOOP('',(#1863));
#537=EDGE_LOOP('',(#1864));
#538=EDGE_LOOP('',(#1865));
#539=EDGE_LOOP('',(#1866));
#540=EDGE_LOOP('',(#1867));
#541=EDGE_LOOP('',(#1868));
#542=EDGE_LOOP('',(#1869));
#543=EDGE_LOOP('',(#1870));
#544=EDGE_LOOP('',(#1871,#1872,#1873,#1874,#1875,#1876,#1877,#1878));
#545=EDGE_LOOP('',(#1879));
#546=EDGE_LOOP('',(#1880));
#547=EDGE_LOOP('',(#1881));
#548=EDGE_LOOP('',(#1882));
#549=EDGE_LOOP('',(#1883,#1884,#1885,#1886,#1887,#1888,#1889,#1890));
#550=LINE('',#2769,#735);
#551=LINE('',#2778,#736);
#552=LINE('',#2780,#737);
#553=LINE('',#2782,#738);
#554=LINE('',#2784,#739);
#555=LINE('',#2786,#740);
#556=LINE('',#2788,#741);
#557=LINE('',#2790,#742);
#558=LINE('',#2792,#743);
#559=LINE('',#2794,#744);
#560=LINE('',#2796,#745);
#561=LINE('',#2798,#746);
#562=LINE('',#2800,#747);
#563=LINE('',#2802,#748);
#564=LINE('',#2804,#749);
#565=LINE('',#2806,#750);
#566=LINE('',#2808,#751);
#567=LINE('',#2810,#752);
#568=LINE('',#2812,#753);
#569=LINE('',#2814,#754);
#570=LINE('',#2816,#755);
#571=LINE('',#2818,#756);
#572=LINE('',#2821,#757);
#573=LINE('',#2827,#758);
#574=LINE('',#2837,#759);
#575=LINE('',#2844,#760);
#576=LINE('',#2854,#761);
#577=LINE('',#2861,#762);
#578=LINE('',#2864,#763);
#579=LINE('',#2871,#764);
#580=LINE('',#2876,#765);
#581=LINE('',#2883,#766);
#582=LINE('',#2885,#767);
#583=LINE('',#2887,#768);
#584=LINE('',#2888,#769);
#585=LINE('',#2893,#770);
#586=LINE('',#2901,#771);
#587=LINE('',#2907,#772);
#588=LINE('',#2912,#773);
#589=LINE('',#2914,#774);
#590=LINE('',#2916,#775);
#591=LINE('',#2917,#776);
#592=LINE('',#2920,#777);
#593=LINE('',#2922,#778);
#594=LINE('',#2923,#779);
#595=LINE('',#2926,#780);
#596=LINE('',#2928,#781);
#597=LINE('',#2929,#782);
#598=LINE('',#2931,#783);
#599=LINE('',#2932,#784);
#600=LINE('',#2935,#785);
#601=LINE('',#2937,#786);
#602=LINE('',#2938,#787);
#603=LINE('',#2941,#788);
#604=LINE('',#2942,#789);
#605=LINE('',#2946,#790);
#606=LINE('',#2948,#791);
#607=LINE('',#2950,#792);
#608=LINE('',#2951,#793);
#609=LINE('',#2955,#794);
#610=LINE('',#2957,#795);
#611=LINE('',#2959,#796);
#612=LINE('',#2960,#797);
#613=LINE('',#2963,#798);
#614=LINE('',#2965,#799);
#615=LINE('',#2966,#800);
#616=LINE('',#2969,#801);
#617=LINE('',#2971,#802);
#618=LINE('',#2972,#803);
#619=LINE('',#2974,#804);
#620=LINE('',#2975,#805);
#621=LINE('',#2978,#806);
#622=LINE('',#2980,#807);
#623=LINE('',#2981,#808);
#624=LINE('',#2984,#809);
#625=LINE('',#2985,#810);
#626=LINE('',#2989,#811);
#627=LINE('',#2991,#812);
#628=LINE('',#2993,#813);
#629=LINE('',#2994,#814);
#630=LINE('',#2997,#815);
#631=LINE('',#2999,#816);
#632=LINE('',#3001,#817);
#633=LINE('',#3002,#818);
#634=LINE('',#3005,#819);
#635=LINE('',#3007,#820);
#636=LINE('',#3008,#821);
#637=LINE('',#3011,#822);
#638=LINE('',#3012,#823);
#639=LINE('',#3015,#824);
#640=LINE('',#3016,#825);
#641=LINE('',#3018,#826);
#642=LINE('',#3021,#827);
#643=LINE('',#3023,#828);
#644=LINE('',#3024,#829);
#645=LINE('',#3027,#830);
#646=LINE('',#3028,#831);
#647=LINE('',#3034,#832);
#648=LINE('',#3035,#833);
#649=LINE('',#3040,#834);
#650=LINE('',#3043,#835);
#651=LINE('',#3046,#836);
#652=LINE('',#3050,#837);
#653=LINE('',#3051,#838);
#654=LINE('',#3054,#839);
#655=LINE('',#3055,#840);
#656=LINE('',#3057,#841);
#657=LINE('',#3059,#842);
#658=LINE('',#3060,#843);
#659=LINE('',#3062,#844);
#660=LINE('',#3064,#845);
#661=LINE('',#3066,#846);
#662=LINE('',#3067,#847);
#663=LINE('',#3074,#848);
#664=LINE('',#3078,#849);
#665=LINE('',#3079,#850);
#666=LINE('',#3081,#851);
#667=LINE('',#3082,#852);
#668=LINE('',#3084,#853);
#669=LINE('',#3085,#854);
#670=LINE('',#3090,#855);
#671=LINE('',#3094,#856);
#672=LINE('',#3099,#857);
#673=LINE('',#3103,#858);
#674=LINE('',#3108,#859);
#675=LINE('',#3112,#860);
#676=LINE('',#3117,#861);
#677=LINE('',#3121,#862);
#678=LINE('',#3124,#863);
#679=LINE('',#3125,#864);
#680=LINE('',#3126,#865);
#681=LINE('',#3129,#866);
#682=LINE('',#3130,#867);
#683=LINE('',#3133,#868);
#684=LINE('',#3134,#869);
#685=LINE('',#3136,#870);
#686=LINE('',#3138,#871);
#687=LINE('',#3139,#872);
#688=LINE('',#3141,#873);
#689=LINE('',#3142,#874);
#690=LINE('',#3144,#875);
#691=LINE('',#3145,#876);
#692=LINE('',#3147,#877);
#693=LINE('',#3149,#878);
#694=LINE('',#3151,#879);
#695=LINE('',#3152,#880);
#696=LINE('',#3154,#881);
#697=LINE('',#3157,#882);
#698=LINE('',#3158,#883);
#699=LINE('',#3161,#884);
#700=LINE('',#3162,#885);
#701=LINE('',#3167,#886);
#702=LINE('',#3168,#887);
#703=LINE('',#3169,#888);
#704=LINE('',#3175,#889);
#705=LINE('',#3177,#890);
#706=LINE('',#3178,#891);
#707=LINE('',#3184,#892);
#708=LINE('',#3187,#893);
#709=LINE('',#3189,#894);
#710=LINE('',#3190,#895);
#711=LINE('',#3193,#896);
#712=LINE('',#3195,#897);
#713=LINE('',#3196,#898);
#714=LINE('',#3198,#899);
#715=LINE('',#3200,#900);
#716=LINE('',#3203,#901);
#717=LINE('',#3204,#902);
#718=LINE('',#3206,#903);
#719=LINE('',#3215,#904);
#720=LINE('',#3217,#905);
#721=LINE('',#3219,#906);
#722=LINE('',#3221,#907);
#723=LINE('',#3223,#908);
#724=LINE('',#3225,#909);
#725=LINE('',#3228,#910);
#726=LINE('',#3230,#911);
#727=LINE('',#3233,#912);
#728=LINE('',#3235,#913);
#729=LINE('',#3238,#914);
#730=LINE('',#3241,#915);
#731=LINE('',#3247,#916);
#732=LINE('',#3254,#917);
#733=LINE('',#3261,#918);
#734=LINE('',#3268,#919);
#735=VECTOR('',#2211,5.);
#736=VECTOR('',#2220,10.);
#737=VECTOR('',#2221,10.);
#738=VECTOR('',#2222,10.);
#739=VECTOR('',#2223,10.);
#740=VECTOR('',#2224,10.);
#741=VECTOR('',#2225,10.);
#742=VECTOR('',#2226,10.);
#743=VECTOR('',#2227,10.);
#744=VECTOR('',#2228,10.);
#745=VECTOR('',#2229,10.);
#746=VECTOR('',#2230,10.);
#747=VECTOR('',#2231,10.);
#748=VECTOR('',#2232,10.);
#749=VECTOR('',#2233,10.);
#750=VECTOR('',#2234,10.);
#751=VECTOR('',#2235,10.);
#752=VECTOR('',#2236,10.);
#753=VECTOR('',#2237,10.);
#754=VECTOR('',#2238,10.);
#755=VECTOR('',#2239,10.);
#756=VECTOR('',#2240,10.);
#757=VECTOR('',#2243,10.);
#758=VECTOR('',#2250,4.);
#759=VECTOR('',#2253,5.);
#760=VECTOR('',#2262,4.);
#761=VECTOR('',#2265,5.);
#762=VECTOR('',#2274,4.);
#763=VECTOR('',#2277,5.);
#764=VECTOR('',#2286,4.);
#765=VECTOR('',#2291,3.);
#766=VECTOR('',#2298,10.);
#767=VECTOR('',#2299,10.);
#768=VECTOR('',#2300,10.);
#769=VECTOR('',#2301,10.);
#770=VECTOR('',#2306,2.5);
#771=VECTOR('',#2315,3.);
#772=VECTOR('',#2322,2.5);
#773=VECTOR('',#2327,10.);
#774=VECTOR('',#2328,10.);
#775=VECTOR('',#2329,10.);
#776=VECTOR('',#2330,10.);
#777=VECTOR('',#2333,10.);
#778=VECTOR('',#2334,10.);
#779=VECTOR('',#2335,10.);
#780=VECTOR('',#2338,10.);
#781=VECTOR('',#2339,10.);
#782=VECTOR('',#2340,10.);
#783=VECTOR('',#2343,10.);
#784=VECTOR('',#2344,10.);
#785=VECTOR('',#2347,10.);
#786=VECTOR('',#2348,10.);
#787=VECTOR('',#2349,10.);
#788=VECTOR('',#2352,10.);
#789=VECTOR('',#2353,10.);
#790=VECTOR('',#2356,10.);
#791=VECTOR('',#2357,10.);
#792=VECTOR('',#2358,10.);
#793=VECTOR('',#2359,10.);
#794=VECTOR('',#2362,10.);
#795=VECTOR('',#2363,10.);
#796=VECTOR('',#2364,10.);
#797=VECTOR('',#2365,10.);
#798=VECTOR('',#2368,10.);
#799=VECTOR('',#2369,10.);
#800=VECTOR('',#2370,10.);
#801=VECTOR('',#2373,10.);
#802=VECTOR('',#2374,10.);
#803=VECTOR('',#2375,10.);
#804=VECTOR('',#2378,10.);
#805=VECTOR('',#2379,10.);
#806=VECTOR('',#2382,10.);
#807=VECTOR('',#2383,10.);
#808=VECTOR('',#2384,10.);
#809=VECTOR('',#2387,10.);
#810=VECTOR('',#2388,10.);
#811=VECTOR('',#2391,10.);
#812=VECTOR('',#2392,10.);
#813=VECTOR('',#2393,10.);
#814=VECTOR('',#2394,10.);
#815=VECTOR('',#2395,10.);
#816=VECTOR('',#2396,10.);
#817=VECTOR('',#2397,10.);
#818=VECTOR('',#2398,10.);
#819=VECTOR('',#2401,10.);
#820=VECTOR('',#2402,10.);
#821=VECTOR('',#2403,10.);
#822=VECTOR('',#2406,10.);
#823=VECTOR('',#2407,10.);
#824=VECTOR('',#2410,10.);
#825=VECTOR('',#2411,10.);
#826=VECTOR('',#2414,10.);
#827=VECTOR('',#2417,10.);
#828=VECTOR('',#2418,10.);
#829=VECTOR('',#2419,10.);
#830=VECTOR('',#2422,10.);
#831=VECTOR('',#2423,10.);
#832=VECTOR('',#2428,10.);
#833=VECTOR('',#2429,10.);
#834=VECTOR('',#2434,10.);
#835=VECTOR('',#2437,10.);
#836=VECTOR('',#2440,10.);
#837=VECTOR('',#2445,10.);
#838=VECTOR('',#2446,10.);
#839=VECTOR('',#2449,10.);
#840=VECTOR('',#2450,10.);
#841=VECTOR('',#2451,10.);
#842=VECTOR('',#2452,10.);
#843=VECTOR('',#2453,10.);
#844=VECTOR('',#2454,10.);
#845=VECTOR('',#2455,10.);
#846=VECTOR('',#2456,10.);
#847=VECTOR('',#2457,10.);
#848=VECTOR('',#2464,10.);
#849=VECTOR('',#2469,10.);
#850=VECTOR('',#2470,10.);
#851=VECTOR('',#2471,10.);
#852=VECTOR('',#2472,10.);
#853=VECTOR('',#2473,10.);
#854=VECTOR('',#2474,10.);
#855=VECTOR('',#2479,1.);
#856=VECTOR('',#2484,2.);
#857=VECTOR('',#2489,1.);
#858=VECTOR('',#2494,2.);
#859=VECTOR('',#2499,1.);
#860=VECTOR('',#2504,2.);
#861=VECTOR('',#2509,1.);
#862=VECTOR('',#2514,2.);
#863=VECTOR('',#2517,10.);
#864=VECTOR('',#2518,10.);
#865=VECTOR('',#2519,10.);
#866=VECTOR('',#2522,10.);
#867=VECTOR('',#2523,10.);
#868=VECTOR('',#2526,10.);
#869=VECTOR('',#2527,10.);
#870=VECTOR('',#2530,10.);
#871=VECTOR('',#2531,10.);
#872=VECTOR('',#2532,10.);
#873=VECTOR('',#2533,10.);
#874=VECTOR('',#2534,10.);
#875=VECTOR('',#2537,10.);
#876=VECTOR('',#2538,10.);
#877=VECTOR('',#2541,10.);
#878=VECTOR('',#2542,10.);
#879=VECTOR('',#2543,10.);
#880=VECTOR('',#2544,10.);
#881=VECTOR('',#2547,10.);
#882=VECTOR('',#2550,10.);
#883=VECTOR('',#2551,10.);
#884=VECTOR('',#2554,10.);
#885=VECTOR('',#2555,10.);
#886=VECTOR('',#2558,10.);
#887=VECTOR('',#2559,10.);
#888=VECTOR('',#2560,10.);
#889=VECTOR('',#2565,10.);
#890=VECTOR('',#2566,10.);
#891=VECTOR('',#2567,10.);
#892=VECTOR('',#2574,10.);
#893=VECTOR('',#2577,10.);
#894=VECTOR('',#2578,10.);
#895=VECTOR('',#2579,10.);
#896=VECTOR('',#2582,10.);
#897=VECTOR('',#2583,10.);
#898=VECTOR('',#2584,10.);
#899=VECTOR('',#2587,10.);
#900=VECTOR('',#2590,10.);
#901=VECTOR('',#2593,10.);
#902=VECTOR('',#2594,10.);
#903=VECTOR('',#2597,10.);
#904=VECTOR('',#2608,10.);
#905=VECTOR('',#2611,10.);
#906=VECTOR('',#2614,6.5);
#907=VECTOR('',#2617,1.25);
#908=VECTOR('',#2620,10.);
#909=VECTOR('',#2623,10.);
#910=VECTOR('',#2628,2.);
#911=VECTOR('',#2631,1.25);
#912=VECTOR('',#2636,2.);
#913=VECTOR('',#2639,10.);
#914=VECTOR('',#2644,10.);
#915=VECTOR('',#2649,10.);
#916=VECTOR('',#2656,2.);
#917=VECTOR('',#2665,2.);
#918=VECTOR('',#2674,2.);
#919=VECTOR('',#2683,2.);
#920=CIRCLE('',#2020,6.);
#921=CIRCLE('',#2021,4.);
#922=CIRCLE('',#2022,4.);
#923=CIRCLE('',#2024,6.);
#924=CIRCLE('',#2025,6.);
#925=CIRCLE('',#2026,6.);
#926=CIRCLE('',#2028,4.);
#927=CIRCLE('',#2030,4.);
#928=CIRCLE('',#2031,4.);
#929=CIRCLE('',#2033,4.);
#930=CIRCLE('',#2035,4.);
#931=CIRCLE('',#2036,4.);
#932=CIRCLE('',#2038,4.);
#933=CIRCLE('',#2040,4.);
#934=CIRCLE('',#2041,4.);
#935=CIRCLE('',#2043,4.);
#936=CIRCLE('',#2045,3.5);
#937=CIRCLE('',#2046,2.5);
#938=CIRCLE('',#2047,2.5);
#939=CIRCLE('',#2049,3.5);
#940=CIRCLE('',#2051,2.5);
#941=CIRCLE('',#2053,2.5);
#942=CIRCLE('',#2055,2.5);
#943=CIRCLE('',#2056,2.5);
#944=CIRCLE('',#2058,2.5);
#945=CIRCLE('',#2080,5.);
#946=CIRCLE('',#2082,5.);
#947=CIRCLE('',#2083,5.);
#948=CIRCLE('',#2085,2.);
#949=CIRCLE('',#2086,2.);
#950=CIRCLE('',#2088,2.);
#951=CIRCLE('',#2090,5.);
#952=CIRCLE('',#2091,5.);
#953=CIRCLE('',#2094,2.);
#954=CIRCLE('',#2096,2.);
#955=CIRCLE('',#2098,2.);
#956=CIRCLE('',#2100,2.);
#957=CIRCLE('',#2102,2.);
#958=CIRCLE('',#2104,2.);
#959=CIRCLE('',#2106,2.);
#960=CIRCLE('',#2108,2.);
#961=CIRCLE('',#2118,2.);
#962=CIRCLE('',#2119,1.25);
#963=CIRCLE('',#2120,2.);
#964=CIRCLE('',#2121,1.25);
#965=CIRCLE('',#2122,6.5);
#966=CIRCLE('',#2131,1.25);
#967=CIRCLE('',#2132,1.25);
#968=CIRCLE('',#2133,6.5);
#969=CIRCLE('',#2152,2.);
#970=CIRCLE('',#2153,2.);
#971=CIRCLE('',#2156,2.);
#972=CIRCLE('',#2157,2.);
#973=CIRCLE('',#2160,2.);
#974=CIRCLE('',#2161,2.);
#975=CIRCLE('',#2164,2.);
#976=CIRCLE('',#2165,2.);
#977=CIRCLE('',#2172,4.);
#978=CIRCLE('',#2173,4.);
#979=CIRCLE('',#2174,4.);
#980=CIRCLE('',#2175,4.);
#981=CIRCLE('',#2176,2.5);
#982=CIRCLE('',#2177,2.5);
#983=CIRCLE('',#2178,2.);
#984=CIRCLE('',#2179,2.);
#985=CIRCLE('',#2180,6.5);
#986=CIRCLE('',#2181,1.25);
#987=CIRCLE('',#2182,1.25);
#988=CIRCLE('',#2183,6.5);
#989=VERTEX_POINT('',#2766);
#990=VERTEX_POINT('',#2768);
#991=VERTEX_POINT('',#2770);
#992=VERTEX_POINT('',#2774);
#993=VERTEX_POINT('',#2775);
#994=VERTEX_POINT('',#2777);
#995=VERTEX_POINT('',#2779);
#996=VERTEX_POINT('',#2781);
#997=VERTEX_POINT('',#2783);
#998=VERTEX_POINT('',#2785);
#999=VERTEX_POINT('',#2787);
#1000=VERTEX_POINT('',#2789);
#1001=VERTEX_POINT('',#2791);
#1002=VERTEX_POINT('',#2793);
#1003=VERTEX_POINT('',#2795);
#1004=VERTEX_POINT('',#2797);
#1005=VERTEX_POINT('',#2799);
#1006=VERTEX_POINT('',#2801);
#1007=VERTEX_POINT('',#2803);
#1008=VERTEX_POINT('',#2805);
#1009=VERTEX_POINT('',#2807);
#1010=VERTEX_POINT('',#2809);
#1011=VERTEX_POINT('',#2811);
#1012=VERTEX_POINT('',#2813);
#1013=VERTEX_POINT('',#2815);
#1014=VERTEX_POINT('',#2817);
#1015=VERTEX_POINT('',#2819);
#1016=VERTEX_POINT('',#2822);
#1017=VERTEX_POINT('',#2825);
#1018=VERTEX_POINT('',#2829);
#1019=VERTEX_POINT('',#2836);
#1020=VERTEX_POINT('',#2838);
#1021=VERTEX_POINT('',#2842);
#1022=VERTEX_POINT('',#2846);
#1023=VERTEX_POINT('',#2853);
#1024=VERTEX_POINT('',#2855);
#1025=VERTEX_POINT('',#2859);
#1026=VERTEX_POINT('',#2863);
#1027=VERTEX_POINT('',#2865);
#1028=VERTEX_POINT('',#2869);
#1029=VERTEX_POINT('',#2873);
#1030=VERTEX_POINT('',#2875);
#1031=VERTEX_POINT('',#2877);
#1032=VERTEX_POINT('',#2881);
#1033=VERTEX_POINT('',#2882);
#1034=VERTEX_POINT('',#2884);
#1035=VERTEX_POINT('',#2886);
#1036=VERTEX_POINT('',#2889);
#1037=VERTEX_POINT('',#2892);
#1038=VERTEX_POINT('',#2894);
#1039=VERTEX_POINT('',#2896);
#1040=VERTEX_POINT('',#2900);
#1041=VERTEX_POINT('',#2902);
#1042=VERTEX_POINT('',#2906);
#1043=VERTEX_POINT('',#2910);
#1044=VERTEX_POINT('',#2911);
#1045=VERTEX_POINT('',#2913);
#1046=VERTEX_POINT('',#2915);
#1047=VERTEX_POINT('',#2919);
#1048=VERTEX_POINT('',#2921);
#1049=VERTEX_POINT('',#2925);
#1050=VERTEX_POINT('',#2927);
#1051=VERTEX_POINT('',#2934);
#1052=VERTEX_POINT('',#2936);
#1053=VERTEX_POINT('',#2940);
#1054=VERTEX_POINT('',#2944);
#1055=VERTEX_POINT('',#2945);
#1056=VERTEX_POINT('',#2947);
#1057=VERTEX_POINT('',#2949);
#1058=VERTEX_POINT('',#2953);
#1059=VERTEX_POINT('',#2954);
#1060=VERTEX_POINT('',#2956);
#1061=VERTEX_POINT('',#2958);
#1062=VERTEX_POINT('',#2962);
#1063=VERTEX_POINT('',#2964);
#1064=VERTEX_POINT('',#2968);
#1065=VERTEX_POINT('',#2970);
#1066=VERTEX_POINT('',#2977);
#1067=VERTEX_POINT('',#2979);
#1068=VERTEX_POINT('',#2983);
#1069=VERTEX_POINT('',#2987);
#1070=VERTEX_POINT('',#2988);
#1071=VERTEX_POINT('',#2990);
#1072=VERTEX_POINT('',#2992);
#1073=VERTEX_POINT('',#2995);
#1074=VERTEX_POINT('',#2996);
#1075=VERTEX_POINT('',#2998);
#1076=VERTEX_POINT('',#3000);
#1077=VERTEX_POINT('',#3004);
#1078=VERTEX_POINT('',#3006);
#1079=VERTEX_POINT('',#3010);
#1080=VERTEX_POINT('',#3014);
#1081=VERTEX_POINT('',#3020);
#1082=VERTEX_POINT('',#3022);
#1083=VERTEX_POINT('',#3026);
#1084=VERTEX_POINT('',#3030);
#1085=VERTEX_POINT('',#3031);
#1086=VERTEX_POINT('',#3033);
#1087=VERTEX_POINT('',#3037);
#1088=VERTEX_POINT('',#3039);
#1089=VERTEX_POINT('',#3041);
#1090=VERTEX_POINT('',#3045);
#1091=VERTEX_POINT('',#3047);
#1092=VERTEX_POINT('',#3053);
#1093=VERTEX_POINT('',#3056);
#1094=VERTEX_POINT('',#3058);
#1095=VERTEX_POINT('',#3061);
#1096=VERTEX_POINT('',#3063);
#1097=VERTEX_POINT('',#3065);
#1098=VERTEX_POINT('',#3068);
#1099=VERTEX_POINT('',#3071);
#1100=VERTEX_POINT('',#3073);
#1101=VERTEX_POINT('',#3077);
#1102=VERTEX_POINT('',#3080);
#1103=VERTEX_POINT('',#3083);
#1104=VERTEX_POINT('',#3087);
#1105=VERTEX_POINT('',#3089);
#1106=VERTEX_POINT('',#3092);
#1107=VERTEX_POINT('',#3096);
#1108=VERTEX_POINT('',#3098);
#1109=VERTEX_POINT('',#3101);
#1110=VERTEX_POINT('',#3105);
#1111=VERTEX_POINT('',#3107);
#1112=VERTEX_POINT('',#3110);
#1113=VERTEX_POINT('',#3114);
#1114=VERTEX_POINT('',#3116);
#1115=VERTEX_POINT('',#3119);
#1116=VERTEX_POINT('',#3123);
#1117=VERTEX_POINT('',#3128);
#1118=VERTEX_POINT('',#3132);
#1119=VERTEX_POINT('',#3137);
#1120=VERTEX_POINT('',#3140);
#1121=VERTEX_POINT('',#3148);
#1122=VERTEX_POINT('',#3150);
#1123=VERTEX_POINT('',#3156);
#1124=VERTEX_POINT('',#3160);
#1125=VERTEX_POINT('',#3163);
#1126=VERTEX_POINT('',#3165);
#1127=VERTEX_POINT('',#3166);
#1128=VERTEX_POINT('',#3170);
#1129=VERTEX_POINT('',#3172);
#1130=VERTEX_POINT('',#3174);
#1131=VERTEX_POINT('',#3176);
#1132=VERTEX_POINT('',#3179);
#1133=VERTEX_POINT('',#3181);
#1134=VERTEX_POINT('',#3186);
#1135=VERTEX_POINT('',#3188);
#1136=VERTEX_POINT('',#3192);
#1137=VERTEX_POINT('',#3194);
#1138=VERTEX_POINT('',#3202);
#1139=VERTEX_POINT('',#3208);
#1140=VERTEX_POINT('',#3210);
#1141=VERTEX_POINT('',#3212);
#1142=VERTEX_POINT('',#3244);
#1143=VERTEX_POINT('',#3246);
#1144=VERTEX_POINT('',#3251);
#1145=VERTEX_POINT('',#3253);
#1146=VERTEX_POINT('',#3258);
#1147=VERTEX_POINT('',#3260);
#1148=VERTEX_POINT('',#3265);
#1149=VERTEX_POINT('',#3267);
#1150=EDGE_CURVE('',#989,#989,#920,.T.);
#1151=EDGE_CURVE('',#989,#990,#550,.T.);
#1152=EDGE_CURVE('',#990,#991,#921,.T.);
#1153=EDGE_CURVE('',#991,#990,#922,.T.);
#1154=EDGE_CURVE('',#992,#993,#923,.T.);
#1155=EDGE_CURVE('',#994,#992,#551,.T.);
#1156=EDGE_CURVE('',#994,#995,#552,.T.);
#1157=EDGE_CURVE('',#996,#995,#553,.T.);
#1158=EDGE_CURVE('',#996,#997,#554,.T.);
#1159=EDGE_CURVE('',#997,#998,#555,.T.);
#1160=EDGE_CURVE('',#998,#999,#556,.T.);
#1161=EDGE_CURVE('',#1000,#999,#557,.T.);
#1162=EDGE_CURVE('',#1001,#1000,#558,.T.);
#1163=EDGE_CURVE('',#1001,#1002,#559,.T.);
#1164=EDGE_CURVE('',#1002,#1003,#560,.T.);
#1165=EDGE_CURVE('',#1004,#1003,#561,.T.);
#1166=EDGE_CURVE('',#1005,#1004,#562,.T.);
#1167=EDGE_CURVE('',#1005,#1006,#563,.T.);
#1168=EDGE_CURVE('',#1006,#1007,#564,.T.);
#1169=EDGE_CURVE('',#1008,#1007,#565,.T.);
#1170=EDGE_CURVE('',#1009,#1008,#566,.T.);
#1171=EDGE_CURVE('',#1010,#1009,#567,.T.);
#1172=EDGE_CURVE('',#1011,#1010,#568,.T.);
#1173=EDGE_CURVE('',#1011,#1012,#569,.T.);
#1174=EDGE_CURVE('',#1013,#1012,#570,.T.);
#1175=EDGE_CURVE('',#1014,#1013,#571,.T.);
#1176=EDGE_CURVE('',#1015,#1014,#924,.T.);
#1177=EDGE_CURVE('',#993,#1015,#572,.T.);
#1178=EDGE_CURVE('',#1016,#1016,#925,.T.);
#1179=EDGE_CURVE('',#1017,#1017,#926,.T.);
#1180=EDGE_CURVE('',#1017,#991,#573,.T.);
#1181=EDGE_CURVE('',#992,#1018,#209,.T.);
#1182=EDGE_CURVE('',#1018,#993,#210,.T.);
#1183=EDGE_CURVE('',#1018,#1019,#574,.T.);
#1184=EDGE_CURVE('',#1019,#1020,#927,.T.);
#1185=EDGE_CURVE('',#1020,#1019,#928,.T.);
#1186=EDGE_CURVE('',#1021,#1021,#929,.T.);
#1187=EDGE_CURVE('',#1021,#1020,#575,.T.);
#1188=EDGE_CURVE('',#1015,#1022,#211,.T.);
#1189=EDGE_CURVE('',#1022,#1014,#212,.T.);
#1190=EDGE_CURVE('',#1022,#1023,#576,.T.);
#1191=EDGE_CURVE('',#1023,#1024,#930,.T.);
#1192=EDGE_CURVE('',#1024,#1023,#931,.T.);
#1193=EDGE_CURVE('',#1025,#1025,#932,.T.);
#1194=EDGE_CURVE('',#1025,#1024,#577,.T.);
#1195=EDGE_CURVE('',#1016,#1026,#578,.T.);
#1196=EDGE_CURVE('',#1026,#1027,#933,.T.);
#1197=EDGE_CURVE('',#1027,#1026,#934,.T.);
#1198=EDGE_CURVE('',#1028,#1028,#935,.T.);
#1199=EDGE_CURVE('',#1028,#1027,#579,.T.);
#1200=EDGE_CURVE('',#1029,#1029,#936,.T.);
#1201=EDGE_CURVE('',#1029,#1030,#580,.T.);
#1202=EDGE_CURVE('',#1030,#1031,#937,.T.);
#1203=EDGE_CURVE('',#1031,#1030,#938,.T.);
#1204=EDGE_CURVE('',#1032,#1033,#581,.T.);
#1205=EDGE_CURVE('',#1034,#1032,#582,.T.);
#1206=EDGE_CURVE('',#1035,#1034,#583,.T.);
#1207=EDGE_CURVE('',#1033,#1035,#584,.T.);
#1208=EDGE_CURVE('',#1036,#1036,#939,.T.);
#1209=EDGE_CURVE('',#1031,#1037,#585,.T.);
#1210=EDGE_CURVE('',#1038,#1037,#940,.T.);
#1211=EDGE_CURVE('',#1038,#1039,#208,.F.);
#1212=EDGE_CURVE('',#1037,#1039,#941,.T.);
#1213=EDGE_CURVE('',#1036,#1040,#586,.T.);
#1214=EDGE_CURVE('',#1040,#1041,#942,.T.);
#1215=EDGE_CURVE('',#1041,#1040,#943,.T.);
#1216=EDGE_CURVE('',#1041,#1042,#587,.T.);
#1217=EDGE_CURVE('',#1042,#1042,#944,.T.);
#1218=EDGE_CURVE('',#1043,#1044,#588,.T.);
#1219=EDGE_CURVE('',#1044,#1045,#589,.T.);
#1220=EDGE_CURVE('',#1045,#1046,#590,.T.);
#1221=EDGE_CURVE('',#1046,#1043,#591,.T.);
#1222=EDGE_CURVE('',#1044,#1047,#592,.T.);
#1223=EDGE_CURVE('',#1047,#1048,#593,.T.);
#1224=EDGE_CURVE('',#1048,#1045,#594,.T.);
#1225=EDGE_CURVE('',#1049,#1048,#595,.T.);
#1226=EDGE_CURVE('',#1047,#1050,#596,.T.);
#1227=EDGE_CURVE('',#1050,#1049,#597,.T.);
#1228=EDGE_CURVE('',#1050,#1043,#598,.T.);
#1229=EDGE_CURVE('',#1046,#1049,#599,.T.);
#1230=EDGE_CURVE('',#1046,#1051,#600,.T.);
#1231=EDGE_CURVE('',#1052,#1051,#601,.T.);
#1232=EDGE_CURVE('',#1049,#1052,#602,.T.);
#1233=EDGE_CURVE('',#1045,#1053,#603,.T.);
#1234=EDGE_CURVE('',#1051,#1053,#604,.T.);
#1235=EDGE_CURVE('',#1054,#1055,#605,.T.);
#1236=EDGE_CURVE('',#1056,#1054,#606,.T.);
#1237=EDGE_CURVE('',#1057,#1056,#607,.T.);
#1238=EDGE_CURVE('',#1055,#1057,#608,.T.);
#1239=EDGE_CURVE('',#1058,#1059,#609,.T.);
#1240=EDGE_CURVE('',#1059,#1060,#610,.T.);
#1241=EDGE_CURVE('',#1060,#1061,#611,.T.);
#1242=EDGE_CURVE('',#1061,#1058,#612,.T.);
#1243=EDGE_CURVE('',#1061,#1062,#613,.T.);
#1244=EDGE_CURVE('',#1062,#1063,#614,.T.);
#1245=EDGE_CURVE('',#1063,#1058,#615,.T.);
#1246=EDGE_CURVE('',#1064,#1063,#616,.T.);
#1247=EDGE_CURVE('',#1062,#1065,#617,.T.);
#1248=EDGE_CURVE('',#1065,#1064,#618,.T.);
#1249=EDGE_CURVE('',#1059,#1064,#619,.T.);
#1250=EDGE_CURVE('',#1065,#1060,#620,.T.);
#1251=EDGE_CURVE('',#1061,#1066,#621,.T.);
#1252=EDGE_CURVE('',#1067,#1066,#622,.T.);
#1253=EDGE_CURVE('',#1062,#1067,#623,.T.);
#1254=EDGE_CURVE('',#1060,#1068,#624,.T.);
#1255=EDGE_CURVE('',#1066,#1068,#625,.T.);
#1256=EDGE_CURVE('',#1069,#1070,#626,.T.);
#1257=EDGE_CURVE('',#1071,#1069,#627,.T.);
#1258=EDGE_CURVE('',#1072,#1071,#628,.T.);
#1259=EDGE_CURVE('',#1070,#1072,#629,.T.);
#1260=EDGE_CURVE('',#1073,#1074,#630,.T.);
#1261=EDGE_CURVE('',#1075,#1073,#631,.T.);
#1262=EDGE_CURVE('',#1076,#1075,#632,.T.);
#1263=EDGE_CURVE('',#1074,#1076,#633,.T.);
#1264=EDGE_CURVE('',#1074,#1077,#634,.T.);
#1265=EDGE_CURVE('',#1077,#1078,#635,.T.);
#1266=EDGE_CURVE('',#1078,#1073,#636,.T.);
#1267=EDGE_CURVE('',#1076,#1079,#637,.T.);
#1268=EDGE_CURVE('',#1079,#1077,#638,.T.);
#1269=EDGE_CURVE('',#1080,#1079,#639,.T.);
#1270=EDGE_CURVE('',#1075,#1080,#640,.T.);
#1271=EDGE_CURVE('',#1078,#1080,#641,.T.);
#1272=EDGE_CURVE('',#1078,#1081,#642,.T.);
#1273=EDGE_CURVE('',#1082,#1081,#643,.T.);
#1274=EDGE_CURVE('',#1080,#1082,#644,.T.);
#1275=EDGE_CURVE('',#1077,#1083,#645,.T.);
#1276=EDGE_CURVE('',#1081,#1083,#646,.T.);
#1277=EDGE_CURVE('',#1084,#1085,#945,.T.);
#1278=EDGE_CURVE('',#1086,#1084,#647,.T.);
#1279=EDGE_CURVE('',#1085,#1086,#648,.T.);
#1280=EDGE_CURVE('',#1087,#1085,#946,.F.);
#1281=EDGE_CURVE('',#1087,#1088,#649,.T.);
#1282=EDGE_CURVE('',#1088,#1089,#947,.T.);
#1283=EDGE_CURVE('',#1089,#1084,#650,.T.);
#1284=EDGE_CURVE('',#1090,#1086,#651,.T.);
#1285=EDGE_CURVE('',#1090,#1091,#948,.T.);
#1286=EDGE_CURVE('',#1091,#1090,#949,.T.);
#1287=EDGE_CURVE('',#1013,#1090,#652,.T.);
#1288=EDGE_CURVE('',#1012,#1085,#653,.T.);
#1289=EDGE_CURVE('',#1087,#1092,#654,.T.);
#1290=EDGE_CURVE('',#1092,#1009,#655,.T.);
#1291=EDGE_CURVE('',#1008,#1093,#656,.T.);
#1292=EDGE_CURVE('',#1093,#1094,#657,.T.);
#1293=EDGE_CURVE('',#1094,#1001,#658,.T.);
#1294=EDGE_CURVE('',#1000,#1095,#659,.T.);
#1295=EDGE_CURVE('',#1095,#1096,#660,.T.);
#1296=EDGE_CURVE('',#1097,#1096,#661,.T.);
#1297=EDGE_CURVE('',#1088,#1097,#662,.T.);
#1298=EDGE_CURVE('',#1098,#1098,#950,.T.);
#1299=EDGE_CURVE('',#1096,#1099,#951,.T.);
#1300=EDGE_CURVE('',#1099,#1100,#663,.T.);
#1301=EDGE_CURVE('',#1100,#1097,#952,.T.);
#1302=EDGE_CURVE('',#1099,#1101,#664,.T.);
#1303=EDGE_CURVE('',#1101,#998,#665,.T.);
#1304=EDGE_CURVE('',#1102,#997,#666,.T.);
#1305=EDGE_CURVE('',#1100,#1102,#667,.T.);
#1306=EDGE_CURVE('',#1053,#1103,#668,.T.);
#1307=EDGE_CURVE('',#1103,#1052,#669,.T.);
#1308=EDGE_CURVE('',#1104,#1104,#953,.T.);
#1309=EDGE_CURVE('',#1104,#1105,#670,.T.);
#1310=EDGE_CURVE('',#1106,#1106,#954,.T.);
#1311=EDGE_CURVE('',#1106,#1104,#671,.T.);
#1312=EDGE_CURVE('',#1107,#1107,#955,.T.);
#1313=EDGE_CURVE('',#1107,#1108,#672,.T.);
#1314=EDGE_CURVE('',#1109,#1109,#956,.T.);
#1315=EDGE_CURVE('',#1109,#1107,#673,.T.);
#1316=EDGE_CURVE('',#1110,#1110,#957,.T.);
#1317=EDGE_CURVE('',#1110,#1111,#674,.T.);
#1318=EDGE_CURVE('',#1112,#1112,#958,.T.);
#1319=EDGE_CURVE('',#1112,#1110,#675,.T.);
#1320=EDGE_CURVE('',#1113,#1113,#959,.T.);
#1321=EDGE_CURVE('',#1113,#1114,#676,.T.);
#1322=EDGE_CURVE('',#1115,#1115,#960,.T.);
#1323=EDGE_CURVE('',#1115,#1113,#677,.T.);
#1324=EDGE_CURVE('',#1038,#1116,#678,.T.);
#1325=EDGE_CURVE('',#1116,#1102,#679,.T.);
#1326=EDGE_CURVE('',#996,#1039,#680,.T.);
#1327=EDGE_CURVE('',#1117,#995,#681,.T.);
#1328=EDGE_CURVE('',#1116,#1117,#682,.T.);
#1329=EDGE_CURVE('',#994,#1118,#683,.T.);
#1330=EDGE_CURVE('',#1118,#1117,#684,.T.);
#1331=EDGE_CURVE('',#1118,#1089,#685,.T.);
#1332=EDGE_CURVE('',#1068,#1119,#686,.T.);
#1333=EDGE_CURVE('',#1119,#1067,#687,.T.);
#1334=EDGE_CURVE('',#1083,#1120,#688,.T.);
#1335=EDGE_CURVE('',#1120,#1082,#689,.T.);
#1336=EDGE_CURVE('',#1055,#1032,#690,.T.);
#1337=EDGE_CURVE('',#1033,#1054,#691,.T.);
#1338=EDGE_CURVE('',#1070,#1035,#692,.T.);
#1339=EDGE_CURVE('',#1121,#1072,#693,.T.);
#1340=EDGE_CURVE('',#1121,#1122,#694,.T.);
#1341=EDGE_CURVE('',#1056,#1122,#695,.T.);
#1342=EDGE_CURVE('',#1034,#1069,#696,.T.);
#1343=EDGE_CURVE('',#1123,#1057,#697,.T.);
#1344=EDGE_CURVE('',#1122,#1123,#698,.T.);
#1345=EDGE_CURVE('',#1124,#1121,#699,.T.);
#1346=EDGE_CURVE('',#1123,#1124,#700,.T.);
#1347=EDGE_CURVE('',#1125,#1125,#961,.T.);
#1348=EDGE_CURVE('',#1126,#1127,#701,.T.);
#1349=EDGE_CURVE('',#1127,#1005,#702,.T.);
#1350=EDGE_CURVE('',#1004,#1126,#703,.T.);
#1351=EDGE_CURVE('',#1128,#1128,#962,.T.);
#1352=EDGE_CURVE('',#1129,#1129,#963,.T.);
#1353=EDGE_CURVE('',#1130,#1011,#704,.T.);
#1354=EDGE_CURVE('',#1010,#1131,#705,.T.);
#1355=EDGE_CURVE('',#1131,#1130,#706,.T.);
#1356=EDGE_CURVE('',#1132,#1132,#964,.T.);
#1357=EDGE_CURVE('',#1133,#1133,#965,.T.);
#1358=EDGE_CURVE('',#1071,#1124,#707,.T.);
#1359=EDGE_CURVE('',#1134,#1006,#708,.T.);
#1360=EDGE_CURVE('',#1135,#1134,#709,.T.);
#1361=EDGE_CURVE('',#1007,#1135,#710,.T.);
#1362=EDGE_CURVE('',#1003,#1136,#711,.T.);
#1363=EDGE_CURVE('',#1137,#1002,#712,.T.);
#1364=EDGE_CURVE('',#1136,#1137,#713,.T.);
#1365=EDGE_CURVE('',#1094,#1137,#714,.T.);
#1366=EDGE_CURVE('',#1093,#1135,#715,.T.);
#1367=EDGE_CURVE('',#999,#1138,#716,.T.);
#1368=EDGE_CURVE('',#1095,#1138,#717,.T.);
#1369=EDGE_CURVE('',#1138,#1101,#718,.T.);
#1370=EDGE_CURVE('',#1139,#1139,#966,.T.);
#1371=EDGE_CURVE('',#1140,#1140,#967,.T.);
#1372=EDGE_CURVE('',#1141,#1141,#968,.T.);
#1373=EDGE_CURVE('',#1126,#1136,#719,.T.);
#1374=EDGE_CURVE('',#1127,#1134,#720,.T.);
#1375=EDGE_CURVE('',#1133,#1141,#721,.T.);
#1376=EDGE_CURVE('',#1132,#1139,#722,.T.);
#1377=EDGE_CURVE('',#1130,#1085,#723,.T.);
#1378=EDGE_CURVE('',#1131,#1092,#724,.T.);
#1379=EDGE_CURVE('',#1129,#1098,#725,.T.);
#1380=EDGE_CURVE('',#1128,#1140,#726,.T.);
#1381=EDGE_CURVE('',#1125,#1091,#727,.T.);
#1382=EDGE_CURVE('',#1048,#1103,#728,.T.);
#1383=EDGE_CURVE('',#1079,#1120,#729,.T.);
#1384=EDGE_CURVE('',#1065,#1119,#730,.T.);
#1385=EDGE_CURVE('',#1142,#1142,#969,.T.);
#1386=EDGE_CURVE('',#1142,#1143,#731,.T.);
#1387=EDGE_CURVE('',#1143,#1143,#970,.T.);
#1388=EDGE_CURVE('',#1144,#1144,#971,.T.);
#1389=EDGE_CURVE('',#1144,#1145,#732,.T.);
#1390=EDGE_CURVE('',#1145,#1145,#972,.T.);
#1391=EDGE_CURVE('',#1146,#1146,#973,.T.);
#1392=EDGE_CURVE('',#1146,#1147,#733,.T.);
#1393=EDGE_CURVE('',#1147,#1147,#974,.T.);
#1394=EDGE_CURVE('',#1148,#1148,#975,.T.);
#1395=EDGE_CURVE('',#1148,#1149,#734,.T.);
#1396=EDGE_CURVE('',#1149,#1149,#976,.T.);
#1397=ORIENTED_EDGE('',*,*,#1150,.T.);
#1398=ORIENTED_EDGE('',*,*,#1151,.T.);
#1399=ORIENTED_EDGE('',*,*,#1152,.T.);
#1400=ORIENTED_EDGE('',*,*,#1153,.T.);
#1401=ORIENTED_EDGE('',*,*,#1151,.F.);
#1402=ORIENTED_EDGE('',*,*,#1154,.F.);
#1403=ORIENTED_EDGE('',*,*,#1155,.F.);
#1404=ORIENTED_EDGE('',*,*,#1156,.T.);
#1405=ORIENTED_EDGE('',*,*,#1157,.F.);
#1406=ORIENTED_EDGE('',*,*,#1158,.T.);
#1407=ORIENTED_EDGE('',*,*,#1159,.T.);
#1408=ORIENTED_EDGE('',*,*,#1160,.T.);
#1409=ORIENTED_EDGE('',*,*,#1161,.F.);
#1410=ORIENTED_EDGE('',*,*,#1162,.F.);
#1411=ORIENTED_EDGE('',*,*,#1163,.T.);
#1412=ORIENTED_EDGE('',*,*,#1164,.T.);
#1413=ORIENTED_EDGE('',*,*,#1165,.F.);
#1414=ORIENTED_EDGE('',*,*,#1166,.F.);
#1415=ORIENTED_EDGE('',*,*,#1167,.T.);
#1416=ORIENTED_EDGE('',*,*,#1168,.T.);
#1417=ORIENTED_EDGE('',*,*,#1169,.F.);
#1418=ORIENTED_EDGE('',*,*,#1170,.F.);
#1419=ORIENTED_EDGE('',*,*,#1171,.F.);
#1420=ORIENTED_EDGE('',*,*,#1172,.F.);
#1421=ORIENTED_EDGE('',*,*,#1173,.T.);
#1422=ORIENTED_EDGE('',*,*,#1174,.F.);
#1423=ORIENTED_EDGE('',*,*,#1175,.F.);
#1424=ORIENTED_EDGE('',*,*,#1176,.F.);
#1425=ORIENTED_EDGE('',*,*,#1177,.F.);
#1426=ORIENTED_EDGE('',*,*,#1178,.F.);
#1427=ORIENTED_EDGE('',*,*,#1150,.F.);
#1428=ORIENTED_EDGE('',*,*,#1179,.F.);
#1429=ORIENTED_EDGE('',*,*,#1180,.T.);
#1430=ORIENTED_EDGE('',*,*,#1152,.F.);
#1431=ORIENTED_EDGE('',*,*,#1153,.F.);
#1432=ORIENTED_EDGE('',*,*,#1180,.F.);
#1433=ORIENTED_EDGE('',*,*,#1181,.F.);
#1434=ORIENTED_EDGE('',*,*,#1154,.T.);
#1435=ORIENTED_EDGE('',*,*,#1182,.F.);
#1436=ORIENTED_EDGE('',*,*,#1183,.T.);
#1437=ORIENTED_EDGE('',*,*,#1184,.T.);
#1438=ORIENTED_EDGE('',*,*,#1185,.T.);
#1439=ORIENTED_EDGE('',*,*,#1183,.F.);
#1440=ORIENTED_EDGE('',*,*,#1186,.F.);
#1441=ORIENTED_EDGE('',*,*,#1187,.T.);
#1442=ORIENTED_EDGE('',*,*,#1184,.F.);
#1443=ORIENTED_EDGE('',*,*,#1185,.F.);
#1444=ORIENTED_EDGE('',*,*,#1187,.F.);
#1445=ORIENTED_EDGE('',*,*,#1188,.F.);
#1446=ORIENTED_EDGE('',*,*,#1176,.T.);
#1447=ORIENTED_EDGE('',*,*,#1189,.F.);
#1448=ORIENTED_EDGE('',*,*,#1190,.T.);
#1449=ORIENTED_EDGE('',*,*,#1191,.T.);
#1450=ORIENTED_EDGE('',*,*,#1192,.T.);
#1451=ORIENTED_EDGE('',*,*,#1190,.F.);
#1452=ORIENTED_EDGE('',*,*,#1193,.F.);
#1453=ORIENTED_EDGE('',*,*,#1194,.T.);
#1454=ORIENTED_EDGE('',*,*,#1191,.F.);
#1455=ORIENTED_EDGE('',*,*,#1192,.F.);
#1456=ORIENTED_EDGE('',*,*,#1194,.F.);
#1457=ORIENTED_EDGE('',*,*,#1178,.T.);
#1458=ORIENTED_EDGE('',*,*,#1195,.T.);
#1459=ORIENTED_EDGE('',*,*,#1196,.T.);
#1460=ORIENTED_EDGE('',*,*,#1197,.T.);
#1461=ORIENTED_EDGE('',*,*,#1195,.F.);
#1462=ORIENTED_EDGE('',*,*,#1198,.F.);
#1463=ORIENTED_EDGE('',*,*,#1199,.T.);
#1464=ORIENTED_EDGE('',*,*,#1196,.F.);
#1465=ORIENTED_EDGE('',*,*,#1197,.F.);
#1466=ORIENTED_EDGE('',*,*,#1199,.F.);
#1467=ORIENTED_EDGE('',*,*,#1200,.T.);
#1468=ORIENTED_EDGE('',*,*,#1201,.T.);
#1469=ORIENTED_EDGE('',*,*,#1202,.T.);
#1470=ORIENTED_EDGE('',*,*,#1203,.T.);
#1471=ORIENTED_EDGE('',*,*,#1201,.F.);
#1472=ORIENTED_EDGE('',*,*,#1204,.F.);
#1473=ORIENTED_EDGE('',*,*,#1205,.F.);
#1474=ORIENTED_EDGE('',*,*,#1206,.F.);
#1475=ORIENTED_EDGE('',*,*,#1207,.F.);
#1476=ORIENTED_EDGE('',*,*,#1208,.F.);
#1477=ORIENTED_EDGE('',*,*,#1200,.F.);
#1478=ORIENTED_EDGE('',*,*,#1202,.F.);
#1479=ORIENTED_EDGE('',*,*,#1203,.F.);
#1480=ORIENTED_EDGE('',*,*,#1209,.T.);
#1481=ORIENTED_EDGE('',*,*,#1210,.F.);
#1482=ORIENTED_EDGE('',*,*,#1211,.T.);
#1483=ORIENTED_EDGE('',*,*,#1212,.F.);
#1484=ORIENTED_EDGE('',*,*,#1209,.F.);
#1485=ORIENTED_EDGE('',*,*,#1208,.T.);
#1486=ORIENTED_EDGE('',*,*,#1213,.T.);
#1487=ORIENTED_EDGE('',*,*,#1214,.T.);
#1488=ORIENTED_EDGE('',*,*,#1215,.T.);
#1489=ORIENTED_EDGE('',*,*,#1213,.F.);
#1490=ORIENTED_EDGE('',*,*,#1214,.F.);
#1491=ORIENTED_EDGE('',*,*,#1215,.F.);
#1492=ORIENTED_EDGE('',*,*,#1216,.T.);
#1493=ORIENTED_EDGE('',*,*,#1217,.F.);
#1494=ORIENTED_EDGE('',*,*,#1216,.F.);
#1495=ORIENTED_EDGE('',*,*,#1218,.T.);
#1496=ORIENTED_EDGE('',*,*,#1219,.T.);
#1497=ORIENTED_EDGE('',*,*,#1220,.T.);
#1498=ORIENTED_EDGE('',*,*,#1221,.T.);
#1499=ORIENTED_EDGE('',*,*,#1222,.T.);
#1500=ORIENTED_EDGE('',*,*,#1223,.T.);
#1501=ORIENTED_EDGE('',*,*,#1224,.T.);
#1502=ORIENTED_EDGE('',*,*,#1219,.F.);
#1503=ORIENTED_EDGE('',*,*,#1225,.T.);
#1504=ORIENTED_EDGE('',*,*,#1223,.F.);
#1505=ORIENTED_EDGE('',*,*,#1226,.T.);
#1506=ORIENTED_EDGE('',*,*,#1227,.T.);
#1507=ORIENTED_EDGE('',*,*,#1228,.T.);
#1508=ORIENTED_EDGE('',*,*,#1221,.F.);
#1509=ORIENTED_EDGE('',*,*,#1229,.T.);
#1510=ORIENTED_EDGE('',*,*,#1227,.F.);
#1511=ORIENTED_EDGE('',*,*,#1229,.F.);
#1512=ORIENTED_EDGE('',*,*,#1230,.T.);
#1513=ORIENTED_EDGE('',*,*,#1231,.F.);
#1514=ORIENTED_EDGE('',*,*,#1232,.F.);
#1515=ORIENTED_EDGE('',*,*,#1220,.F.);
#1516=ORIENTED_EDGE('',*,*,#1233,.T.);
#1517=ORIENTED_EDGE('',*,*,#1234,.F.);
#1518=ORIENTED_EDGE('',*,*,#1230,.F.);
#1519=ORIENTED_EDGE('',*,*,#1235,.F.);
#1520=ORIENTED_EDGE('',*,*,#1236,.F.);
#1521=ORIENTED_EDGE('',*,*,#1237,.F.);
#1522=ORIENTED_EDGE('',*,*,#1238,.F.);
#1523=ORIENTED_EDGE('',*,*,#1218,.F.);
#1524=ORIENTED_EDGE('',*,*,#1228,.F.);
#1525=ORIENTED_EDGE('',*,*,#1226,.F.);
#1526=ORIENTED_EDGE('',*,*,#1222,.F.);
#1527=ORIENTED_EDGE('',*,*,#1239,.T.);
#1528=ORIENTED_EDGE('',*,*,#1240,.T.);
#1529=ORIENTED_EDGE('',*,*,#1241,.T.);
#1530=ORIENTED_EDGE('',*,*,#1242,.T.);
#1531=ORIENTED_EDGE('',*,*,#1243,.T.);
#1532=ORIENTED_EDGE('',*,*,#1244,.T.);
#1533=ORIENTED_EDGE('',*,*,#1245,.T.);
#1534=ORIENTED_EDGE('',*,*,#1242,.F.);
#1535=ORIENTED_EDGE('',*,*,#1246,.T.);
#1536=ORIENTED_EDGE('',*,*,#1244,.F.);
#1537=ORIENTED_EDGE('',*,*,#1247,.T.);
#1538=ORIENTED_EDGE('',*,*,#1248,.T.);
#1539=ORIENTED_EDGE('',*,*,#1249,.T.);
#1540=ORIENTED_EDGE('',*,*,#1248,.F.);
#1541=ORIENTED_EDGE('',*,*,#1250,.T.);
#1542=ORIENTED_EDGE('',*,*,#1240,.F.);
#1543=ORIENTED_EDGE('',*,*,#1243,.F.);
#1544=ORIENTED_EDGE('',*,*,#1251,.T.);
#1545=ORIENTED_EDGE('',*,*,#1252,.F.);
#1546=ORIENTED_EDGE('',*,*,#1253,.F.);
#1547=ORIENTED_EDGE('',*,*,#1241,.F.);
#1548=ORIENTED_EDGE('',*,*,#1254,.T.);
#1549=ORIENTED_EDGE('',*,*,#1255,.F.);
#1550=ORIENTED_EDGE('',*,*,#1251,.F.);
#1551=ORIENTED_EDGE('',*,*,#1256,.F.);
#1552=ORIENTED_EDGE('',*,*,#1257,.F.);
#1553=ORIENTED_EDGE('',*,*,#1258,.F.);
#1554=ORIENTED_EDGE('',*,*,#1259,.F.);
#1555=ORIENTED_EDGE('',*,*,#1260,.F.);
#1556=ORIENTED_EDGE('',*,*,#1261,.F.);
#1557=ORIENTED_EDGE('',*,*,#1262,.F.);
#1558=ORIENTED_EDGE('',*,*,#1263,.F.);
#1559=ORIENTED_EDGE('',*,*,#1239,.F.);
#1560=ORIENTED_EDGE('',*,*,#1245,.F.);
#1561=ORIENTED_EDGE('',*,*,#1246,.F.);
#1562=ORIENTED_EDGE('',*,*,#1249,.F.);
#1563=ORIENTED_EDGE('',*,*,#1260,.T.);
#1564=ORIENTED_EDGE('',*,*,#1264,.T.);
#1565=ORIENTED_EDGE('',*,*,#1265,.T.);
#1566=ORIENTED_EDGE('',*,*,#1266,.T.);
#1567=ORIENTED_EDGE('',*,*,#1263,.T.);
#1568=ORIENTED_EDGE('',*,*,#1267,.T.);
#1569=ORIENTED_EDGE('',*,*,#1268,.T.);
#1570=ORIENTED_EDGE('',*,*,#1264,.F.);
#1571=ORIENTED_EDGE('',*,*,#1269,.T.);
#1572=ORIENTED_EDGE('',*,*,#1267,.F.);
#1573=ORIENTED_EDGE('',*,*,#1262,.T.);
#1574=ORIENTED_EDGE('',*,*,#1270,.T.);
#1575=ORIENTED_EDGE('',*,*,#1261,.T.);
#1576=ORIENTED_EDGE('',*,*,#1266,.F.);
#1577=ORIENTED_EDGE('',*,*,#1271,.T.);
#1578=ORIENTED_EDGE('',*,*,#1270,.F.);
#1579=ORIENTED_EDGE('',*,*,#1271,.F.);
#1580=ORIENTED_EDGE('',*,*,#1272,.T.);
#1581=ORIENTED_EDGE('',*,*,#1273,.F.);
#1582=ORIENTED_EDGE('',*,*,#1274,.F.);
#1583=ORIENTED_EDGE('',*,*,#1265,.F.);
#1584=ORIENTED_EDGE('',*,*,#1275,.T.);
#1585=ORIENTED_EDGE('',*,*,#1276,.F.);
#1586=ORIENTED_EDGE('',*,*,#1272,.F.);
#1587=ORIENTED_EDGE('',*,*,#1277,.F.);
#1588=ORIENTED_EDGE('',*,*,#1278,.F.);
#1589=ORIENTED_EDGE('',*,*,#1279,.F.);
#1590=ORIENTED_EDGE('',*,*,#1280,.F.);
#1591=ORIENTED_EDGE('',*,*,#1281,.T.);
#1592=ORIENTED_EDGE('',*,*,#1282,.T.);
#1593=ORIENTED_EDGE('',*,*,#1283,.T.);
#1594=ORIENTED_EDGE('',*,*,#1277,.T.);
#1595=ORIENTED_EDGE('',*,*,#1279,.T.);
#1596=ORIENTED_EDGE('',*,*,#1284,.F.);
#1597=ORIENTED_EDGE('',*,*,#1285,.T.);
#1598=ORIENTED_EDGE('',*,*,#1286,.T.);
#1599=ORIENTED_EDGE('',*,*,#1287,.F.);
#1600=ORIENTED_EDGE('',*,*,#1174,.T.);
#1601=ORIENTED_EDGE('',*,*,#1288,.T.);
#1602=ORIENTED_EDGE('',*,*,#1281,.F.);
#1603=ORIENTED_EDGE('',*,*,#1289,.T.);
#1604=ORIENTED_EDGE('',*,*,#1290,.T.);
#1605=ORIENTED_EDGE('',*,*,#1170,.T.);
#1606=ORIENTED_EDGE('',*,*,#1291,.T.);
#1607=ORIENTED_EDGE('',*,*,#1292,.T.);
#1608=ORIENTED_EDGE('',*,*,#1293,.T.);
#1609=ORIENTED_EDGE('',*,*,#1162,.T.);
#1610=ORIENTED_EDGE('',*,*,#1294,.T.);
#1611=ORIENTED_EDGE('',*,*,#1295,.T.);
#1612=ORIENTED_EDGE('',*,*,#1296,.F.);
#1613=ORIENTED_EDGE('',*,*,#1297,.F.);
#1614=ORIENTED_EDGE('',*,*,#1298,.T.);
#1615=ORIENTED_EDGE('',*,*,#1299,.T.);
#1616=ORIENTED_EDGE('',*,*,#1300,.T.);
#1617=ORIENTED_EDGE('',*,*,#1301,.T.);
#1618=ORIENTED_EDGE('',*,*,#1296,.T.);
#1619=ORIENTED_EDGE('',*,*,#1300,.F.);
#1620=ORIENTED_EDGE('',*,*,#1302,.T.);
#1621=ORIENTED_EDGE('',*,*,#1303,.T.);
#1622=ORIENTED_EDGE('',*,*,#1159,.F.);
#1623=ORIENTED_EDGE('',*,*,#1304,.F.);
#1624=ORIENTED_EDGE('',*,*,#1305,.F.);
#1625=ORIENTED_EDGE('',*,*,#1234,.T.);
#1626=ORIENTED_EDGE('',*,*,#1306,.T.);
#1627=ORIENTED_EDGE('',*,*,#1307,.T.);
#1628=ORIENTED_EDGE('',*,*,#1231,.T.);
#1629=ORIENTED_EDGE('',*,*,#1308,.T.);
#1630=ORIENTED_EDGE('',*,*,#1309,.T.);
#1631=ORIENTED_EDGE('',*,*,#1309,.F.);
#1632=ORIENTED_EDGE('',*,*,#1310,.F.);
#1633=ORIENTED_EDGE('',*,*,#1311,.T.);
#1634=ORIENTED_EDGE('',*,*,#1308,.F.);
#1635=ORIENTED_EDGE('',*,*,#1311,.F.);
#1636=ORIENTED_EDGE('',*,*,#1312,.T.);
#1637=ORIENTED_EDGE('',*,*,#1313,.T.);
#1638=ORIENTED_EDGE('',*,*,#1313,.F.);
#1639=ORIENTED_EDGE('',*,*,#1314,.F.);
#1640=ORIENTED_EDGE('',*,*,#1315,.T.);
#1641=ORIENTED_EDGE('',*,*,#1312,.F.);
#1642=ORIENTED_EDGE('',*,*,#1315,.F.);
#1643=ORIENTED_EDGE('',*,*,#1316,.T.);
#1644=ORIENTED_EDGE('',*,*,#1317,.T.);
#1645=ORIENTED_EDGE('',*,*,#1317,.F.);
#1646=ORIENTED_EDGE('',*,*,#1318,.F.);
#1647=ORIENTED_EDGE('',*,*,#1319,.T.);
#1648=ORIENTED_EDGE('',*,*,#1316,.F.);
#1649=ORIENTED_EDGE('',*,*,#1319,.F.);
#1650=ORIENTED_EDGE('',*,*,#1320,.T.);
#1651=ORIENTED_EDGE('',*,*,#1321,.T.);
#1652=ORIENTED_EDGE('',*,*,#1321,.F.);
#1653=ORIENTED_EDGE('',*,*,#1322,.F.);
#1654=ORIENTED_EDGE('',*,*,#1323,.T.);
#1655=ORIENTED_EDGE('',*,*,#1320,.F.);
#1656=ORIENTED_EDGE('',*,*,#1323,.F.);
#1657=ORIENTED_EDGE('',*,*,#1211,.F.);
#1658=ORIENTED_EDGE('',*,*,#1324,.T.);
#1659=ORIENTED_EDGE('',*,*,#1325,.T.);
#1660=ORIENTED_EDGE('',*,*,#1304,.T.);
#1661=ORIENTED_EDGE('',*,*,#1158,.F.);
#1662=ORIENTED_EDGE('',*,*,#1326,.T.);
#1663=ORIENTED_EDGE('',*,*,#1324,.F.);
#1664=ORIENTED_EDGE('',*,*,#1210,.T.);
#1665=ORIENTED_EDGE('',*,*,#1212,.T.);
#1666=ORIENTED_EDGE('',*,*,#1326,.F.);
#1667=ORIENTED_EDGE('',*,*,#1157,.T.);
#1668=ORIENTED_EDGE('',*,*,#1327,.F.);
#1669=ORIENTED_EDGE('',*,*,#1328,.F.);
#1670=ORIENTED_EDGE('',*,*,#1217,.T.);
#1671=ORIENTED_EDGE('',*,*,#1156,.F.);
#1672=ORIENTED_EDGE('',*,*,#1329,.T.);
#1673=ORIENTED_EDGE('',*,*,#1330,.T.);
#1674=ORIENTED_EDGE('',*,*,#1327,.T.);
#1675=ORIENTED_EDGE('',*,*,#1181,.T.);
#1676=ORIENTED_EDGE('',*,*,#1182,.T.);
#1677=ORIENTED_EDGE('',*,*,#1177,.T.);
#1678=ORIENTED_EDGE('',*,*,#1188,.T.);
#1679=ORIENTED_EDGE('',*,*,#1189,.T.);
#1680=ORIENTED_EDGE('',*,*,#1175,.T.);
#1681=ORIENTED_EDGE('',*,*,#1287,.T.);
#1682=ORIENTED_EDGE('',*,*,#1284,.T.);
#1683=ORIENTED_EDGE('',*,*,#1278,.T.);
#1684=ORIENTED_EDGE('',*,*,#1283,.F.);
#1685=ORIENTED_EDGE('',*,*,#1331,.F.);
#1686=ORIENTED_EDGE('',*,*,#1329,.F.);
#1687=ORIENTED_EDGE('',*,*,#1155,.T.);
#1688=ORIENTED_EDGE('',*,*,#1255,.T.);
#1689=ORIENTED_EDGE('',*,*,#1332,.T.);
#1690=ORIENTED_EDGE('',*,*,#1333,.T.);
#1691=ORIENTED_EDGE('',*,*,#1252,.T.);
#1692=ORIENTED_EDGE('',*,*,#1276,.T.);
#1693=ORIENTED_EDGE('',*,*,#1334,.T.);
#1694=ORIENTED_EDGE('',*,*,#1335,.T.);
#1695=ORIENTED_EDGE('',*,*,#1273,.T.);
#1696=ORIENTED_EDGE('',*,*,#1336,.T.);
#1697=ORIENTED_EDGE('',*,*,#1204,.T.);
#1698=ORIENTED_EDGE('',*,*,#1337,.T.);
#1699=ORIENTED_EDGE('',*,*,#1235,.T.);
#1700=ORIENTED_EDGE('',*,*,#1337,.F.);
#1701=ORIENTED_EDGE('',*,*,#1207,.T.);
#1702=ORIENTED_EDGE('',*,*,#1338,.F.);
#1703=ORIENTED_EDGE('',*,*,#1259,.T.);
#1704=ORIENTED_EDGE('',*,*,#1339,.F.);
#1705=ORIENTED_EDGE('',*,*,#1340,.T.);
#1706=ORIENTED_EDGE('',*,*,#1341,.F.);
#1707=ORIENTED_EDGE('',*,*,#1236,.T.);
#1708=ORIENTED_EDGE('',*,*,#1338,.T.);
#1709=ORIENTED_EDGE('',*,*,#1206,.T.);
#1710=ORIENTED_EDGE('',*,*,#1342,.T.);
#1711=ORIENTED_EDGE('',*,*,#1256,.T.);
#1712=ORIENTED_EDGE('',*,*,#1343,.T.);
#1713=ORIENTED_EDGE('',*,*,#1237,.T.);
#1714=ORIENTED_EDGE('',*,*,#1341,.T.);
#1715=ORIENTED_EDGE('',*,*,#1344,.T.);
#1716=ORIENTED_EDGE('',*,*,#1344,.F.);
#1717=ORIENTED_EDGE('',*,*,#1340,.F.);
#1718=ORIENTED_EDGE('',*,*,#1345,.F.);
#1719=ORIENTED_EDGE('',*,*,#1346,.F.);
#1720=ORIENTED_EDGE('',*,*,#1347,.T.);
#1721=ORIENTED_EDGE('',*,*,#1348,.T.);
#1722=ORIENTED_EDGE('',*,*,#1349,.T.);
#1723=ORIENTED_EDGE('',*,*,#1166,.T.);
#1724=ORIENTED_EDGE('',*,*,#1350,.T.);
#1725=ORIENTED_EDGE('',*,*,#1351,.T.);
#1726=ORIENTED_EDGE('',*,*,#1352,.T.);
#1727=ORIENTED_EDGE('',*,*,#1353,.T.);
#1728=ORIENTED_EDGE('',*,*,#1172,.T.);
#1729=ORIENTED_EDGE('',*,*,#1354,.T.);
#1730=ORIENTED_EDGE('',*,*,#1355,.T.);
#1731=ORIENTED_EDGE('',*,*,#1356,.T.);
#1732=ORIENTED_EDGE('',*,*,#1357,.T.);
#1733=ORIENTED_EDGE('',*,*,#1358,.T.);
#1734=ORIENTED_EDGE('',*,*,#1345,.T.);
#1735=ORIENTED_EDGE('',*,*,#1339,.T.);
#1736=ORIENTED_EDGE('',*,*,#1258,.T.);
#1737=ORIENTED_EDGE('',*,*,#1359,.F.);
#1738=ORIENTED_EDGE('',*,*,#1360,.F.);
#1739=ORIENTED_EDGE('',*,*,#1361,.F.);
#1740=ORIENTED_EDGE('',*,*,#1168,.F.);
#1741=ORIENTED_EDGE('',*,*,#1362,.F.);
#1742=ORIENTED_EDGE('',*,*,#1164,.F.);
#1743=ORIENTED_EDGE('',*,*,#1363,.F.);
#1744=ORIENTED_EDGE('',*,*,#1364,.F.);
#1745=ORIENTED_EDGE('',*,*,#1293,.F.);
#1746=ORIENTED_EDGE('',*,*,#1365,.T.);
#1747=ORIENTED_EDGE('',*,*,#1363,.T.);
#1748=ORIENTED_EDGE('',*,*,#1163,.F.);
#1749=ORIENTED_EDGE('',*,*,#1291,.F.);
#1750=ORIENTED_EDGE('',*,*,#1169,.T.);
#1751=ORIENTED_EDGE('',*,*,#1361,.T.);
#1752=ORIENTED_EDGE('',*,*,#1366,.F.);
#1753=ORIENTED_EDGE('',*,*,#1294,.F.);
#1754=ORIENTED_EDGE('',*,*,#1161,.T.);
#1755=ORIENTED_EDGE('',*,*,#1367,.T.);
#1756=ORIENTED_EDGE('',*,*,#1368,.F.);
#1757=ORIENTED_EDGE('',*,*,#1295,.F.);
#1758=ORIENTED_EDGE('',*,*,#1368,.T.);
#1759=ORIENTED_EDGE('',*,*,#1369,.T.);
#1760=ORIENTED_EDGE('',*,*,#1302,.F.);
#1761=ORIENTED_EDGE('',*,*,#1299,.F.);
#1762=ORIENTED_EDGE('',*,*,#1369,.F.);
#1763=ORIENTED_EDGE('',*,*,#1367,.F.);
#1764=ORIENTED_EDGE('',*,*,#1160,.F.);
#1765=ORIENTED_EDGE('',*,*,#1303,.F.);
#1766=ORIENTED_EDGE('',*,*,#1370,.F.);
#1767=ORIENTED_EDGE('',*,*,#1371,.F.);
#1768=ORIENTED_EDGE('',*,*,#1372,.F.);
#1769=ORIENTED_EDGE('',*,*,#1362,.T.);
#1770=ORIENTED_EDGE('',*,*,#1373,.F.);
#1771=ORIENTED_EDGE('',*,*,#1350,.F.);
#1772=ORIENTED_EDGE('',*,*,#1165,.T.);
#1773=ORIENTED_EDGE('',*,*,#1374,.F.);
#1774=ORIENTED_EDGE('',*,*,#1348,.F.);
#1775=ORIENTED_EDGE('',*,*,#1373,.T.);
#1776=ORIENTED_EDGE('',*,*,#1364,.T.);
#1777=ORIENTED_EDGE('',*,*,#1365,.F.);
#1778=ORIENTED_EDGE('',*,*,#1292,.F.);
#1779=ORIENTED_EDGE('',*,*,#1366,.T.);
#1780=ORIENTED_EDGE('',*,*,#1360,.T.);
#1781=ORIENTED_EDGE('',*,*,#1357,.F.);
#1782=ORIENTED_EDGE('',*,*,#1375,.T.);
#1783=ORIENTED_EDGE('',*,*,#1372,.T.);
#1784=ORIENTED_EDGE('',*,*,#1375,.F.);
#1785=ORIENTED_EDGE('',*,*,#1356,.F.);
#1786=ORIENTED_EDGE('',*,*,#1376,.T.);
#1787=ORIENTED_EDGE('',*,*,#1370,.T.);
#1788=ORIENTED_EDGE('',*,*,#1376,.F.);
#1789=ORIENTED_EDGE('',*,*,#1288,.F.);
#1790=ORIENTED_EDGE('',*,*,#1173,.F.);
#1791=ORIENTED_EDGE('',*,*,#1353,.F.);
#1792=ORIENTED_EDGE('',*,*,#1377,.T.);
#1793=ORIENTED_EDGE('',*,*,#1290,.F.);
#1794=ORIENTED_EDGE('',*,*,#1378,.F.);
#1795=ORIENTED_EDGE('',*,*,#1354,.F.);
#1796=ORIENTED_EDGE('',*,*,#1171,.T.);
#1797=ORIENTED_EDGE('',*,*,#1377,.F.);
#1798=ORIENTED_EDGE('',*,*,#1355,.F.);
#1799=ORIENTED_EDGE('',*,*,#1378,.T.);
#1800=ORIENTED_EDGE('',*,*,#1289,.F.);
#1801=ORIENTED_EDGE('',*,*,#1280,.T.);
#1802=ORIENTED_EDGE('',*,*,#1352,.F.);
#1803=ORIENTED_EDGE('',*,*,#1379,.T.);
#1804=ORIENTED_EDGE('',*,*,#1298,.F.);
#1805=ORIENTED_EDGE('',*,*,#1379,.F.);
#1806=ORIENTED_EDGE('',*,*,#1351,.F.);
#1807=ORIENTED_EDGE('',*,*,#1380,.T.);
#1808=ORIENTED_EDGE('',*,*,#1371,.T.);
#1809=ORIENTED_EDGE('',*,*,#1380,.F.);
#1810=ORIENTED_EDGE('',*,*,#1359,.T.);
#1811=ORIENTED_EDGE('',*,*,#1167,.F.);
#1812=ORIENTED_EDGE('',*,*,#1349,.F.);
#1813=ORIENTED_EDGE('',*,*,#1374,.T.);
#1814=ORIENTED_EDGE('',*,*,#1347,.F.);
#1815=ORIENTED_EDGE('',*,*,#1381,.T.);
#1816=ORIENTED_EDGE('',*,*,#1285,.F.);
#1817=ORIENTED_EDGE('',*,*,#1286,.F.);
#1818=ORIENTED_EDGE('',*,*,#1381,.F.);
#1819=ORIENTED_EDGE('',*,*,#1224,.F.);
#1820=ORIENTED_EDGE('',*,*,#1382,.T.);
#1821=ORIENTED_EDGE('',*,*,#1306,.F.);
#1822=ORIENTED_EDGE('',*,*,#1233,.F.);
#1823=ORIENTED_EDGE('',*,*,#1225,.F.);
#1824=ORIENTED_EDGE('',*,*,#1232,.T.);
#1825=ORIENTED_EDGE('',*,*,#1307,.F.);
#1826=ORIENTED_EDGE('',*,*,#1382,.F.);
#1827=ORIENTED_EDGE('',*,*,#1268,.F.);
#1828=ORIENTED_EDGE('',*,*,#1383,.T.);
#1829=ORIENTED_EDGE('',*,*,#1334,.F.);
#1830=ORIENTED_EDGE('',*,*,#1275,.F.);
#1831=ORIENTED_EDGE('',*,*,#1269,.F.);
#1832=ORIENTED_EDGE('',*,*,#1274,.T.);
#1833=ORIENTED_EDGE('',*,*,#1335,.F.);
#1834=ORIENTED_EDGE('',*,*,#1383,.F.);
#1835=ORIENTED_EDGE('',*,*,#1247,.F.);
#1836=ORIENTED_EDGE('',*,*,#1253,.T.);
#1837=ORIENTED_EDGE('',*,*,#1333,.F.);
#1838=ORIENTED_EDGE('',*,*,#1384,.F.);
#1839=ORIENTED_EDGE('',*,*,#1250,.F.);
#1840=ORIENTED_EDGE('',*,*,#1384,.T.);
#1841=ORIENTED_EDGE('',*,*,#1332,.F.);
#1842=ORIENTED_EDGE('',*,*,#1254,.F.);
#1843=ORIENTED_EDGE('',*,*,#1385,.T.);
#1844=ORIENTED_EDGE('',*,*,#1386,.T.);
#1845=ORIENTED_EDGE('',*,*,#1387,.F.);
#1846=ORIENTED_EDGE('',*,*,#1386,.F.);
#1847=ORIENTED_EDGE('',*,*,#1385,.F.);
#1848=ORIENTED_EDGE('',*,*,#1388,.T.);
#1849=ORIENTED_EDGE('',*,*,#1389,.T.);
#1850=ORIENTED_EDGE('',*,*,#1390,.F.);
#1851=ORIENTED_EDGE('',*,*,#1389,.F.);
#1852=ORIENTED_EDGE('',*,*,#1388,.F.);
#1853=ORIENTED_EDGE('',*,*,#1391,.T.);
#1854=ORIENTED_EDGE('',*,*,#1392,.T.);
#1855=ORIENTED_EDGE('',*,*,#1393,.F.);
#1856=ORIENTED_EDGE('',*,*,#1392,.F.);
#1857=ORIENTED_EDGE('',*,*,#1391,.F.);
#1858=ORIENTED_EDGE('',*,*,#1394,.T.);
#1859=ORIENTED_EDGE('',*,*,#1395,.T.);
#1860=ORIENTED_EDGE('',*,*,#1396,.F.);
#1861=ORIENTED_EDGE('',*,*,#1395,.F.);
#1862=ORIENTED_EDGE('',*,*,#1394,.F.);
#1863=ORIENTED_EDGE('',*,*,#1198,.T.);
#1864=ORIENTED_EDGE('',*,*,#1393,.T.);
#1865=ORIENTED_EDGE('',*,*,#1193,.T.);
#1866=ORIENTED_EDGE('',*,*,#1396,.T.);
#1867=ORIENTED_EDGE('',*,*,#1179,.T.);
#1868=ORIENTED_EDGE('',*,*,#1390,.T.);
#1869=ORIENTED_EDGE('',*,*,#1186,.T.);
#1870=ORIENTED_EDGE('',*,*,#1387,.T.);
#1871=ORIENTED_EDGE('',*,*,#1336,.F.);
#1872=ORIENTED_EDGE('',*,*,#1238,.T.);
#1873=ORIENTED_EDGE('',*,*,#1343,.F.);
#1874=ORIENTED_EDGE('',*,*,#1346,.T.);
#1875=ORIENTED_EDGE('',*,*,#1358,.F.);
#1876=ORIENTED_EDGE('',*,*,#1257,.T.);
#1877=ORIENTED_EDGE('',*,*,#1342,.F.);
#1878=ORIENTED_EDGE('',*,*,#1205,.T.);
#1879=ORIENTED_EDGE('',*,*,#1310,.T.);
#1880=ORIENTED_EDGE('',*,*,#1314,.T.);
#1881=ORIENTED_EDGE('',*,*,#1318,.T.);
#1882=ORIENTED_EDGE('',*,*,#1322,.T.);
#1883=ORIENTED_EDGE('',*,*,#1297,.T.);
#1884=ORIENTED_EDGE('',*,*,#1301,.F.);
#1885=ORIENTED_EDGE('',*,*,#1305,.T.);
#1886=ORIENTED_EDGE('',*,*,#1325,.F.);
#1887=ORIENTED_EDGE('',*,*,#1328,.T.);
#1888=ORIENTED_EDGE('',*,*,#1330,.F.);
#1889=ORIENTED_EDGE('',*,*,#1331,.T.);
#1890=ORIENTED_EDGE('',*,*,#1282,.F.);
#1891=CONICAL_SURFACE('',#2019,5.,0.785398163397449);
#1892=CONICAL_SURFACE('',#2029,5.,0.785398163397449);
#1893=CONICAL_SURFACE('',#2034,5.,0.785398163397449);
#1894=CONICAL_SURFACE('',#2039,5.,0.785398163397449);
#1895=CONICAL_SURFACE('',#2044,3.,0.785398163397442);
#1896=CONICAL_SURFACE('',#2054,3.,0.78539816339745);
#1897=CONICAL_SURFACE('',#2093,1.,1.02974425867665);
#1898=CONICAL_SURFACE('',#2097,1.,1.02974425867665);
#1899=CONICAL_SURFACE('',#2101,1.,1.02974425867665);
#1900=CONICAL_SURFACE('',#2105,1.,1.02974425867665);
#1901=ADVANCED_FACE('',(#329),#1891,.T.);
#1902=ADVANCED_FACE('',(#330,#234,#235),#265,.T.);
#1903=ADVANCED_FACE('',(#331),#213,.T.);
#1904=ADVANCED_FACE('',(#332),#1892,.T.);
#1905=ADVANCED_FACE('',(#333),#214,.T.);
#1906=ADVANCED_FACE('',(#334),#1893,.T.);
#1907=ADVANCED_FACE('',(#335),#215,.T.);
#1908=ADVANCED_FACE('',(#336),#1894,.T.);
#1909=ADVANCED_FACE('',(#337),#216,.T.);
#1910=ADVANCED_FACE('',(#338),#1895,.F.);
#1911=ADVANCED_FACE('',(#339,#236,#237),#266,.T.);
#1912=ADVANCED_FACE('',(#340),#217,.F.);
#1913=ADVANCED_FACE('',(#341),#1896,.F.);
#1914=ADVANCED_FACE('',(#342),#218,.F.);
#1915=ADVANCED_FACE('',(#343),#267,.T.);
#1916=ADVANCED_FACE('',(#344),#268,.T.);
#1917=ADVANCED_FACE('',(#345),#269,.T.);
#1918=ADVANCED_FACE('',(#346),#270,.T.);
#1919=ADVANCED_FACE('',(#347),#271,.F.);
#1920=ADVANCED_FACE('',(#348),#272,.F.);
#1921=ADVANCED_FACE('',(#349,#238),#273,.T.);
#1922=ADVANCED_FACE('',(#350),#274,.T.);
#1923=ADVANCED_FACE('',(#351),#275,.T.);
#1924=ADVANCED_FACE('',(#352),#276,.T.);
#1925=ADVANCED_FACE('',(#353),#277,.T.);
#1926=ADVANCED_FACE('',(#354),#278,.F.);
#1927=ADVANCED_FACE('',(#355),#279,.F.);
#1928=ADVANCED_FACE('',(#356,#239,#240),#280,.T.);
#1929=ADVANCED_FACE('',(#357),#281,.T.);
#1930=ADVANCED_FACE('',(#358),#282,.T.);
#1931=ADVANCED_FACE('',(#359),#283,.T.);
#1932=ADVANCED_FACE('',(#360),#284,.T.);
#1933=ADVANCED_FACE('',(#361),#285,.F.);
#1934=ADVANCED_FACE('',(#362),#286,.F.);
#1935=ADVANCED_FACE('',(#363),#287,.F.);
#1936=ADVANCED_FACE('',(#364),#219,.F.);
#1937=ADVANCED_FACE('',(#365),#288,.T.);
#1938=ADVANCED_FACE('',(#366,#241),#289,.T.);
#1939=ADVANCED_FACE('',(#367),#220,.F.);
#1940=ADVANCED_FACE('',(#368,#242),#290,.T.);
#1941=ADVANCED_FACE('',(#369),#1897,.F.);
#1942=ADVANCED_FACE('',(#370),#221,.F.);
#1943=ADVANCED_FACE('',(#371),#1898,.F.);
#1944=ADVANCED_FACE('',(#372),#222,.F.);
#1945=ADVANCED_FACE('',(#373),#1899,.F.);
#1946=ADVANCED_FACE('',(#374),#223,.F.);
#1947=ADVANCED_FACE('',(#375),#1900,.F.);
#1948=ADVANCED_FACE('',(#376),#224,.F.);
#1949=ADVANCED_FACE('',(#377),#291,.T.);
#1950=ADVANCED_FACE('',(#378,#243),#292,.T.);
#1951=ADVANCED_FACE('',(#379),#293,.T.);
#1952=ADVANCED_FACE('',(#380,#244,#245),#294,.T.);
#1953=ADVANCED_FACE('',(#381),#295,.T.);
#1954=ADVANCED_FACE('',(#382),#296,.T.);
#1955=ADVANCED_FACE('',(#383),#297,.T.);
#1956=ADVANCED_FACE('',(#384),#298,.T.);
#1957=ADVANCED_FACE('',(#385,#246,#247,#248,#249,#250,#251,#252),#299,.T.);
#1958=ADVANCED_FACE('',(#386),#300,.T.);
#1959=ADVANCED_FACE('',(#387),#301,.F.);
#1960=ADVANCED_FACE('',(#388),#302,.F.);
#1961=ADVANCED_FACE('',(#389),#303,.F.);
#1962=ADVANCED_FACE('',(#390),#304,.F.);
#1963=ADVANCED_FACE('',(#391),#305,.F.);
#1964=ADVANCED_FACE('',(#392),#306,.F.);
#1965=ADVANCED_FACE('',(#393,#253,#254,#255),#307,.T.);
#1966=ADVANCED_FACE('',(#394),#308,.F.);
#1967=ADVANCED_FACE('',(#395),#309,.F.);
#1968=ADVANCED_FACE('',(#396),#225,.F.);
#1969=ADVANCED_FACE('',(#397),#226,.F.);
#1970=ADVANCED_FACE('',(#398),#310,.F.);
#1971=ADVANCED_FACE('',(#399),#311,.F.);
#1972=ADVANCED_FACE('',(#400),#312,.F.);
#1973=ADVANCED_FACE('',(#401),#227,.F.);
#1974=ADVANCED_FACE('',(#402),#228,.F.);
#1975=ADVANCED_FACE('',(#403),#313,.F.);
#1976=ADVANCED_FACE('',(#404),#229,.F.);
#1977=ADVANCED_FACE('',(#405),#314,.F.);
#1978=ADVANCED_FACE('',(#406),#315,.F.);
#1979=ADVANCED_FACE('',(#407),#316,.F.);
#1980=ADVANCED_FACE('',(#408),#317,.F.);
#1981=ADVANCED_FACE('',(#409),#318,.F.);
#1982=ADVANCED_FACE('',(#410),#319,.F.);
#1983=ADVANCED_FACE('',(#411),#230,.F.);
#1984=ADVANCED_FACE('',(#412),#320,.F.);
#1985=ADVANCED_FACE('',(#413),#231,.F.);
#1986=ADVANCED_FACE('',(#414),#321,.F.);
#1987=ADVANCED_FACE('',(#415),#232,.F.);
#1988=ADVANCED_FACE('',(#416),#322,.F.);
#1989=ADVANCED_FACE('',(#417),#233,.F.);
#1990=ADVANCED_FACE('',(#418),#323,.F.);
#1991=ADVANCED_FACE('',(#419,#256),#324,.T.);
#1992=ADVANCED_FACE('',(#420,#257),#325,.T.);
#1993=ADVANCED_FACE('',(#421,#258),#326,.T.);
#1994=ADVANCED_FACE('',(#422,#259),#327,.T.);
#1995=ADVANCED_FACE('',(#423,#260,#261,#262,#263,#264),#328,.T.);
#1996=CLOSED_SHELL('',(#1901,#1902,#1903,#1904,#1905,#1906,#1907,#1908,
#1909,#1910,#1911,#1912,#1913,#1914,#1915,#1916,#1917,#1918,#1919,#1920,
#1921,#1922,#1923,#1924,#1925,#1926,#1927,#1928,#1929,#1930,#1931,#1932,
#1933,#1934,#1935,#1936,#1937,#1938,#1939,#1940,#1941,#1942,#1943,#1944,
#1945,#1946,#1947,#1948,#1949,#1950,#1951,#1952,#1953,#1954,#1955,#1956,
#1957,#1958,#1959,#1960,#1961,#1962,#1963,#1964,#1965,#1966,#1967,#1968,
#1969,#1970,#1971,#1972,#1973,#1974,#1975,#1976,#1977,#1978,#1979,#1980,
#1981,#1982,#1983,#1984,#1985,#1986,#1987,#1988,#1989,#1990,#1991,#1992,
#1993,#1994,#1995));
#1997=DERIVED_UNIT_ELEMENT(#2000,1.);
#1998=DERIVED_UNIT_ELEMENT(#3435,-3.);
#1999=DIMENSIONAL_EXPONENTS(0.,1.,0.,0.,0.,0.,0.);
#2000=(
CONVERSION_BASED_UNIT('gram',#2002)
MASS_UNIT()
NAMED_UNIT(#1999)
);
#2001=(
MASS_UNIT()
NAMED_UNIT(*)
SI_UNIT(.KILO.,.GRAM.)
);
#2002=MASS_MEASURE_WITH_UNIT(MASS_MEASURE(0.001),#2001);
#2003=DERIVED_UNIT((#1997,#1998));
#2004=MEASURE_REPRESENTATION_ITEM('density measure',
POSITIVE_RATIO_MEASURE(1.),#2003);
#2005=PROPERTY_DEFINITION_REPRESENTATION(#2010,#2007);
#2006=PROPERTY_DEFINITION_REPRESENTATION(#2011,#2008);
#2007=REPRESENTATION('material name',(#2009),#3432);
#2008=REPRESENTATION('density',(#2004),#3432);
#2009=DESCRIPTIVE_REPRESENTATION_ITEM('Generic','Generic');
#2010=PROPERTY_DEFINITION('material property','material name',#3443);
#2011=PROPERTY_DEFINITION('material property','density of part',#3443);
#2012=DATE_TIME_ROLE('creation_date');
#2013=APPLIED_DATE_AND_TIME_ASSIGNMENT(#2014,#2012,(#3443));
#2014=DATE_AND_TIME(#2015,#2016);
#2015=CALENDAR_DATE(2026,29,6);
#2016=LOCAL_TIME(0,0,0.,#2017);
#2017=COORDINATED_UNIVERSAL_TIME_OFFSET(0,0,.BEHIND.);
#2018=AXIS2_PLACEMENT_3D('',#2764,#2205,#2206);
#2019=AXIS2_PLACEMENT_3D('',#2765,#2207,#2208);
#2020=AXIS2_PLACEMENT_3D('',#2767,#2209,#2210);
#2021=AXIS2_PLACEMENT_3D('',#2771,#2212,#2213);
#2022=AXIS2_PLACEMENT_3D('',#2772,#2214,#2215);
#2023=AXIS2_PLACEMENT_3D('',#2773,#2216,#2217);
#2024=AXIS2_PLACEMENT_3D('',#2776,#2218,#2219);
#2025=AXIS2_PLACEMENT_3D('',#2820,#2241,#2242);
#2026=AXIS2_PLACEMENT_3D('',#2823,#2244,#2245);
#2027=AXIS2_PLACEMENT_3D('',#2824,#2246,#2247);
#2028=AXIS2_PLACEMENT_3D('',#2826,#2248,#2249);
#2029=AXIS2_PLACEMENT_3D('',#2828,#2251,#2252);
#2030=AXIS2_PLACEMENT_3D('',#2839,#2254,#2255);
#2031=AXIS2_PLACEMENT_3D('',#2840,#2256,#2257);
#2032=AXIS2_PLACEMENT_3D('',#2841,#2258,#2259);
#2033=AXIS2_PLACEMENT_3D('',#2843,#2260,#2261);
#2034=AXIS2_PLACEMENT_3D('',#2845,#2263,#2264);
#2035=AXIS2_PLACEMENT_3D('',#2856,#2266,#2267);
#2036=AXIS2_PLACEMENT_3D('',#2857,#2268,#2269);
#2037=AXIS2_PLACEMENT_3D('',#2858,#2270,#2271);
#2038=AXIS2_PLACEMENT_3D('',#2860,#2272,#2273);
#2039=AXIS2_PLACEMENT_3D('',#2862,#2275,#2276);
#2040=AXIS2_PLACEMENT_3D('',#2866,#2278,#2279);
#2041=AXIS2_PLACEMENT_3D('',#2867,#2280,#2281);
#2042=AXIS2_PLACEMENT_3D('',#2868,#2282,#2283);
#2043=AXIS2_PLACEMENT_3D('',#2870,#2284,#2285);
#2044=AXIS2_PLACEMENT_3D('',#2872,#2287,#2288);
#2045=AXIS2_PLACEMENT_3D('',#2874,#2289,#2290);
#2046=AXIS2_PLACEMENT_3D('',#2878,#2292,#2293);
#2047=AXIS2_PLACEMENT_3D('',#2879,#2294,#2295);
#2048=AXIS2_PLACEMENT_3D('',#2880,#2296,#2297);
#2049=AXIS2_PLACEMENT_3D('',#2890,#2302,#2303);
#2050=AXIS2_PLACEMENT_3D('',#2891,#2304,#2305);
#2051=AXIS2_PLACEMENT_3D('',#2895,#2307,#2308);
#2052=AXIS2_PLACEMENT_3D('',#2897,#2309,#2310);
#2053=AXIS2_PLACEMENT_3D('',#2898,#2311,#2312);
#2054=AXIS2_PLACEMENT_3D('',#2899,#2313,#2314);
#2055=AXIS2_PLACEMENT_3D('',#2903,#2316,#2317);
#2056=AXIS2_PLACEMENT_3D('',#2904,#2318,#2319);
#2057=AXIS2_PLACEMENT_3D('',#2905,#2320,#2321);
#2058=AXIS2_PLACEMENT_3D('',#2908,#2323,#2324);
#2059=AXIS2_PLACEMENT_3D('',#2909,#2325,#2326);
#2060=AXIS2_PLACEMENT_3D('',#2918,#2331,#2332);
#2061=AXIS2_PLACEMENT_3D('',#2924,#2336,#2337);
#2062=AXIS2_PLACEMENT_3D('',#2930,#2341,#2342);
#2063=AXIS2_PLACEMENT_3D('',#2933,#2345,#2346);
#2064=AXIS2_PLACEMENT_3D('',#2939,#2350,#2351);
#2065=AXIS2_PLACEMENT_3D('',#2943,#2354,#2355);
#2066=AXIS2_PLACEMENT_3D('',#2952,#2360,#2361);
#2067=AXIS2_PLACEMENT_3D('',#2961,#2366,#2367);
#2068=AXIS2_PLACEMENT_3D('',#2967,#2371,#2372);
#2069=AXIS2_PLACEMENT_3D('',#2973,#2376,#2377);
#2070=AXIS2_PLACEMENT_3D('',#2976,#2380,#2381);
#2071=AXIS2_PLACEMENT_3D('',#2982,#2385,#2386);
#2072=AXIS2_PLACEMENT_3D('',#2986,#2389,#2390);
#2073=AXIS2_PLACEMENT_3D('',#3003,#2399,#2400);
#2074=AXIS2_PLACEMENT_3D('',#3009,#2404,#2405);
#2075=AXIS2_PLACEMENT_3D('',#3013,#2408,#2409);
#2076=AXIS2_PLACEMENT_3D('',#3017,#2412,#2413);
#2077=AXIS2_PLACEMENT_3D('',#3019,#2415,#2416);
#2078=AXIS2_PLACEMENT_3D('',#3025,#2420,#2421);
#2079=AXIS2_PLACEMENT_3D('',#3029,#2424,#2425);
#2080=AXIS2_PLACEMENT_3D('',#3032,#2426,#2427);
#2081=AXIS2_PLACEMENT_3D('',#3036,#2430,#2431);
#2082=AXIS2_PLACEMENT_3D('',#3038,#2432,#2433);
#2083=AXIS2_PLACEMENT_3D('',#3042,#2435,#2436);
#2084=AXIS2_PLACEMENT_3D('',#3044,#2438,#2439);
#2085=AXIS2_PLACEMENT_3D('',#3048,#2441,#2442);
#2086=AXIS2_PLACEMENT_3D('',#3049,#2443,#2444);
#2087=AXIS2_PLACEMENT_3D('',#3052,#2447,#2448);
#2088=AXIS2_PLACEMENT_3D('',#3069,#2458,#2459);
#2089=AXIS2_PLACEMENT_3D('',#3070,#2460,#2461);
#2090=AXIS2_PLACEMENT_3D('',#3072,#2462,#2463);
#2091=AXIS2_PLACEMENT_3D('',#3075,#2465,#2466);
#2092=AXIS2_PLACEMENT_3D('',#3076,#2467,#2468);
#2093=AXIS2_PLACEMENT_3D('',#3086,#2475,#2476);
#2094=AXIS2_PLACEMENT_3D('',#3088,#2477,#2478);
#2095=AXIS2_PLACEMENT_3D('',#3091,#2480,#2481);
#2096=AXIS2_PLACEMENT_3D('',#3093,#2482,#2483);
#2097=AXIS2_PLACEMENT_3D('',#3095,#2485,#2486);
#2098=AXIS2_PLACEMENT_3D('',#3097,#2487,#2488);
#2099=AXIS2_PLACEMENT_3D('',#3100,#2490,#2491);
#2100=AXIS2_PLACEMENT_3D('',#3102,#2492,#2493);
#2101=AXIS2_PLACEMENT_3D('',#3104,#2495,#2496);
#2102=AXIS2_PLACEMENT_3D('',#3106,#2497,#2498);
#2103=AXIS2_PLACEMENT_3D('',#3109,#2500,#2501);
#2104=AXIS2_PLACEMENT_3D('',#3111,#2502,#2503);
#2105=AXIS2_PLACEMENT_3D('',#3113,#2505,#2506);
#2106=AXIS2_PLACEMENT_3D('',#3115,#2507,#2508);
#2107=AXIS2_PLACEMENT_3D('',#3118,#2510,#2511);
#2108=AXIS2_PLACEMENT_3D('',#3120,#2512,#2513);
#2109=AXIS2_PLACEMENT_3D('',#3122,#2515,#2516);
#2110=AXIS2_PLACEMENT_3D('',#3127,#2520,#2521);
#2111=AXIS2_PLACEMENT_3D('',#3131,#2524,#2525);
#2112=AXIS2_PLACEMENT_3D('',#3135,#2528,#2529);
#2113=AXIS2_PLACEMENT_3D('',#3143,#2535,#2536);
#2114=AXIS2_PLACEMENT_3D('',#3146,#2539,#2540);
#2115=AXIS2_PLACEMENT_3D('',#3153,#2545,#2546);
#2116=AXIS2_PLACEMENT_3D('',#3155,#2548,#2549);
#2117=AXIS2_PLACEMENT_3D('',#3159,#2552,#2553);
#2118=AXIS2_PLACEMENT_3D('',#3164,#2556,#2557);
#2119=AXIS2_PLACEMENT_3D('',#3171,#2561,#2562);
#2120=AXIS2_PLACEMENT_3D('',#3173,#2563,#2564);
#2121=AXIS2_PLACEMENT_3D('',#3180,#2568,#2569);
#2122=AXIS2_PLACEMENT_3D('',#3182,#2570,#2571);
#2123=AXIS2_PLACEMENT_3D('',#3183,#2572,#2573);
#2124=AXIS2_PLACEMENT_3D('',#3185,#2575,#2576);
#2125=AXIS2_PLACEMENT_3D('',#3191,#2580,#2581);
#2126=AXIS2_PLACEMENT_3D('',#3197,#2585,#2586);
#2127=AXIS2_PLACEMENT_3D('',#3199,#2588,#2589);
#2128=AXIS2_PLACEMENT_3D('',#3201,#2591,#2592);
#2129=AXIS2_PLACEMENT_3D('',#3205,#2595,#2596);
#2130=AXIS2_PLACEMENT_3D('',#3207,#2598,#2599);
#2131=AXIS2_PLACEMENT_3D('',#3209,#2600,#2601);
#2132=AXIS2_PLACEMENT_3D('',#3211,#2602,#2603);
#2133=AXIS2_PLACEMENT_3D('',#3213,#2604,#2605);
#2134=AXIS2_PLACEMENT_3D('',#3214,#2606,#2607);
#2135=AXIS2_PLACEMENT_3D('',#3216,#2609,#2610);
#2136=AXIS2_PLACEMENT_3D('',#3218,#2612,#2613);
#2137=AXIS2_PLACEMENT_3D('',#3220,#2615,#2616);
#2138=AXIS2_PLACEMENT_3D('',#3222,#2618,#2619);
#2139=AXIS2_PLACEMENT_3D('',#3224,#2621,#2622);
#2140=AXIS2_PLACEMENT_3D('',#3226,#2624,#2625);
#2141=AXIS2_PLACEMENT_3D('',#3227,#2626,#2627);
#2142=AXIS2_PLACEMENT_3D('',#3229,#2629,#2630);
#2143=AXIS2_PLACEMENT_3D('',#3231,#2632,#2633);
#2144=AXIS2_PLACEMENT_3D('',#3232,#2634,#2635);
#2145=AXIS2_PLACEMENT_3D('',#3234,#2637,#2638);
#2146=AXIS2_PLACEMENT_3D('',#3236,#2640,#2641);
#2147=AXIS2_PLACEMENT_3D('',#3237,#2642,#2643);
#2148=AXIS2_PLACEMENT_3D('',#3239,#2645,#2646);
#2149=AXIS2_PLACEMENT_3D('',#3240,#2647,#2648);
#2150=AXIS2_PLACEMENT_3D('',#3242,#2650,#2651);
#2151=AXIS2_PLACEMENT_3D('',#3243,#2652,#2653);
#2152=AXIS2_PLACEMENT_3D('',#3245,#2654,#2655);
#2153=AXIS2_PLACEMENT_3D('',#3248,#2657,#2658);
#2154=AXIS2_PLACEMENT_3D('',#3249,#2659,#2660);
#2155=AXIS2_PLACEMENT_3D('',#3250,#2661,#2662);
#2156=AXIS2_PLACEMENT_3D('',#3252,#2663,#2664);
#2157=AXIS2_PLACEMENT_3D('',#3255,#2666,#2667);
#2158=AXIS2_PLACEMENT_3D('',#3256,#2668,#2669);
#2159=AXIS2_PLACEMENT_3D('',#3257,#2670,#2671);
#2160=AXIS2_PLACEMENT_3D('',#3259,#2672,#2673);
#2161=AXIS2_PLACEMENT_3D('',#3262,#2675,#2676);
#2162=AXIS2_PLACEMENT_3D('',#3263,#2677,#2678);
#2163=AXIS2_PLACEMENT_3D('',#3264,#2679,#2680);
#2164=AXIS2_PLACEMENT_3D('',#3266,#2681,#2682);
#2165=AXIS2_PLACEMENT_3D('',#3269,#2684,#2685);
#2166=AXIS2_PLACEMENT_3D('',#3270,#2686,#2687);
#2167=AXIS2_PLACEMENT_3D('',#3271,#2688,#2689);
#2168=AXIS2_PLACEMENT_3D('',#3272,#2690,#2691);
#2169=AXIS2_PLACEMENT_3D('',#3273,#2692,#2693);
#2170=AXIS2_PLACEMENT_3D('',#3274,#2694,#2695);
#2171=AXIS2_PLACEMENT_3D('',#3275,#2696,#2697);
#2172=AXIS2_PLACEMENT_3D('',#3292,#2698,#2699);
#2173=AXIS2_PLACEMENT_3D('',#3293,#2700,#2701);
#2174=AXIS2_PLACEMENT_3D('',#3294,#2702,#2703);
#2175=AXIS2_PLACEMENT_3D('',#3295,#2704,#2705);
#2176=AXIS2_PLACEMENT_3D('',#3316,#2706,#2707);
#2177=AXIS2_PLACEMENT_3D('',#3319,#2708,#2709);
#2178=AXIS2_PLACEMENT_3D('',#3338,#2710,#2711);
#2179=AXIS2_PLACEMENT_3D('',#3339,#2712,#2713);
#2180=AXIS2_PLACEMENT_3D('',#3350,#2714,#2715);
#2181=AXIS2_PLACEMENT_3D('',#3351,#2716,#2717);
#2182=AXIS2_PLACEMENT_3D('',#3352,#2718,#2719);
#2183=AXIS2_PLACEMENT_3D('',#3379,#2720,#2721);
#2184=AXIS2_PLACEMENT_3D('view reference',#3404,#2722,#2723);
#2185=AXIS2_PLACEMENT_3D('view window',#3405,#2724,#2725);
#2186=AXIS2_PLACEMENT_3D('view reference',#3407,#2726,#2727);
#2187=AXIS2_PLACEMENT_3D('view window',#3408,#2728,#2729);
#2188=AXIS2_PLACEMENT_3D('view reference',#3410,#2730,#2731);
#2189=AXIS2_PLACEMENT_3D('view window',#3411,#2732,#2733);
#2190=AXIS2_PLACEMENT_3D('view reference',#3413,#2734,#2735);
#2191=AXIS2_PLACEMENT_3D('view window',#3414,#2736,#2737);
#2192=AXIS2_PLACEMENT_3D('view reference',#3416,#2738,#2739);
#2193=AXIS2_PLACEMENT_3D('view window',#3417,#2740,#2741);
#2194=AXIS2_PLACEMENT_3D('',#3419,#2742,#2743);
#2195=AXIS2_PLACEMENT_3D('',#3420,#2744,#2745);
#2196=AXIS2_PLACEMENT_3D('',#3421,#2746,#2747);
#2197=AXIS2_PLACEMENT_3D('',#3422,#2748,#2749);
#2198=AXIS2_PLACEMENT_3D('',#3423,#2750,#2751);
#2199=AXIS2_PLACEMENT_3D('',#3424,#2752,#2753);
#2200=AXIS2_PLACEMENT_3D('',#3425,#2754,#2755);
#2201=AXIS2_PLACEMENT_3D('',#3426,#2756,#2757);
#2202=AXIS2_PLACEMENT_3D('',#3427,#2758,#2759);
#2203=AXIS2_PLACEMENT_3D('',#3428,#2760,#2761);
#2204=AXIS2_PLACEMENT_3D('',#3429,#2762,#2763);
#2205=DIRECTION('axis',(0.,0.,1.));
#2206=DIRECTION('refdir',(1.,0.,0.));
#2207=DIRECTION('center_axis',(0.,-1.,0.));
#2208=DIRECTION('ref_axis',(1.,0.,0.));
#2209=DIRECTION('center_axis',(0.,1.,0.));
#2210=DIRECTION('ref_axis',(1.,0.,0.));
#2211=DIRECTION('',(0.707106781186548,0.707106781186547,8.65956056235494E-17));
#2212=DIRECTION('center_axis',(0.,-1.,0.));
#2213=DIRECTION('ref_axis',(1.,0.,0.));
#2214=DIRECTION('center_axis',(0.,-1.,0.));
#2215=DIRECTION('ref_axis',(1.,0.,0.));
#2216=DIRECTION('center_axis',(0.,1.,0.));
#2217=DIRECTION('ref_axis',(0.,0.,1.));
#2218=DIRECTION('center_axis',(0.,1.,0.));
#2219=DIRECTION('ref_axis',(1.,0.,0.));
#2220=DIRECTION('',(2.96059473233375E-17,0.,-1.));
#2221=DIRECTION('',(0.707106781186547,0.,0.707106781186548));
#2222=DIRECTION('',(-1.,0.,2.089831575765E-16));
#2223=DIRECTION('',(0.707106781186548,0.,-0.707106781186547));
#2224=DIRECTION('',(0.,0.,-1.));
#2225=DIRECTION('',(-1.,0.,2.089831575765E-16));
#2226=DIRECTION('',(0.,0.,-1.));
#2227=DIRECTION('',(1.,0.,-2.089831575765E-16));
#2228=DIRECTION('',(-1.48029736616688E-16,0.,-1.));
#2229=DIRECTION('',(-1.,0.,2.089831575765E-16));
#2230=DIRECTION('',(-4.44089209850058E-16,0.,1.));
#2231=DIRECTION('',(1.,0.,3.73969860926368E-16));
#2232=DIRECTION('',(-4.44089209850058E-16,0.,1.));
#2233=DIRECTION('',(-1.,0.,2.089831575765E-16));
#2234=DIRECTION('',(-1.48029736616688E-16,0.,-1.));
#2235=DIRECTION('',(1.,0.,-2.089831575765E-16));
#2236=DIRECTION('',(-4.44089209850058E-16,0.,1.));
#2237=DIRECTION('',(1.,0.,3.73969860926368E-16));
#2238=DIRECTION('',(-4.44089209850058E-16,0.,1.));
#2239=DIRECTION('',(1.,0.,-2.089831575765E-16));
#2240=DIRECTION('',(2.96059473233375E-17,0.,-1.));
#2241=DIRECTION('center_axis',(0.,1.,0.));
#2242=DIRECTION('ref_axis',(1.,0.,0.));
#2243=DIRECTION('',(2.96059473233375E-17,0.,-1.));
#2244=DIRECTION('center_axis',(0.,1.,0.));
#2245=DIRECTION('ref_axis',(1.,0.,0.));
#2246=DIRECTION('center_axis',(0.,1.,0.));
#2247=DIRECTION('ref_axis',(-1.,0.,0.));
#2248=DIRECTION('center_axis',(0.,1.,0.));
#2249=DIRECTION('ref_axis',(-1.,0.,0.));
#2250=DIRECTION('',(0.,-1.,0.));
#2251=DIRECTION('center_axis',(0.,-1.,0.));
#2252=DIRECTION('ref_axis',(1.,0.,0.));
#2253=DIRECTION('',(0.707106781186548,0.707106781186547,8.65956056235494E-17));
#2254=DIRECTION('center_axis',(0.,-1.,0.));
#2255=DIRECTION('ref_axis',(1.,0.,0.));
#2256=DIRECTION('center_axis',(0.,-1.,0.));
#2257=DIRECTION('ref_axis',(1.,0.,0.));
#2258=DIRECTION('center_axis',(0.,1.,0.));
#2259=DIRECTION('ref_axis',(-1.,0.,0.));
#2260=DIRECTION('center_axis',(0.,1.,0.));
#2261=DIRECTION('ref_axis',(-1.,0.,0.));
#2262=DIRECTION('',(0.,-1.,0.));
#2263=DIRECTION('center_axis',(0.,-1.,0.));
#2264=DIRECTION('ref_axis',(1.,0.,0.));
#2265=DIRECTION('',(0.707106781186548,0.707106781186547,8.65956056235494E-17));
#2266=DIRECTION('center_axis',(0.,-1.,0.));
#2267=DIRECTION('ref_axis',(1.,0.,0.));
#2268=DIRECTION('center_axis',(0.,-1.,0.));
#2269=DIRECTION('ref_axis',(1.,0.,0.));
#2270=DIRECTION('center_axis',(0.,1.,0.));
#2271=DIRECTION('ref_axis',(-1.,0.,0.));
#2272=DIRECTION('center_axis',(0.,1.,0.));
#2273=DIRECTION('ref_axis',(-1.,0.,0.));
#2274=DIRECTION('',(0.,-1.,0.));
#2275=DIRECTION('center_axis',(0.,-1.,0.));
#2276=DIRECTION('ref_axis',(1.,0.,0.));
#2277=DIRECTION('',(0.707106781186548,0.707106781186547,8.65956056235494E-17));
#2278=DIRECTION('center_axis',(0.,-1.,0.));
#2279=DIRECTION('ref_axis',(1.,0.,0.));
#2280=DIRECTION('center_axis',(0.,-1.,0.));
#2281=DIRECTION('ref_axis',(1.,0.,0.));
#2282=DIRECTION('center_axis',(0.,1.,0.));
#2283=DIRECTION('ref_axis',(-1.,0.,0.));
#2284=DIRECTION('center_axis',(0.,1.,0.));
#2285=DIRECTION('ref_axis',(-1.,0.,0.));
#2286=DIRECTION('',(0.,-1.,0.));
#2287=DIRECTION('center_axis',(0.,0.,1.));
#2288=DIRECTION('ref_axis',(-1.,0.,5.19402584619952E-16));
#2289=DIRECTION('center_axis',(4.67462326157961E-16,0.,1.));
#2290=DIRECTION('ref_axis',(-1.,0.,4.67462326157961E-16));
#2291=DIRECTION('',(-0.707106781186543,-8.65956056235488E-17,-0.707106781186552));
#2292=DIRECTION('center_axis',(-4.67462326157961E-16,0.,-1.));
#2293=DIRECTION('ref_axis',(-1.,0.,5.9211894646674E-16));
#2294=DIRECTION('center_axis',(-4.67462326157961E-16,0.,-1.));
#2295=DIRECTION('ref_axis',(-1.,0.,5.9211894646674E-16));
#2296=DIRECTION('center_axis',(4.67462326157961E-16,0.,1.));
#2297=DIRECTION('ref_axis',(1.,0.,-4.67462326157961E-16));
#2298=DIRECTION('',(0.,-1.,0.));
#2299=DIRECTION('',(1.,0.,-4.67462326157961E-16));
#2300=DIRECTION('',(0.,1.,0.));
#2301=DIRECTION('',(-1.,0.,4.67462326157961E-16));
#2302=DIRECTION('center_axis',(4.67462326157961E-16,0.,1.));
#2303=DIRECTION('ref_axis',(-1.,0.,4.67462326157961E-16));
#2304=DIRECTION('center_axis',(-5.9211894646674E-16,0.,-1.));
#2305=DIRECTION('ref_axis',(1.,0.,-5.9211894646674E-16));
#2306=DIRECTION('',(-5.9211894646674E-16,0.,-1.));
#2307=DIRECTION('center_axis',(2.089831575765E-16,0.,1.));
#2308=DIRECTION('ref_axis',(1.,0.,-5.9211894646674E-16));
#2309=DIRECTION('center_axis',(0.707106781186547,0.,0.707106781186548));
#2310=DIRECTION('ref_axis',(0.707106781186548,0.,-0.707106781186547));
#2311=DIRECTION('center_axis',(2.089831575765E-16,0.,1.));
#2312=DIRECTION('ref_axis',(1.,0.,-5.9211894646674E-16));
#2313=DIRECTION('center_axis',(5.5511151231258E-16,0.,1.));
#2314=DIRECTION('ref_axis',(-1.,0.,4.73143291927238E-16));
#2315=DIRECTION('',(-0.707106781186549,-8.65956056235495E-17,-0.707106781186546));
#2316=DIRECTION('center_axis',(-4.67462326157961E-16,0.,-1.));
#2317=DIRECTION('ref_axis',(-1.,0.,4.81096644004226E-16));
#2318=DIRECTION('center_axis',(-4.67462326157961E-16,0.,-1.));
#2319=DIRECTION('ref_axis',(-1.,0.,4.81096644004226E-16));
#2320=DIRECTION('center_axis',(-4.81096644004226E-16,0.,-1.));
#2321=DIRECTION('ref_axis',(1.,0.,-4.81096644004226E-16));
#2322=DIRECTION('',(-4.81096644004226E-16,0.,-1.));
#2323=DIRECTION('center_axis',(2.089831575765E-16,0.,1.));
#2324=DIRECTION('ref_axis',(1.,0.,-4.81096644004226E-16));
#2325=DIRECTION('center_axis',(0.707106781186546,0.,-0.707106781186549));
#2326=DIRECTION('ref_axis',(-0.707106781186549,0.,-0.707106781186546));
#2327=DIRECTION('',(0.,-1.,0.));
#2328=DIRECTION('',(-0.577350269189626,0.577350269189625,-0.577350269189626));
#2329=DIRECTION('',(0.,1.,0.));
#2330=DIRECTION('',(0.577350269189628,0.577350269189625,0.577350269189625));
#2331=DIRECTION('center_axis',(0.707106781186547,0.707106781186548,-6.25318208653277E-17));
#2332=DIRECTION('ref_axis',(-8.84333491476314E-17,0.,-1.));
#2333=DIRECTION('',(-2.15315980533364E-16,1.26882631385732E-16,-1.));
#2334=DIRECTION('',(-0.577350269189627,0.577350269189626,0.577350269189625));
#2335=DIRECTION('',(2.15315980533364E-16,-1.26882631385732E-16,1.));
#2336=DIRECTION('center_axis',(0.707106781186547,0.,0.707106781186548));
#2337=DIRECTION('ref_axis',(0.707106781186548,0.,-0.707106781186547));
#2338=DIRECTION('',(0.,-1.,0.));
#2339=DIRECTION('',(0.,1.,0.));
#2340=DIRECTION('',(-0.577350269189626,-0.577350269189625,0.577350269189626));
#2341=DIRECTION('center_axis',(0.707106781186547,-0.707106781186548,-1.52251389932972E-16));
#2342=DIRECTION('ref_axis',(-2.15315980533364E-16,0.,-1.));
#2343=DIRECTION('',(2.15315980533364E-16,0.,1.));
#2344=DIRECTION('',(-2.15315980533364E-16,0.,-1.));
#2345=DIRECTION('center_axis',(0.,1.,0.));
#2346=DIRECTION('ref_axis',(-2.15315980533364E-16,0.,-1.));
#2347=DIRECTION('',(-1.,0.,0.));
#2348=DIRECTION('',(3.5527136788005E-16,0.,1.));
#2349=DIRECTION('',(-1.,0.,0.));
#2350=DIRECTION('center_axis',(0.,0.,1.));
#2351=DIRECTION('ref_axis',(0.,1.,0.));
#2352=DIRECTION('',(-1.,0.,0.));
#2353=DIRECTION('',(0.,-1.,0.));
#2354=DIRECTION('center_axis',(1.,0.,-2.15315980533364E-16));
#2355=DIRECTION('ref_axis',(-2.15315980533364E-16,0.,-1.));
#2356=DIRECTION('',(0.,1.,0.));
#2357=DIRECTION('',(2.15315980533364E-16,0.,1.));
#2358=DIRECTION('',(0.,-1.,0.));
#2359=DIRECTION('',(-2.15315980533364E-16,0.,-1.));
#2360=DIRECTION('center_axis',(-0.707106781186549,-0.707106781186546,2.66439932382702E-16));
#2361=DIRECTION('ref_axis',(3.76802965933386E-16,0.,1.));
#2362=DIRECTION('',(-3.76802965933386E-16,0.,-1.));
#2363=DIRECTION('',(0.577350269189624,-0.577350269189625,0.577350269189629));
#2364=DIRECTION('',(3.76802965933386E-16,0.,1.));
#2365=DIRECTION('',(-0.577350269189624,0.577350269189626,0.577350269189627));
#2366=DIRECTION('center_axis',(-0.707106781186548,7.85046229341888E-16,
-0.707106781186548));
#2367=DIRECTION('ref_axis',(-0.707106781186548,0.,0.707106781186548));
#2368=DIRECTION('',(-4.18335328526294E-31,-1.,-1.11022302462516E-15));
#2369=DIRECTION('',(-0.577350269189626,-0.577350269189626,0.577350269189625));
#2370=DIRECTION('',(4.18335328526294E-31,1.,1.11022302462516E-15));
#2371=DIRECTION('center_axis',(-0.707106781186547,0.707106781186548,2.66439932382701E-16));
#2372=DIRECTION('ref_axis',(3.76802965933386E-16,0.,1.));
#2373=DIRECTION('',(3.76802965933386E-16,0.,1.));
#2374=DIRECTION('',(-3.76802965933386E-16,0.,-1.));
#2375=DIRECTION('',(-0.577350269189623,-0.577350269189625,-0.577350269189629));
#2376=DIRECTION('center_axis',(-0.707106781186551,0.,0.707106781186544));
#2377=DIRECTION('ref_axis',(0.707106781186544,0.,0.707106781186551));
#2378=DIRECTION('',(0.,-1.,0.));
#2379=DIRECTION('',(0.,1.,0.));
#2380=DIRECTION('center_axis',(0.,-1.11022302462516E-15,1.));
#2381=DIRECTION('ref_axis',(-4.18335328526294E-31,-1.,-1.11022302462516E-15));
#2382=DIRECTION('',(1.,0.,0.));
#2383=DIRECTION('',(-3.28692043842088E-32,1.,1.11022302462516E-15));
#2384=DIRECTION('',(1.,0.,0.));
#2385=DIRECTION('center_axis',(0.,1.,0.));
#2386=DIRECTION('ref_axis',(3.76802965933386E-16,0.,1.));
#2387=DIRECTION('',(1.,0.,0.));
#2388=DIRECTION('',(2.96059473233375E-17,0.,-1.));
#2389=DIRECTION('center_axis',(-1.,0.,3.76802965933386E-16));
#2390=DIRECTION('ref_axis',(3.76802965933386E-16,0.,1.));
#2391=DIRECTION('',(0.,-1.,0.));
#2392=DIRECTION('',(3.76802965933386E-16,0.,1.));
#2393=DIRECTION('',(0.,1.,0.));
#2394=DIRECTION('',(-3.76802965933386E-16,0.,-1.));
#2395=DIRECTION('',(0.,-1.,0.));
#2396=DIRECTION('',(-3.76802965933386E-16,1.30614473485313E-16,-1.));
#2397=DIRECTION('',(0.,1.,0.));
#2398=DIRECTION('',(3.76802965933386E-16,1.30614473485313E-16,1.));
#2399=DIRECTION('center_axis',(-0.707106781186546,0.,0.707106781186549));
#2400=DIRECTION('ref_axis',(0.707106781186549,0.,0.707106781186546));
#2401=DIRECTION('',(0.577350269189626,0.577350269189626,0.577350269189626));
#2402=DIRECTION('',(0.,1.,0.));
#2403=DIRECTION('',(-0.577350269189626,0.577350269189626,-0.577350269189625));
#2404=DIRECTION('center_axis',(-0.707106781186547,0.707106781186548,1.74081552460126E-16));
#2405=DIRECTION('ref_axis',(2.46188492448074E-16,0.,1.));
#2406=DIRECTION('',(0.577350269189626,0.577350269189626,-0.577350269189625));
#2407=DIRECTION('',(-3.76802965933386E-16,-1.30614473485313E-16,-1.));
#2408=DIRECTION('center_axis',(-0.707106781186545,0.,-0.70710678118655));
#2409=DIRECTION('ref_axis',(-0.70710678118655,0.,0.707106781186545));
#2410=DIRECTION('',(0.,-1.,0.));
#2411=DIRECTION('',(0.577350269189626,-0.577350269189627,-0.577350269189624));
#2412=DIRECTION('center_axis',(-0.707106781186548,-0.707106781186547,1.74081552460126E-16));
#2413=DIRECTION('ref_axis',(2.46188492448074E-16,0.,1.));
#2414=DIRECTION('',(3.76802965933386E-16,-1.30614473485313E-16,1.));
#2415=DIRECTION('center_axis',(5.80044783250738E-32,1.,1.30614473485313E-16));
#2416=DIRECTION('ref_axis',(3.76802965933386E-16,-1.30614473485313E-16,
1.));
#2417=DIRECTION('',(1.,0.,-4.44089209850058E-16));
#2418=DIRECTION('',(2.96059473233375E-17,1.30614473485313E-16,-1.));
#2419=DIRECTION('',(1.,0.,-4.44089209850058E-16));
#2420=DIRECTION('center_axis',(-4.44089209850058E-16,0.,-1.));
#2421=DIRECTION('ref_axis',(0.,1.,0.));
#2422=DIRECTION('',(1.,0.,-4.44089209850058E-16));
#2423=DIRECTION('',(0.,-1.,0.));
#2424=DIRECTION('center_axis',(0.,1.,0.));
#2425=DIRECTION('ref_axis',(-1.,0.,-3.73969860926369E-16));
#2426=DIRECTION('center_axis',(0.,-1.,0.));
#2427=DIRECTION('ref_axis',(-0.707106781186547,0.,-0.707106781186547));
#2428=DIRECTION('',(-2.96059473233375E-17,0.,1.));
#2429=DIRECTION('',(-1.,0.,2.089831575765E-16));
#2430=DIRECTION('center_axis',(0.,1.,0.));
#2431=DIRECTION('ref_axis',(-0.707106781186547,0.,-0.707106781186547));
#2432=DIRECTION('center_axis',(0.,-1.,0.));
#2433=DIRECTION('ref_axis',(-0.707106781186547,0.,-0.707106781186547));
#2434=DIRECTION('',(0.,1.,0.));
#2435=DIRECTION('center_axis',(0.,1.,0.));
#2436=DIRECTION('ref_axis',(-0.707106781186547,0.,-0.707106781186547));
#2437=DIRECTION('',(0.,-1.,0.));
#2438=DIRECTION('center_axis',(2.089831575765E-16,0.,1.));
#2439=DIRECTION('ref_axis',(1.,0.,-2.089831575765E-16));
#2440=DIRECTION('',(0.,1.,0.));
#2441=DIRECTION('center_axis',(-2.089831575765E-16,0.,-1.));
#2442=DIRECTION('ref_axis',(-1.,0.,-5.92118946466744E-16));
#2443=DIRECTION('center_axis',(-2.089831575765E-16,0.,-1.));
#2444=DIRECTION('ref_axis',(-1.,0.,-5.92118946466744E-16));
#2445=DIRECTION('',(0.,1.,0.));
#2446=DIRECTION('',(0.,1.,0.));
#2447=DIRECTION('center_axis',(2.089831575765E-16,0.,1.));
#2448=DIRECTION('ref_axis',(1.,0.,-2.089831575765E-16));
#2449=DIRECTION('',(1.,0.,-2.089831575765E-16));
#2450=DIRECTION('',(0.,-1.,0.));
#2451=DIRECTION('',(0.,1.,0.));
#2452=DIRECTION('',(1.,0.,-2.089831575765E-16));
#2453=DIRECTION('',(0.,-1.,0.));
#2454=DIRECTION('',(0.,1.,0.));
#2455=DIRECTION('',(1.,2.56205313375036E-16,-2.089831575765E-16));
#2456=DIRECTION('',(0.,-1.,0.));
#2457=DIRECTION('',(1.,0.,-2.089831575765E-16));
#2458=DIRECTION('center_axis',(-2.089831575765E-16,0.,-1.));
#2459=DIRECTION('ref_axis',(-1.,0.,-4.44089209850058E-16));
#2460=DIRECTION('center_axis',(0.,1.,0.));
#2461=DIRECTION('ref_axis',(0.707106781186547,0.,-0.707106781186547));
#2462=DIRECTION('center_axis',(2.56205313375036E-16,-1.,0.));
#2463=DIRECTION('ref_axis',(0.707106781186547,0.,-0.707106781186547));
#2464=DIRECTION('',(0.,1.,0.));
#2465=DIRECTION('center_axis',(0.,1.,0.));
#2466=DIRECTION('ref_axis',(0.707106781186547,0.,-0.707106781186547));
#2467=DIRECTION('center_axis',(-1.,0.,3.5527136788005E-16));
#2468=DIRECTION('ref_axis',(3.5527136788005E-16,0.,1.));
#2469=DIRECTION('',(0.,0.,-1.));
#2470=DIRECTION('',(0.,-1.,0.));
#2471=DIRECTION('',(0.,-1.,0.));
#2472=DIRECTION('',(3.5527136788005E-16,0.,1.));
#2473=DIRECTION('',(-3.5527136788005E-16,1.26882631385732E-16,-1.));
#2474=DIRECTION('',(0.,1.,0.));
#2475=DIRECTION('center_axis',(0.,1.,0.));
#2476=DIRECTION('ref_axis',(1.,0.,0.));
#2477=DIRECTION('center_axis',(0.,1.,0.));
#2478=DIRECTION('ref_axis',(1.,0.,0.));
#2479=DIRECTION('',(0.857167300702112,-0.515038074910054,-1.04972719113862E-16));
#2480=DIRECTION('center_axis',(0.,1.,0.));
#2481=DIRECTION('ref_axis',(1.,0.,0.));
#2482=DIRECTION('center_axis',(0.,-1.,0.));
#2483=DIRECTION('ref_axis',(1.,0.,0.));
#2484=DIRECTION('',(0.,-1.,0.));
#2485=DIRECTION('center_axis',(0.,1.,0.));
#2486=DIRECTION('ref_axis',(1.,0.,0.));
#2487=DIRECTION('center_axis',(0.,1.,0.));
#2488=DIRECTION('ref_axis',(1.,0.,0.));
#2489=DIRECTION('',(0.857167300702112,-0.515038074910054,-1.04972719113862E-16));
#2490=DIRECTION('center_axis',(0.,1.,0.));
#2491=DIRECTION('ref_axis',(1.,0.,0.));
#2492=DIRECTION('center_axis',(0.,-1.,0.));
#2493=DIRECTION('ref_axis',(1.,0.,0.));
#2494=DIRECTION('',(0.,-1.,0.));
#2495=DIRECTION('center_axis',(0.,1.,0.));
#2496=DIRECTION('ref_axis',(1.,0.,0.));
#2497=DIRECTION('center_axis',(0.,1.,0.));
#2498=DIRECTION('ref_axis',(1.,0.,0.));
#2499=DIRECTION('',(0.857167300702112,-0.515038074910054,-1.04972719113862E-16));
#2500=DIRECTION('center_axis',(0.,1.,0.));
#2501=DIRECTION('ref_axis',(1.,0.,0.));
#2502=DIRECTION('center_axis',(0.,-1.,0.));
#2503=DIRECTION('ref_axis',(1.,0.,0.));
#2504=DIRECTION('',(0.,-1.,0.));
#2505=DIRECTION('center_axis',(0.,1.,0.));
#2506=DIRECTION('ref_axis',(1.,0.,0.));
#2507=DIRECTION('center_axis',(0.,1.,0.));
#2508=DIRECTION('ref_axis',(1.,0.,0.));
#2509=DIRECTION('',(0.857167300702112,-0.515038074910054,-1.04972719113862E-16));
#2510=DIRECTION('center_axis',(0.,1.,0.));
#2511=DIRECTION('ref_axis',(1.,0.,0.));
#2512=DIRECTION('center_axis',(0.,-1.,0.));
#2513=DIRECTION('ref_axis',(1.,0.,0.));
#2514=DIRECTION('',(0.,-1.,0.));
#2515=DIRECTION('center_axis',(-0.707106781186547,0.,-0.707106781186548));
#2516=DIRECTION('ref_axis',(-0.707106781186548,0.,0.707106781186547));
#2517=DIRECTION('',(0.,1.,0.));
#2518=DIRECTION('',(0.707106781186548,0.,-0.707106781186547));
#2519=DIRECTION('',(0.,1.,0.));
#2520=DIRECTION('center_axis',(-2.089831575765E-16,0.,-1.));
#2521=DIRECTION('ref_axis',(-1.,0.,2.089831575765E-16));
#2522=DIRECTION('',(0.,-1.,0.));
#2523=DIRECTION('',(-1.,0.,2.089831575765E-16));
#2524=DIRECTION('center_axis',(0.707106781186548,0.,-0.707106781186547));
#2525=DIRECTION('ref_axis',(-0.707106781186547,0.,-0.707106781186548));
#2526=DIRECTION('',(0.,1.,0.));
#2527=DIRECTION('',(0.707106781186547,0.,0.707106781186548));
#2528=DIRECTION('center_axis',(1.,0.,2.96059473233375E-17));
#2529=DIRECTION('ref_axis',(2.96059473233375E-17,0.,-1.));
#2530=DIRECTION('',(2.96059473233375E-17,0.,-1.));
#2531=DIRECTION('',(0.,-1.,0.));
#2532=DIRECTION('',(-2.96059473233375E-17,0.,1.));
#2533=DIRECTION('',(-2.96059473233375E-17,1.30614473485313E-16,1.));
#2534=DIRECTION('',(0.,1.,0.));
#2535=DIRECTION('center_axis',(0.707106781186546,0.,0.707106781186549));
#2536=DIRECTION('ref_axis',(0.707106781186549,0.,-0.707106781186546));
#2537=DIRECTION('',(-0.707106781186549,0.,0.707106781186546));
#2538=DIRECTION('',(0.707106781186549,0.,-0.707106781186546));
#2539=DIRECTION('center_axis',(0.,-1.,0.));
#2540=DIRECTION('ref_axis',(0.,0.,-1.));
#2541=DIRECTION('',(0.707106781186549,0.,0.707106781186546));
#2542=DIRECTION('',(-0.707106781186549,0.,0.707106781186546));
#2543=DIRECTION('',(1.,0.,3.73969860926368E-16));
#2544=DIRECTION('',(-0.707106781186548,0.,-0.707106781186548));
#2545=DIRECTION('center_axis',(-0.707106781186546,0.,0.707106781186549));
#2546=DIRECTION('ref_axis',(0.707106781186549,0.,0.707106781186546));
#2547=DIRECTION('',(-0.707106781186549,0.,-0.707106781186546));
#2548=DIRECTION('center_axis',(0.707106781186548,0.,-0.707106781186548));
#2549=DIRECTION('ref_axis',(-0.707106781186548,0.,-0.707106781186548));
#2550=DIRECTION('',(0.707106781186548,0.,0.707106781186548));
#2551=DIRECTION('',(0.,1.,0.));
#2552=DIRECTION('center_axis',(3.73969860926368E-16,0.,-1.));
#2553=DIRECTION('ref_axis',(-1.,0.,-3.73969860926368E-16));
#2554=DIRECTION('',(0.,-1.,0.));
#2555=DIRECTION('',(-1.,0.,-3.73969860926368E-16));
#2556=DIRECTION('center_axis',(-3.73969860926368E-16,0.,1.));
#2557=DIRECTION('ref_axis',(-1.,0.,-5.92118946466744E-16));
#2558=DIRECTION('',(-1.,0.,-3.73969860926368E-16));
#2559=DIRECTION('',(0.,-1.,0.));
#2560=DIRECTION('',(0.,1.,0.));
#2561=DIRECTION('center_axis',(-3.73969860926368E-16,0.,1.));
#2562=DIRECTION('ref_axis',(-1.,0.,-2.96059473233372E-16));
#2563=DIRECTION('center_axis',(-3.73969860926368E-16,0.,1.));
#2564=DIRECTION('ref_axis',(-1.,0.,-4.44089209850058E-16));
#2565=DIRECTION('',(0.,-1.,0.));
#2566=DIRECTION('',(0.,1.,0.));
#2567=DIRECTION('',(-1.,0.,-3.73969860926368E-16));
#2568=DIRECTION('center_axis',(-3.73969860926368E-16,0.,1.));
#2569=DIRECTION('ref_axis',(-1.,0.,-5.92118946466744E-16));
#2570=DIRECTION('center_axis',(-3.73969860926368E-16,0.,1.));
#2571=DIRECTION('ref_axis',(-1.,0.,-2.96059473233372E-16));
#2572=DIRECTION('center_axis',(-0.707106781186546,0.,-0.707106781186549));
#2573=DIRECTION('ref_axis',(-0.707106781186549,0.,0.707106781186546));
#2574=DIRECTION('',(0.707106781186549,0.,-0.707106781186546));
#2575=DIRECTION('center_axis',(-1.48029736616688E-16,0.,-1.));
#2576=DIRECTION('ref_axis',(-1.,0.,1.48029736616688E-16));
#2577=DIRECTION('',(0.,-1.,0.));
#2578=DIRECTION('',(1.,8.88178419700125E-17,-2.089831575765E-16));
#2579=DIRECTION('',(0.,1.,0.));
#2580=DIRECTION('center_axis',(-1.48029736616688E-16,0.,-1.));
#2581=DIRECTION('ref_axis',(-1.,0.,1.48029736616688E-16));
#2582=DIRECTION('',(0.,1.,0.));
#2583=DIRECTION('',(0.,-1.,0.));
#2584=DIRECTION('',(1.,8.88178419700125E-17,-2.089831575765E-16));
#2585=DIRECTION('center_axis',(1.,0.,-1.48029736616688E-16));
#2586=DIRECTION('ref_axis',(0.,-1.,0.));
#2587=DIRECTION('',(-1.48029736616688E-16,0.,-1.));
#2588=DIRECTION('center_axis',(-1.,0.,1.48029736616688E-16));
#2589=DIRECTION('ref_axis',(0.,1.,0.));
#2590=DIRECTION('',(-1.48029736616688E-16,0.,-1.));
#2591=DIRECTION('center_axis',(-1.,0.,0.));
#2592=DIRECTION('ref_axis',(0.,1.,0.));
#2593=DIRECTION('',(0.,1.,0.));
#2594=DIRECTION('',(0.,0.,-1.));
#2595=DIRECTION('center_axis',(-2.56205313375036E-16,1.,0.));
#2596=DIRECTION('ref_axis',(1.,2.56205313375036E-16,-2.089831575765E-16));
#2597=DIRECTION('',(1.,2.56205313375036E-16,-2.089831575765E-16));
#2598=DIRECTION('center_axis',(2.089831575765E-16,0.,1.));
#2599=DIRECTION('ref_axis',(1.,0.,-2.089831575765E-16));
#2600=DIRECTION('center_axis',(2.089831575765E-16,0.,1.));
#2601=DIRECTION('ref_axis',(-1.,0.,-5.92118946466744E-16));
#2602=DIRECTION('center_axis',(2.089831575765E-16,0.,1.));
#2603=DIRECTION('ref_axis',(-1.,0.,-2.96059473233372E-16));
#2604=DIRECTION('center_axis',(2.089831575765E-16,0.,1.));
#2605=DIRECTION('ref_axis',(-1.,0.,-2.96059473233372E-16));
#2606=DIRECTION('center_axis',(1.,0.,4.44089209850058E-16));
#2607=DIRECTION('ref_axis',(0.,1.,0.));
#2608=DIRECTION('',(-4.44089209850058E-16,0.,1.));
#2609=DIRECTION('center_axis',(0.,1.,0.));
#2610=DIRECTION('ref_axis',(-1.,0.,-3.73969860926368E-16));
#2611=DIRECTION('',(-4.44089209850058E-16,0.,1.));
#2612=DIRECTION('center_axis',(-2.96059473233372E-16,0.,1.));
#2613=DIRECTION('ref_axis',(-1.,0.,-2.96059473233372E-16));
#2614=DIRECTION('',(-2.96059473233372E-16,0.,1.));
#2615=DIRECTION('center_axis',(-5.92118946466744E-16,0.,1.));
#2616=DIRECTION('ref_axis',(-1.,0.,-5.92118946466744E-16));
#2617=DIRECTION('',(-5.92118946466744E-16,0.,1.));
#2618=DIRECTION('center_axis',(-1.,0.,-4.44089209850058E-16));
#2619=DIRECTION('ref_axis',(0.,-1.,0.));
#2620=DIRECTION('',(-4.44089209850058E-16,0.,1.));
#2621=DIRECTION('center_axis',(1.,0.,4.44089209850058E-16));
#2622=DIRECTION('ref_axis',(0.,1.,0.));
#2623=DIRECTION('',(-4.44089209850058E-16,0.,1.));
#2624=DIRECTION('center_axis',(0.,1.,0.));
#2625=DIRECTION('ref_axis',(-1.,0.,-3.73969860926369E-16));
#2626=DIRECTION('center_axis',(-4.44089209850058E-16,0.,1.));
#2627=DIRECTION('ref_axis',(-1.,0.,-4.44089209850058E-16));
#2628=DIRECTION('',(-4.44089209850058E-16,0.,1.));
#2629=DIRECTION('center_axis',(-2.96059473233372E-16,0.,1.));
#2630=DIRECTION('ref_axis',(-1.,0.,-2.96059473233372E-16));
#2631=DIRECTION('',(-2.96059473233372E-16,0.,1.));
#2632=DIRECTION('center_axis',(-1.,0.,-4.44089209850058E-16));
#2633=DIRECTION('ref_axis',(0.,-1.,0.));
#2634=DIRECTION('center_axis',(-5.92118946466744E-16,0.,1.));
#2635=DIRECTION('ref_axis',(-1.,0.,-5.92118946466744E-16));
#2636=DIRECTION('',(-5.92118946466744E-16,0.,1.));
#2637=DIRECTION('center_axis',(0.,-1.,-1.26882631385732E-16));
#2638=DIRECTION('ref_axis',(2.15315980533364E-16,-1.26882631385732E-16,
1.));
#2639=DIRECTION('',(-1.,0.,0.));
#2640=DIRECTION('center_axis',(0.,0.,-1.));
#2641=DIRECTION('ref_axis',(0.,-1.,0.));
#2642=DIRECTION('center_axis',(5.80044783250738E-32,-1.,1.30614473485313E-16));
#2643=DIRECTION('ref_axis',(-3.76802965933386E-16,-1.30614473485313E-16,
-1.));
#2644=DIRECTION('',(1.,0.,-4.44089209850058E-16));
#2645=DIRECTION('center_axis',(4.44089209850058E-16,0.,1.));
#2646=DIRECTION('ref_axis',(0.,-1.,0.));
#2647=DIRECTION('center_axis',(0.,-1.,0.));
#2648=DIRECTION('ref_axis',(-3.76802965933386E-16,0.,-1.));
#2649=DIRECTION('',(1.,0.,0.));
#2650=DIRECTION('center_axis',(0.,0.,-1.));
#2651=DIRECTION('ref_axis',(0.,1.,0.));
#2652=DIRECTION('center_axis',(0.,1.,0.));
#2653=DIRECTION('ref_axis',(-1.,0.,0.));
#2654=DIRECTION('center_axis',(0.,-1.,0.));
#2655=DIRECTION('ref_axis',(-1.,0.,0.));
#2656=DIRECTION('',(0.,1.,0.));
#2657=DIRECTION('center_axis',(0.,-1.,0.));
#2658=DIRECTION('ref_axis',(-1.,0.,0.));
#2659=DIRECTION('center_axis',(0.,-1.,0.));
#2660=DIRECTION('ref_axis',(1.,0.,0.));
#2661=DIRECTION('center_axis',(0.,1.,0.));
#2662=DIRECTION('ref_axis',(-1.,0.,0.));
#2663=DIRECTION('center_axis',(0.,-1.,0.));
#2664=DIRECTION('ref_axis',(-1.,0.,0.));
#2665=DIRECTION('',(0.,1.,0.));
#2666=DIRECTION('center_axis',(0.,-1.,0.));
#2667=DIRECTION('ref_axis',(-1.,0.,0.));
#2668=DIRECTION('center_axis',(0.,-1.,0.));
#2669=DIRECTION('ref_axis',(1.,0.,0.));
#2670=DIRECTION('center_axis',(0.,1.,0.));
#2671=DIRECTION('ref_axis',(-1.,0.,0.));
#2672=DIRECTION('center_axis',(0.,-1.,0.));
#2673=DIRECTION('ref_axis',(-1.,0.,0.));
#2674=DIRECTION('',(0.,1.,0.));
#2675=DIRECTION('center_axis',(0.,-1.,0.));
#2676=DIRECTION('ref_axis',(-1.,0.,0.));
#2677=DIRECTION('center_axis',(0.,-1.,0.));
#2678=DIRECTION('ref_axis',(1.,0.,0.));
#2679=DIRECTION('center_axis',(0.,1.,0.));
#2680=DIRECTION('ref_axis',(-1.,0.,0.));
#2681=DIRECTION('center_axis',(0.,-1.,0.));
#2682=DIRECTION('ref_axis',(-1.,0.,0.));
#2683=DIRECTION('',(0.,1.,0.));
#2684=DIRECTION('center_axis',(0.,-1.,0.));
#2685=DIRECTION('ref_axis',(-1.,0.,0.));
#2686=DIRECTION('center_axis',(0.,-1.,0.));
#2687=DIRECTION('ref_axis',(1.,0.,0.));
#2688=DIRECTION('center_axis',(0.,1.,0.));
#2689=DIRECTION('ref_axis',(0.,0.,1.));
#2690=DIRECTION('center_axis',(0.,1.,0.));
#2691=DIRECTION('ref_axis',(0.,0.,1.));
#2692=DIRECTION('center_axis',(0.,1.,0.));
#2693=DIRECTION('ref_axis',(0.,0.,1.));
#2694=DIRECTION('center_axis',(0.,1.,0.));
#2695=DIRECTION('ref_axis',(0.,0.,1.));
#2696=DIRECTION('center_axis',(0.,1.,0.));
#2697=DIRECTION('ref_axis',(0.,0.,1.));
#2698=DIRECTION('center_axis',(0.,1.,0.));
#2699=DIRECTION('ref_axis',(-1.,0.,0.));
#2700=DIRECTION('center_axis',(0.,1.,0.));
#2701=DIRECTION('ref_axis',(-1.,0.,0.));
#2702=DIRECTION('center_axis',(0.,1.,0.));
#2703=DIRECTION('ref_axis',(-1.,0.,0.));
#2704=DIRECTION('center_axis',(0.,1.,0.));
#2705=DIRECTION('ref_axis',(-1.,0.,0.));
#2706=DIRECTION('center_axis',(4.67462326157961E-16,0.,1.));
#2707=DIRECTION('ref_axis',(1.,0.,-4.67462326157961E-16));
#2708=DIRECTION('center_axis',(4.67462326157961E-16,0.,1.));
#2709=DIRECTION('ref_axis',(1.,0.,-4.67462326157961E-16));
#2710=DIRECTION('center_axis',(3.73969860926368E-16,0.,-1.));
#2711=DIRECTION('ref_axis',(-1.,0.,-3.73969860926368E-16));
#2712=DIRECTION('center_axis',(3.73969860926368E-16,0.,-1.));
#2713=DIRECTION('ref_axis',(-1.,0.,-3.73969860926368E-16));
#2714=DIRECTION('center_axis',(3.73969860926368E-16,0.,-1.));
#2715=DIRECTION('ref_axis',(-1.,0.,-3.73969860926369E-16));
#2716=DIRECTION('center_axis',(3.73969860926368E-16,0.,-1.));
#2717=DIRECTION('ref_axis',(-1.,0.,-3.73969860926368E-16));
#2718=DIRECTION('center_axis',(3.73969860926368E-16,0.,-1.));
#2719=DIRECTION('ref_axis',(-1.,0.,-3.73969860926368E-16));
#2720=DIRECTION('center_axis',(2.089831575765E-16,0.,1.));
#2721=DIRECTION('ref_axis',(1.,0.,-2.089831575765E-16));
#2722=DIRECTION('center_axis',(-0.15471514983065,-0.983931403850522,-0.0891191053008309));
#2723=DIRECTION('ref_axis',(-0.635308556324213,0.0300029460224078,0.771675360168524));
#2724=DIRECTION('center_axis',(0.,0.,1.));
#2725=DIRECTION('ref_axis',(1.,0.,0.));
#2726=DIRECTION('center_axis',(-0.577350269189626,0.577350269189626,-0.577350269189626));
#2727=DIRECTION('ref_axis',(-0.707106781186548,-0.707106781186548,0.));
#2728=DIRECTION('center_axis',(0.,0.,1.));
#2729=DIRECTION('ref_axis',(1.,0.,0.));
#2730=DIRECTION('center_axis',(-2.22044604925031E-16,0.,-1.));
#2731=DIRECTION('ref_axis',(-1.,0.,2.22044604925031E-16));
#2732=DIRECTION('center_axis',(0.,0.,1.));
#2733=DIRECTION('ref_axis',(1.,0.,0.));
#2734=DIRECTION('center_axis',(0.,-1.,0.));
#2735=DIRECTION('ref_axis',(-1.,0.,0.));
#2736=DIRECTION('center_axis',(0.,0.,1.));
#2737=DIRECTION('ref_axis',(1.,0.,0.));
#2738=DIRECTION('center_axis',(-1.,0.,0.));
#2739=DIRECTION('ref_axis',(0.,0.,1.));
#2740=DIRECTION('center_axis',(0.,0.,1.));
#2741=DIRECTION('ref_axis',(1.,0.,0.));
#2742=DIRECTION('center_axis',(0.,0.,1.));
#2743=DIRECTION('ref_axis',(1.,0.,0.));
#2744=DIRECTION('center_axis',(0.,0.,1.));
#2745=DIRECTION('ref_axis',(1.,0.,0.));
#2746=DIRECTION('center_axis',(0.,0.,1.));
#2747=DIRECTION('ref_axis',(1.,0.,0.));
#2748=DIRECTION('center_axis',(0.,0.,1.));
#2749=DIRECTION('ref_axis',(1.,0.,0.));
#2750=DIRECTION('center_axis',(0.,0.,1.));
#2751=DIRECTION('ref_axis',(1.,0.,0.));
#2752=DIRECTION('center_axis',(0.,0.,1.));
#2753=DIRECTION('ref_axis',(1.,0.,0.));
#2754=DIRECTION('center_axis',(0.,0.,1.));
#2755=DIRECTION('ref_axis',(1.,0.,0.));
#2756=DIRECTION('center_axis',(0.,0.,1.));
#2757=DIRECTION('ref_axis',(1.,0.,0.));
#2758=DIRECTION('center_axis',(0.,0.,1.));
#2759=DIRECTION('ref_axis',(1.,0.,0.));
#2760=DIRECTION('center_axis',(0.,0.,1.));
#2761=DIRECTION('ref_axis',(1.,0.,0.));
#2762=DIRECTION('center_axis',(0.,0.,1.));
#2763=DIRECTION('ref_axis',(1.,0.,0.));
#2764=CARTESIAN_POINT('',(0.,0.,0.));
#2765=CARTESIAN_POINT('Origin',(35.,1.,55.));
#2766=CARTESIAN_POINT('',(29.,0.,55.));
#2767=CARTESIAN_POINT('Origin',(35.,0.,55.));
#2768=CARTESIAN_POINT('',(31.,2.,55.));
#2769=CARTESIAN_POINT('',(30.,1.,55.));
#2770=CARTESIAN_POINT('',(39.,2.,55.));
#2771=CARTESIAN_POINT('Origin',(35.,2.,55.));
#2772=CARTESIAN_POINT('Origin',(35.,2.,55.));
#2773=CARTESIAN_POINT('Origin',(2.5,0.,-2.5));
#2774=CARTESIAN_POINT('',(-40.,0.,58.3166247903554));
#2775=CARTESIAN_POINT('',(-40.,0.,51.6833752096446));
#2776=CARTESIAN_POINT('Origin',(-35.,0.,55.));
#2777=CARTESIAN_POINT('',(-40.,0.,67.));
#2778=CARTESIAN_POINT('',(-40.,0.,75.));
#2779=CARTESIAN_POINT('',(-32.,0.,75.));
#2780=CARTESIAN_POINT('',(-44.75,0.,62.25));
#2781=CARTESIAN_POINT('',(37.,0.,75.));
#2782=CARTESIAN_POINT('',(45.,0.,75.));
#2783=CARTESIAN_POINT('',(45.,0.,67.));
#2784=CARTESIAN_POINT('',(49.75,0.,62.25));
#2785=CARTESIAN_POINT('',(45.,0.,-82.5));
#2786=CARTESIAN_POINT('',(45.,0.,-75.));
#2787=CARTESIAN_POINT('',(19.,0.,-82.5));
#2788=CARTESIAN_POINT('',(-40.,0.,-82.5));
#2789=CARTESIAN_POINT('',(19.,0.,-75.));
#2790=CARTESIAN_POINT('',(19.,0.,-75.));
#2791=CARTESIAN_POINT('',(18.,4.44089209850063E-15,-75.));
#2792=CARTESIAN_POINT('',(-40.,0.,-75.));
#2793=CARTESIAN_POINT('',(18.,4.44089209850063E-15,-82.5));
#2794=CARTESIAN_POINT('',(18.,4.44089209850063E-15,-75.));
#2795=CARTESIAN_POINT('',(15.5,0.,-82.5));
#2796=CARTESIAN_POINT('',(-40.,0.,-82.5));
#2797=CARTESIAN_POINT('',(15.5,0.,-85.));
#2798=CARTESIAN_POINT('',(15.5,0.,-85.));
#2799=CARTESIAN_POINT('',(-4.50000000000003,0.,-85.));
#2800=CARTESIAN_POINT('',(22.75,0.,-85.));
#2801=CARTESIAN_POINT('',(-4.50000000000003,0.,-82.5));
#2802=CARTESIAN_POINT('',(-4.50000000000003,0.,-85.));
#2803=CARTESIAN_POINT('',(-7.00000000000003,0.,-82.5));
#2804=CARTESIAN_POINT('',(-40.,0.,-82.5));
#2805=CARTESIAN_POINT('',(-7.00000000000003,0.,-75.));
#2806=CARTESIAN_POINT('',(-7.00000000000003,0.,-75.));
#2807=CARTESIAN_POINT('',(-15.95,0.,-75.));
#2808=CARTESIAN_POINT('',(-40.,0.,-75.));
#2809=CARTESIAN_POINT('',(-15.95,0.,-85.));
#2810=CARTESIAN_POINT('',(-15.95,0.,-85.));
#2811=CARTESIAN_POINT('',(-35.05,0.,-85.));
#2812=CARTESIAN_POINT('',(7.47499999999998,0.,-85.));
#2813=CARTESIAN_POINT('',(-35.05,0.,-75.));
#2814=CARTESIAN_POINT('',(-35.05,0.,-85.));
#2815=CARTESIAN_POINT('',(-40.,0.,-75.));
#2816=CARTESIAN_POINT('',(-40.,0.,-75.));
#2817=CARTESIAN_POINT('',(-40.,0.,-58.3166247903554));
#2818=CARTESIAN_POINT('',(-40.,0.,75.));
#2819=CARTESIAN_POINT('',(-40.,0.,-51.6833752096446));
#2820=CARTESIAN_POINT('Origin',(-35.,0.,-55.));
#2821=CARTESIAN_POINT('',(-40.,0.,75.));
#2822=CARTESIAN_POINT('',(29.,0.,-55.));
#2823=CARTESIAN_POINT('Origin',(35.,0.,-55.));
#2824=CARTESIAN_POINT('Origin',(35.,0.,55.));
#2825=CARTESIAN_POINT('',(39.,7.,55.));
#2826=CARTESIAN_POINT('Origin',(35.,7.,55.));
#2827=CARTESIAN_POINT('',(39.,0.,55.));
#2828=CARTESIAN_POINT('Origin',(-35.,1.,55.));
#2829=CARTESIAN_POINT('',(-40.,0.999999999999991,55.));
#2830=CARTESIAN_POINT('Ctrl Pts',(-40.,2.77555756156289E-16,58.3166247903554));
#2831=CARTESIAN_POINT('Ctrl Pts',(-40.,0.999999999999992,56.5075567228888));
#2832=CARTESIAN_POINT('Ctrl Pts',(-40.,0.999999999999991,55.));
#2833=CARTESIAN_POINT('Ctrl Pts',(-40.,0.999999999999991,55.));
#2834=CARTESIAN_POINT('Ctrl Pts',(-40.,0.999999999999991,53.4924432771112));
#2835=CARTESIAN_POINT('Ctrl Pts',(-40.,5.55111512312578E-16,51.6833752096446));
#2836=CARTESIAN_POINT('',(-39.,2.,55.));
#2837=CARTESIAN_POINT('',(-40.,1.,55.));
#2838=CARTESIAN_POINT('',(-31.,2.,55.));
#2839=CARTESIAN_POINT('Origin',(-35.,2.,55.));
#2840=CARTESIAN_POINT('Origin',(-35.,2.,55.));
#2841=CARTESIAN_POINT('Origin',(-35.,0.,55.));
#2842=CARTESIAN_POINT('',(-31.,7.,55.));
#2843=CARTESIAN_POINT('Origin',(-35.,7.,55.));
#2844=CARTESIAN_POINT('',(-31.,0.,55.));
#2845=CARTESIAN_POINT('Origin',(-35.,1.,-55.));
#2846=CARTESIAN_POINT('',(-40.,0.999999999999995,-55.));
#2847=CARTESIAN_POINT('Ctrl Pts',(-40.,6.93889390390723E-16,-51.6833752096446));
#2848=CARTESIAN_POINT('Ctrl Pts',(-40.,0.999999999999995,-53.4924432771112));
#2849=CARTESIAN_POINT('Ctrl Pts',(-40.,0.999999999999995,-55.));
#2850=CARTESIAN_POINT('Ctrl Pts',(-40.,0.999999999999995,-55.));
#2851=CARTESIAN_POINT('Ctrl Pts',(-40.,0.999999999999996,-56.5075567228888));
#2852=CARTESIAN_POINT('Ctrl Pts',(-40.,8.32667268468867E-16,-58.3166247903554));
#2853=CARTESIAN_POINT('',(-39.,2.,-55.));
#2854=CARTESIAN_POINT('',(-40.,1.,-55.));
#2855=CARTESIAN_POINT('',(-31.,2.,-55.));
#2856=CARTESIAN_POINT('Origin',(-35.,2.,-55.));
#2857=CARTESIAN_POINT('Origin',(-35.,2.,-55.));
#2858=CARTESIAN_POINT('Origin',(-35.,0.,-55.));
#2859=CARTESIAN_POINT('',(-31.,7.,-55.));
#2860=CARTESIAN_POINT('Origin',(-35.,7.,-55.));
#2861=CARTESIAN_POINT('',(-31.,0.,-55.));
#2862=CARTESIAN_POINT('Origin',(35.,1.,-55.));
#2863=CARTESIAN_POINT('',(31.,2.,-55.));
#2864=CARTESIAN_POINT('',(30.,1.,-55.));
#2865=CARTESIAN_POINT('',(39.,2.,-55.));
#2866=CARTESIAN_POINT('Origin',(35.,2.,-55.));
#2867=CARTESIAN_POINT('Origin',(35.,2.,-55.));
#2868=CARTESIAN_POINT('Origin',(35.,0.,-55.));
#2869=CARTESIAN_POINT('',(39.,7.,-55.));
#2870=CARTESIAN_POINT('Origin',(35.,7.,-55.));
#2871=CARTESIAN_POINT('',(39.,0.,-55.));
#2872=CARTESIAN_POINT('Origin',(35.,11.,79.5));
#2873=CARTESIAN_POINT('',(38.5,11.,80.));
#2874=CARTESIAN_POINT('Origin',(35.,11.,80.));
#2875=CARTESIAN_POINT('',(37.5,11.,79.));
#2876=CARTESIAN_POINT('',(38.,11.,79.5));
#2877=CARTESIAN_POINT('',(32.5,11.,79.));
#2878=CARTESIAN_POINT('Origin',(35.,11.,79.));
#2879=CARTESIAN_POINT('Origin',(35.,11.,79.));
#2880=CARTESIAN_POINT('Origin',(-45.,0.,80.));
#2881=CARTESIAN_POINT('',(48.,25.,80.));
#2882=CARTESIAN_POINT('',(48.,-3.,80.));
#2883=CARTESIAN_POINT('',(48.,0.,80.));
#2884=CARTESIAN_POINT('',(-43.,25.,80.));
#2885=CARTESIAN_POINT('',(-45.,25.,80.));
#2886=CARTESIAN_POINT('',(-43.,-3.,80.));
#2887=CARTESIAN_POINT('',(-43.,0.,80.));
#2888=CARTESIAN_POINT('',(-45.,-3.,80.));
#2889=CARTESIAN_POINT('',(-0.500000000000003,11.,80.));
#2890=CARTESIAN_POINT('Origin',(-4.,11.,80.));
#2891=CARTESIAN_POINT('Origin',(35.,11.,80.));
#2892=CARTESIAN_POINT('',(32.5,11.,75.));
#2893=CARTESIAN_POINT('',(32.5,11.,80.));
#2894=CARTESIAN_POINT('',(37.,12.5,75.));
#2895=CARTESIAN_POINT('Origin',(35.,11.,75.));
#2896=CARTESIAN_POINT('',(37.,9.49999999999999,75.));
#2897=CARTESIAN_POINT('Origin',(35.,11.,77.));
#2898=CARTESIAN_POINT('Origin',(35.,11.,75.));
#2899=CARTESIAN_POINT('Origin',(-4.,11.,79.5));
#2900=CARTESIAN_POINT('',(-1.5,11.,79.));
#2901=CARTESIAN_POINT('',(-1.,11.,79.5));
#2902=CARTESIAN_POINT('',(-6.5,11.,79.));
#2903=CARTESIAN_POINT('Origin',(-4.,11.,79.));
#2904=CARTESIAN_POINT('Origin',(-4.,11.,79.));
#2905=CARTESIAN_POINT('Origin',(-4.,11.,80.));
#2906=CARTESIAN_POINT('',(-6.50000000000001,11.,75.));
#2907=CARTESIAN_POINT('',(-6.5,11.,80.));
#2908=CARTESIAN_POINT('Origin',(-4.00000000000001,11.,75.));
#2909=CARTESIAN_POINT('Origin',(49.,4.3,36.25));
#2910=CARTESIAN_POINT('',(50.,13.6,37.25));
#2911=CARTESIAN_POINT('',(50.,6.6,37.25));
#2912=CARTESIAN_POINT('',(50.,4.3,37.25));
#2913=CARTESIAN_POINT('',(48.,8.6,35.25));
#2914=CARTESIAN_POINT('',(50.,6.6,37.25));
#2915=CARTESIAN_POINT('',(48.,11.6,35.25));
#2916=CARTESIAN_POINT('',(48.,4.3,35.25));
#2917=CARTESIAN_POINT('',(48.,11.6,35.25));
#2918=CARTESIAN_POINT('Origin',(49.,7.6,40.125));
#2919=CARTESIAN_POINT('',(50.,6.6,-1.75));
#2920=CARTESIAN_POINT('',(50.,6.6,40.125));
#2921=CARTESIAN_POINT('',(48.,8.6,0.249999999999995));
#2922=CARTESIAN_POINT('',(50.,6.6,-1.75));
#2923=CARTESIAN_POINT('',(48.,8.6,40.125));
#2924=CARTESIAN_POINT('Origin',(49.,5.8,-0.750000000000004));
#2925=CARTESIAN_POINT('',(48.,11.6,0.249999999999995));
#2926=CARTESIAN_POINT('',(48.,5.8,0.249999999999995));
#2927=CARTESIAN_POINT('',(50.,13.6,-1.75000000000001));
#2928=CARTESIAN_POINT('',(50.,5.8,-1.75));
#2929=CARTESIAN_POINT('',(50.,13.6,-1.75000000000001));
#2930=CARTESIAN_POINT('Origin',(49.,12.6,57.625));
#2931=CARTESIAN_POINT('',(50.,13.6,57.625));
#2932=CARTESIAN_POINT('',(48.,11.6,57.625));
#2933=CARTESIAN_POINT('Origin',(50.,11.6,35.25));
#2934=CARTESIAN_POINT('',(45.,11.6,35.25));
#2935=CARTESIAN_POINT('',(50.,11.6,35.25));
#2936=CARTESIAN_POINT('',(45.,11.6,0.249999999999995));
#2937=CARTESIAN_POINT('',(45.,11.6,-19.875));
#2938=CARTESIAN_POINT('',(50.,11.6,0.249999999999995));
#2939=CARTESIAN_POINT('Origin',(50.,8.6,35.25));
#2940=CARTESIAN_POINT('',(45.,8.6,35.25));
#2941=CARTESIAN_POINT('',(50.,8.6,35.25));
#2942=CARTESIAN_POINT('',(45.,4.3,35.25));
#2943=CARTESIAN_POINT('Origin',(50.,0.,80.));
#2944=CARTESIAN_POINT('',(50.,-3.,78.));
#2945=CARTESIAN_POINT('',(50.,25.,78.));
#2946=CARTESIAN_POINT('',(50.,0.,78.));
#2947=CARTESIAN_POINT('',(50.,-3.,-83.));
#2948=CARTESIAN_POINT('',(50.,-3.,80.));
#2949=CARTESIAN_POINT('',(50.,25.,-83.));
#2950=CARTESIAN_POINT('',(50.,0.,-83.));
#2951=CARTESIAN_POINT('',(50.,25.,80.));
#2952=CARTESIAN_POINT('Origin',(-44.,15.6,-65.75));
#2953=CARTESIAN_POINT('',(-45.,16.6,-32.5));
#2954=CARTESIAN_POINT('',(-45.,16.6,-48.5));
#2955=CARTESIAN_POINT('',(-45.,16.6,-65.75));
#2956=CARTESIAN_POINT('',(-43.,14.6,-46.5));
#2957=CARTESIAN_POINT('',(-45.,16.6,-48.5));
#2958=CARTESIAN_POINT('',(-43.,14.6,-34.5));
#2959=CARTESIAN_POINT('',(-43.,14.6,-65.75));
#2960=CARTESIAN_POINT('',(-43.,14.6,-34.5));
#2961=CARTESIAN_POINT('Origin',(-44.,7.29999999999996,-33.5));
#2962=CARTESIAN_POINT('',(-43.,6.59999999999998,-34.5));
#2963=CARTESIAN_POINT('',(-43.,7.29999999999996,-34.5));
#2964=CARTESIAN_POINT('',(-45.,4.59999999999998,-32.5));
#2965=CARTESIAN_POINT('',(-43.,6.59999999999998,-34.5));
#2966=CARTESIAN_POINT('',(-45.,7.29999999999996,-32.5));
#2967=CARTESIAN_POINT('Origin',(-44.,5.59999999999998,-59.75));
#2968=CARTESIAN_POINT('',(-45.,4.59999999999998,-48.5));
#2969=CARTESIAN_POINT('',(-45.,4.59999999999998,-59.75));
#2970=CARTESIAN_POINT('',(-43.,6.59999999999998,-46.5));
#2971=CARTESIAN_POINT('',(-43.,6.59999999999998,-59.75));
#2972=CARTESIAN_POINT('',(-43.,6.59999999999998,-46.5));
#2973=CARTESIAN_POINT('Origin',(-44.,3.29999999999999,-47.5));
#2974=CARTESIAN_POINT('',(-45.,3.29999999999999,-48.5));
#2975=CARTESIAN_POINT('',(-43.,3.29999999999999,-46.5));
#2976=CARTESIAN_POINT('Origin',(-45.,14.6,-34.5));
#2977=CARTESIAN_POINT('',(-40.,14.6,-34.5));
#2978=CARTESIAN_POINT('',(-45.,14.6,-34.5));
#2979=CARTESIAN_POINT('',(-40.,6.59999999999998,-34.5));
#2980=CARTESIAN_POINT('',(-40.,7.30000000000005,-34.5));
#2981=CARTESIAN_POINT('',(-45.,6.59999999999998,-34.5));
#2982=CARTESIAN_POINT('Origin',(-45.,14.6,-46.5));
#2983=CARTESIAN_POINT('',(-40.,14.6,-46.5));
#2984=CARTESIAN_POINT('',(-45.,14.6,-46.5));
#2985=CARTESIAN_POINT('',(-40.,14.6,14.25));
#2986=CARTESIAN_POINT('Origin',(-45.,0.,-85.));
#2987=CARTESIAN_POINT('',(-45.,25.,78.));
#2988=CARTESIAN_POINT('',(-45.,-3.,78.));
#2989=CARTESIAN_POINT('',(-45.,0.,78.));
#2990=CARTESIAN_POINT('',(-45.,25.,-83.));
#2991=CARTESIAN_POINT('',(-45.,25.,-85.));
#2992=CARTESIAN_POINT('',(-45.,-3.,-83.));
#2993=CARTESIAN_POINT('',(-45.,0.,-83.));
#2994=CARTESIAN_POINT('',(-45.,-3.,-85.));
#2995=CARTESIAN_POINT('',(-45.,14.6,-10.5));
#2996=CARTESIAN_POINT('',(-45.,6.6,-10.5));
#2997=CARTESIAN_POINT('',(-45.,4.3,-10.5));
#2998=CARTESIAN_POINT('',(-45.,14.6,10.5));
#2999=CARTESIAN_POINT('',(-45.,14.6,-46.75));
#3000=CARTESIAN_POINT('',(-45.,6.6,10.5));
#3001=CARTESIAN_POINT('',(-45.,6.3,10.5));
#3002=CARTESIAN_POINT('',(-45.,6.59999999999999,-38.25));
#3003=CARTESIAN_POINT('Origin',(-44.,4.3,-9.50000000000001));
#3004=CARTESIAN_POINT('',(-43.,8.6,-8.50000000000001));
#3005=CARTESIAN_POINT('',(-45.,6.6,-10.5));
#3006=CARTESIAN_POINT('',(-43.,12.6,-8.50000000000001));
#3007=CARTESIAN_POINT('',(-43.,4.3,-8.50000000000001));
#3008=CARTESIAN_POINT('',(-43.,12.6,-8.50000000000001));
#3009=CARTESIAN_POINT('Origin',(-44.,7.59999999999999,-38.25));
#3010=CARTESIAN_POINT('',(-43.,8.6,8.49999999999999));
#3011=CARTESIAN_POINT('',(-45.,6.6,10.5));
#3012=CARTESIAN_POINT('',(-43.,8.59999999999999,-38.25));
#3013=CARTESIAN_POINT('Origin',(-44.,6.3,9.49999999999999));
#3014=CARTESIAN_POINT('',(-43.,12.6,8.49999999999999));
#3015=CARTESIAN_POINT('',(-43.,6.3,8.49999999999999));
#3016=CARTESIAN_POINT('',(-45.,14.6,10.5));
#3017=CARTESIAN_POINT('Origin',(-44.,13.6,-46.75));
#3018=CARTESIAN_POINT('',(-43.,12.6,-46.75));
#3019=CARTESIAN_POINT('Origin',(-45.,12.6,-8.50000000000001));
#3020=CARTESIAN_POINT('',(-40.,12.6,-8.50000000000001));
#3021=CARTESIAN_POINT('',(-45.,12.6,-8.50000000000001));
#3022=CARTESIAN_POINT('',(-40.,12.6,8.49999999999999));
#3023=CARTESIAN_POINT('',(-40.,12.6,33.25));
#3024=CARTESIAN_POINT('',(-45.,12.6,8.5));
#3025=CARTESIAN_POINT('Origin',(-45.,8.6,-8.50000000000001));
#3026=CARTESIAN_POINT('',(-40.,8.6,-8.50000000000001));
#3027=CARTESIAN_POINT('',(-45.,8.6,-8.50000000000001));
#3028=CARTESIAN_POINT('',(-40.,4.3,-8.50000000000001));
#3029=CARTESIAN_POINT('Origin',(-15.95,11.65,-85.));
#3030=CARTESIAN_POINT('',(-40.,11.65,-70.));
#3031=CARTESIAN_POINT('',(-35.05,11.65,-75.));
#3032=CARTESIAN_POINT('Origin',(-35.,11.65,-70.));
#3033=CARTESIAN_POINT('',(-40.,11.65,-75.));
#3034=CARTESIAN_POINT('',(-40.,11.65,-5.));
#3035=CARTESIAN_POINT('',(-27.975,11.65,-75.));
#3036=CARTESIAN_POINT('Origin',(-35.,0.,-70.));
#3037=CARTESIAN_POINT('',(-35.,11.65,-75.));
#3038=CARTESIAN_POINT('Origin',(-35.,11.65,-70.));
#3039=CARTESIAN_POINT('',(-35.,25.,-75.));
#3040=CARTESIAN_POINT('',(-35.,0.,-75.));
#3041=CARTESIAN_POINT('',(-40.,25.,-70.));
#3042=CARTESIAN_POINT('Origin',(-35.,25.,-70.));
#3043=CARTESIAN_POINT('',(-40.,0.,-70.));
#3044=CARTESIAN_POINT('Origin',(-40.,0.,-75.));
#3045=CARTESIAN_POINT('',(-40.,5.825,-75.));
#3046=CARTESIAN_POINT('',(-40.,0.,-75.));
#3047=CARTESIAN_POINT('',(-36.,5.825,-75.));
#3048=CARTESIAN_POINT('Origin',(-38.,5.825,-75.));
#3049=CARTESIAN_POINT('Origin',(-38.,5.825,-75.));
#3050=CARTESIAN_POINT('',(-40.,0.,-75.));
#3051=CARTESIAN_POINT('',(-35.05,5.825,-75.));
#3052=CARTESIAN_POINT('Origin',(-40.,0.,-75.));
#3053=CARTESIAN_POINT('',(-15.95,11.65,-75.));
#3054=CARTESIAN_POINT('',(-27.975,11.65,-75.));
#3055=CARTESIAN_POINT('',(-15.95,0.,-75.));
#3056=CARTESIAN_POINT('',(-7.00000000000003,12.,-75.));
#3057=CARTESIAN_POINT('',(-7.00000000000003,0.,-75.));
#3058=CARTESIAN_POINT('',(18.,12.,-75.));
#3059=CARTESIAN_POINT('',(-12.25,12.,-75.));
#3060=CARTESIAN_POINT('',(18.,6.,-75.));
#3061=CARTESIAN_POINT('',(19.,15.,-75.));
#3062=CARTESIAN_POINT('',(19.,0.,-75.));
#3063=CARTESIAN_POINT('',(40.,15.,-75.));
#3064=CARTESIAN_POINT('',(-10.5,15.,-75.));
#3065=CARTESIAN_POINT('',(40.,25.,-75.));
#3066=CARTESIAN_POINT('',(40.,0.,-75.));
#3067=CARTESIAN_POINT('',(-40.,25.,-75.));
#3068=CARTESIAN_POINT('',(-11.,5.825,-75.));
#3069=CARTESIAN_POINT('Origin',(-13.,5.825,-75.));
#3070=CARTESIAN_POINT('Origin',(40.,0.,-70.));
#3071=CARTESIAN_POINT('',(45.,15.,-70.));
#3072=CARTESIAN_POINT('Origin',(40.,15.,-70.));
#3073=CARTESIAN_POINT('',(45.,25.,-70.));
#3074=CARTESIAN_POINT('',(45.,0.,-70.));
#3075=CARTESIAN_POINT('Origin',(40.,25.,-70.));
#3076=CARTESIAN_POINT('Origin',(45.,0.,-75.));
#3077=CARTESIAN_POINT('',(45.,15.,-82.5));
#3078=CARTESIAN_POINT('',(45.,15.,-75.));
#3079=CARTESIAN_POINT('',(45.,0.,-82.5));
#3080=CARTESIAN_POINT('',(45.,25.,67.));
#3081=CARTESIAN_POINT('',(45.,0.,67.));
#3082=CARTESIAN_POINT('',(45.,25.,-75.));
#3083=CARTESIAN_POINT('',(45.,8.6,0.249999999999995));
#3084=CARTESIAN_POINT('',(45.,8.6,-37.375));
#3085=CARTESIAN_POINT('',(45.,5.8,0.249999999999995));
#3086=CARTESIAN_POINT('Origin',(-40.,18.3991393809724,75.));
#3087=CARTESIAN_POINT('',(-42.,19.,75.));
#3088=CARTESIAN_POINT('Origin',(-40.,19.,75.));
#3089=CARTESIAN_POINT('',(-40.,17.7982787619449,75.));
#3090=CARTESIAN_POINT('',(-41.,18.3991393809724,75.));
#3091=CARTESIAN_POINT('Origin',(-40.,22.,75.));
#3092=CARTESIAN_POINT('',(-42.,25.,75.));
#3093=CARTESIAN_POINT('Origin',(-40.,25.,75.));
#3094=CARTESIAN_POINT('',(-42.,22.,75.));
#3095=CARTESIAN_POINT('Origin',(45.,18.3991393809724,75.));
#3096=CARTESIAN_POINT('',(43.,19.,75.));
#3097=CARTESIAN_POINT('Origin',(45.,19.,75.));
#3098=CARTESIAN_POINT('',(45.,17.7982787619449,75.));
#3099=CARTESIAN_POINT('',(44.,18.3991393809724,75.));
#3100=CARTESIAN_POINT('Origin',(45.,22.,75.));
#3101=CARTESIAN_POINT('',(43.,25.,75.));
#3102=CARTESIAN_POINT('Origin',(45.,25.,75.));
#3103=CARTESIAN_POINT('',(43.,22.,75.));
#3104=CARTESIAN_POINT('Origin',(45.,18.3991393809724,-80.));
#3105=CARTESIAN_POINT('',(43.,19.,-80.));
#3106=CARTESIAN_POINT('Origin',(45.,19.,-80.));
#3107=CARTESIAN_POINT('',(45.,17.7982787619449,-80.));
#3108=CARTESIAN_POINT('',(44.,18.3991393809724,-80.));
#3109=CARTESIAN_POINT('Origin',(45.,22.,-80.));
#3110=CARTESIAN_POINT('',(43.,25.,-80.));
#3111=CARTESIAN_POINT('Origin',(45.,25.,-80.));
#3112=CARTESIAN_POINT('',(43.,22.,-80.));
#3113=CARTESIAN_POINT('Origin',(-40.,18.3991393809724,-80.));
#3114=CARTESIAN_POINT('',(-42.,19.,-80.));
#3115=CARTESIAN_POINT('Origin',(-40.,19.,-80.));
#3116=CARTESIAN_POINT('',(-40.,17.7982787619449,-80.));
#3117=CARTESIAN_POINT('',(-41.,18.3991393809724,-80.));
#3118=CARTESIAN_POINT('Origin',(-40.,22.,-80.));
#3119=CARTESIAN_POINT('',(-42.,25.,-80.));
#3120=CARTESIAN_POINT('Origin',(-40.,25.,-80.));
#3121=CARTESIAN_POINT('',(-42.,22.,-80.));
#3122=CARTESIAN_POINT('Origin',(41.,0.,71.));
#3123=CARTESIAN_POINT('',(37.,25.,75.));
#3124=CARTESIAN_POINT('',(37.,0.,75.));
#3125=CARTESIAN_POINT('',(49.75,25.,62.25));
#3126=CARTESIAN_POINT('',(37.,0.,75.));
#3127=CARTESIAN_POINT('Origin',(45.,0.,75.));
#3128=CARTESIAN_POINT('',(-32.,25.,75.));
#3129=CARTESIAN_POINT('',(-32.,0.,75.));
#3130=CARTESIAN_POINT('',(45.,25.,75.));
#3131=CARTESIAN_POINT('Origin',(-36.,0.,71.));
#3132=CARTESIAN_POINT('',(-40.,25.,67.));
#3133=CARTESIAN_POINT('',(-40.,0.,67.));
#3134=CARTESIAN_POINT('',(-44.75,25.,62.25));
#3135=CARTESIAN_POINT('Origin',(-40.,0.,75.));
#3136=CARTESIAN_POINT('',(-40.,25.,75.));
#3137=CARTESIAN_POINT('',(-40.,6.59999999999998,-46.5));
#3138=CARTESIAN_POINT('',(-40.,3.29999999999999,-46.5));
#3139=CARTESIAN_POINT('',(-40.,6.59999999999998,20.25));
#3140=CARTESIAN_POINT('',(-40.,8.6,8.49999999999999));
#3141=CARTESIAN_POINT('',(-40.,8.6,41.75));
#3142=CARTESIAN_POINT('',(-40.,6.3,8.5));
#3143=CARTESIAN_POINT('Origin',(49.,0.,79.));
#3144=CARTESIAN_POINT('',(57.75,25.,70.2500000000001));
#3145=CARTESIAN_POINT('',(57.75,-3.,70.2500000000001));
#3146=CARTESIAN_POINT('Origin',(2.5,-3.,-2.5));
#3147=CARTESIAN_POINT('',(-52.7499999999999,-3.,70.2500000000001));
#3148=CARTESIAN_POINT('',(-43.,-3.,-85.));
#3149=CARTESIAN_POINT('',(-52.75,-3.,-75.2500000000001));
#3150=CARTESIAN_POINT('',(48.,-3.,-85.));
#3151=CARTESIAN_POINT('',(50.,-3.,-85.));
#3152=CARTESIAN_POINT('',(57.75,-3.,-75.25));
#3153=CARTESIAN_POINT('Origin',(-44.,0.,79.));
#3154=CARTESIAN_POINT('',(-52.7499999999999,25.,70.2500000000001));
#3155=CARTESIAN_POINT('Origin',(49.,0.,-84.));
#3156=CARTESIAN_POINT('',(48.,25.,-85.));
#3157=CARTESIAN_POINT('',(57.75,25.,-75.25));
#3158=CARTESIAN_POINT('',(48.,0.,-85.));
#3159=CARTESIAN_POINT('Origin',(50.,0.,-85.));
#3160=CARTESIAN_POINT('',(-43.,25.,-85.));
#3161=CARTESIAN_POINT('',(-43.,0.,-85.));
#3162=CARTESIAN_POINT('',(50.,25.,-85.));
#3163=CARTESIAN_POINT('',(-36.,5.825,-85.0000000000001));
#3164=CARTESIAN_POINT('Origin',(-38.,5.825,-85.0000000000001));
#3165=CARTESIAN_POINT('',(15.5,12.,-85.));
#3166=CARTESIAN_POINT('',(-4.50000000000003,12.,-85.));
#3167=CARTESIAN_POINT('',(32.75,12.,-85.));
#3168=CARTESIAN_POINT('',(-4.50000000000003,6.,-85.));
#3169=CARTESIAN_POINT('',(15.5,0.,-85.));
#3170=CARTESIAN_POINT('',(23.75,7.50000000000001,-85.));
#3171=CARTESIAN_POINT('Origin',(22.5,7.50000000000001,-85.));
#3172=CARTESIAN_POINT('',(-11.,5.825,-85.));
#3173=CARTESIAN_POINT('Origin',(-13.,5.825,-85.));
#3174=CARTESIAN_POINT('',(-35.05,11.65,-85.));
#3175=CARTESIAN_POINT('',(-35.05,5.825,-85.));
#3176=CARTESIAN_POINT('',(-15.95,11.65,-85.));
#3177=CARTESIAN_POINT('',(-15.95,0.,-85.));
#3178=CARTESIAN_POINT('',(17.025,11.65,-85.));
#3179=CARTESIAN_POINT('',(42.75,7.5,-85.));
#3180=CARTESIAN_POINT('Origin',(41.5,7.5,-85.));
#3181=CARTESIAN_POINT('',(38.5,7.50000000000001,-85.));
#3182=CARTESIAN_POINT('Origin',(32.,7.5,-85.));
#3183=CARTESIAN_POINT('Origin',(-44.,0.,-84.));
#3184=CARTESIAN_POINT('',(-52.75,25.,-75.2500000000001));
#3185=CARTESIAN_POINT('Origin',(5.49999999999997,6.,-82.5));
#3186=CARTESIAN_POINT('',(-4.50000000000003,12.,-82.5));
#3187=CARTESIAN_POINT('',(-4.50000000000003,9.,-82.5));
#3188=CARTESIAN_POINT('',(-7.00000000000003,12.,-82.5));
#3189=CARTESIAN_POINT('',(18.,12.,-82.5));
#3190=CARTESIAN_POINT('',(-7.00000000000003,12.,-82.5));
#3191=CARTESIAN_POINT('Origin',(5.49999999999997,6.,-82.5));
#3192=CARTESIAN_POINT('',(15.5,12.,-82.5));
#3193=CARTESIAN_POINT('',(15.5,3.,-82.5));
#3194=CARTESIAN_POINT('',(18.,12.,-82.5));
#3195=CARTESIAN_POINT('',(18.,4.44089209850063E-15,-82.5));
#3196=CARTESIAN_POINT('',(18.,12.,-82.5));
#3197=CARTESIAN_POINT('Origin',(18.,12.,-75.));
#3198=CARTESIAN_POINT('',(18.,12.,-75.));
#3199=CARTESIAN_POINT('Origin',(-7.00000000000003,0.,-75.));
#3200=CARTESIAN_POINT('',(-7.00000000000003,12.,-75.));
#3201=CARTESIAN_POINT('Origin',(19.,0.,-75.));
#3202=CARTESIAN_POINT('',(19.,15.,-82.5));
#3203=CARTESIAN_POINT('',(19.,15.,-82.5));
#3204=CARTESIAN_POINT('',(19.,15.,-75.));
#3205=CARTESIAN_POINT('Origin',(19.,15.,-75.));
#3206=CARTESIAN_POINT('',(45.,15.,-82.5));
#3207=CARTESIAN_POINT('Origin',(32.,7.5,-82.5));
#3208=CARTESIAN_POINT('',(42.75,7.5,-82.5));
#3209=CARTESIAN_POINT('Origin',(41.5,7.5,-82.5));
#3210=CARTESIAN_POINT('',(23.75,7.50000000000001,-82.5));
#3211=CARTESIAN_POINT('Origin',(22.5,7.50000000000001,-82.5));
#3212=CARTESIAN_POINT('',(38.5,7.50000000000001,-82.5));
#3213=CARTESIAN_POINT('Origin',(32.,7.5,-82.5));
#3214=CARTESIAN_POINT('Origin',(15.5,0.,-85.));
#3215=CARTESIAN_POINT('',(15.5,12.,-85.));
#3216=CARTESIAN_POINT('Origin',(15.5,12.,-85.));
#3217=CARTESIAN_POINT('',(-4.50000000000003,12.,-85.));
#3218=CARTESIAN_POINT('Origin',(32.,7.5,-85.));
#3219=CARTESIAN_POINT('',(38.5,7.50000000000001,-85.));
#3220=CARTESIAN_POINT('Origin',(41.5,7.5,-85.));
#3221=CARTESIAN_POINT('',(42.75,7.5,-85.));
#3222=CARTESIAN_POINT('Origin',(-35.05,11.65,-85.));
#3223=CARTESIAN_POINT('',(-35.05,11.65,-85.));
#3224=CARTESIAN_POINT('Origin',(-15.95,0.,-85.));
#3225=CARTESIAN_POINT('',(-15.95,11.65,-85.));
#3226=CARTESIAN_POINT('Origin',(-15.95,11.65,-85.));
#3227=CARTESIAN_POINT('Origin',(-13.,5.825,-85.));
#3228=CARTESIAN_POINT('',(-11.,5.825,-85.));
#3229=CARTESIAN_POINT('Origin',(22.5,7.50000000000001,-85.));
#3230=CARTESIAN_POINT('',(23.75,7.50000000000001,-85.));
#3231=CARTESIAN_POINT('Origin',(-4.50000000000003,12.,-85.));
#3232=CARTESIAN_POINT('Origin',(-38.,5.825,-85.));
#3233=CARTESIAN_POINT('',(-36.,5.825,-85.));
#3234=CARTESIAN_POINT('Origin',(50.,8.6,0.249999999999995));
#3235=CARTESIAN_POINT('',(50.,8.6,0.249999999999995));
#3236=CARTESIAN_POINT('Origin',(50.,11.6,0.249999999999995));
#3237=CARTESIAN_POINT('Origin',(-45.,8.6,8.5));
#3238=CARTESIAN_POINT('',(-45.,8.6,8.5));
#3239=CARTESIAN_POINT('Origin',(-45.,12.6,8.5));
#3240=CARTESIAN_POINT('Origin',(-45.,6.59999999999998,-34.5));
#3241=CARTESIAN_POINT('',(-45.,6.59999999999998,-46.5));
#3242=CARTESIAN_POINT('Origin',(-45.,6.59999999999998,-46.5));
#3243=CARTESIAN_POINT('Origin',(-35.,192.442199114435,55.));
#3244=CARTESIAN_POINT('',(-33.,0.,55.));
#3245=CARTESIAN_POINT('Origin',(-35.,0.,55.));
#3246=CARTESIAN_POINT('',(-33.,6.99999999999999,55.));
#3247=CARTESIAN_POINT('',(-33.,192.442199114435,55.));
#3248=CARTESIAN_POINT('Origin',(-35.,6.99999999999999,55.));
#3249=CARTESIAN_POINT('Origin',(-35.,0.,55.));
#3250=CARTESIAN_POINT('Origin',(35.,192.442199114435,55.));
#3251=CARTESIAN_POINT('',(37.,0.,55.));
#3252=CARTESIAN_POINT('Origin',(35.,0.,55.));
#3253=CARTESIAN_POINT('',(37.,6.99999999999999,55.));
#3254=CARTESIAN_POINT('',(37.,192.442199114435,55.));
#3255=CARTESIAN_POINT('Origin',(35.,6.99999999999999,55.));
#3256=CARTESIAN_POINT('Origin',(35.,0.,55.));
#3257=CARTESIAN_POINT('Origin',(35.,192.442199114435,-55.));
#3258=CARTESIAN_POINT('',(37.,0.,-55.));
#3259=CARTESIAN_POINT('Origin',(35.,0.,-55.));
#3260=CARTESIAN_POINT('',(37.,6.99999999999999,-55.));
#3261=CARTESIAN_POINT('',(37.,192.442199114435,-55.));
#3262=CARTESIAN_POINT('Origin',(35.,6.99999999999999,-55.));
#3263=CARTESIAN_POINT('Origin',(35.,0.,-55.));
#3264=CARTESIAN_POINT('Origin',(-35.,192.442199114435,-55.));
#3265=CARTESIAN_POINT('',(-33.,0.,-55.));
#3266=CARTESIAN_POINT('Origin',(-35.,0.,-55.));
#3267=CARTESIAN_POINT('',(-33.,6.99999999999999,-55.));
#3268=CARTESIAN_POINT('',(-33.,192.442199114435,-55.));
#3269=CARTESIAN_POINT('Origin',(-35.,6.99999999999999,-55.));
#3270=CARTESIAN_POINT('Origin',(-35.,0.,-55.));
#3271=CARTESIAN_POINT('Origin',(35.,7.,-55.));
#3272=CARTESIAN_POINT('Origin',(-35.,7.,-55.));
#3273=CARTESIAN_POINT('Origin',(35.,7.,55.));
#3274=CARTESIAN_POINT('Origin',(-35.,7.,55.));
#3275=CARTESIAN_POINT('Origin',(2.5,25.,-2.5));
#3276=CARTESIAN_POINT('polyline point',(-40.,0.,-75.));
#3277=CARTESIAN_POINT('polyline point',(-40.,0.,75.));
#3278=CARTESIAN_POINT('polyline point',(-40.,0.,75.));
#3279=CARTESIAN_POINT('polyline point',(45.,0.,75.));
#3280=CARTESIAN_POINT('polyline point',(45.,0.,75.));
#3281=CARTESIAN_POINT('polyline point',(45.,0.,-75.));
#3282=CARTESIAN_POINT('polyline point',(45.,0.,-75.));
#3283=CARTESIAN_POINT('polyline point',(-40.,0.,-75.));
#3284=CARTESIAN_POINT('polyline point',(-45.,0.,-85.));
#3285=CARTESIAN_POINT('polyline point',(50.,0.,-85.));
#3286=CARTESIAN_POINT('polyline point',(50.,0.,-85.));
#3287=CARTESIAN_POINT('polyline point',(50.,0.,80.));
#3288=CARTESIAN_POINT('polyline point',(50.,0.,80.));
#3289=CARTESIAN_POINT('polyline point',(-45.,0.,80.));
#3290=CARTESIAN_POINT('polyline point',(-45.,0.,80.));
#3291=CARTESIAN_POINT('polyline point',(-45.,0.,-85.));
#3292=CARTESIAN_POINT('Origin',(-35.,0.,-55.));
#3293=CARTESIAN_POINT('Origin',(35.,0.,-55.));
#3294=CARTESIAN_POINT('Origin',(35.,0.,55.));
#3295=CARTESIAN_POINT('Origin',(-35.,0.,55.));
#3296=CARTESIAN_POINT('',(-35.,0.,-55.));
#3297=CARTESIAN_POINT('',(35.,0.,-55.));
#3298=CARTESIAN_POINT('',(35.,0.,55.));
#3299=CARTESIAN_POINT('',(-35.,0.,55.));
#3300=CARTESIAN_POINT('polyline point',(-45.,12.6,-8.50000000000001));
#3301=CARTESIAN_POINT('polyline point',(-45.,12.6,8.5));
#3302=CARTESIAN_POINT('polyline point',(-45.,12.6,8.5));
#3303=CARTESIAN_POINT('polyline point',(-45.,8.6,8.5));
#3304=CARTESIAN_POINT('polyline point',(-45.,8.6,8.5));
#3305=CARTESIAN_POINT('polyline point',(-45.,8.6,-8.50000000000001));
#3306=CARTESIAN_POINT('polyline point',(-45.,8.6,-8.50000000000001));
#3307=CARTESIAN_POINT('polyline point',(-45.,12.6,-8.50000000000001));
#3308=CARTESIAN_POINT('polyline point',(-45.,14.6,-46.5));
#3309=CARTESIAN_POINT('polyline point',(-45.,14.6,-34.5));
#3310=CARTESIAN_POINT('polyline point',(-45.,14.6,-34.5));
#3311=CARTESIAN_POINT('polyline point',(-45.,6.59999999999998,-34.5));
#3312=CARTESIAN_POINT('polyline point',(-45.,6.59999999999998,-34.5));
#3313=CARTESIAN_POINT('polyline point',(-45.,6.59999999999998,-46.5));
#3314=CARTESIAN_POINT('polyline point',(-45.,6.59999999999998,-46.5));
#3315=CARTESIAN_POINT('polyline point',(-45.,14.6,-46.5));
#3316=CARTESIAN_POINT('Origin',(-4.,11.,80.));
#3317=CARTESIAN_POINT('polyline point',(-40.,0.,80.));
#3318=CARTESIAN_POINT('polyline point',(-40.,25.,80.));
#3319=CARTESIAN_POINT('Origin',(35.,11.,80.));
#3320=CARTESIAN_POINT('',(3.5527136788005E-14,0.,80.));
#3321=CARTESIAN_POINT('polyline point',(50.,11.6,35.25));
#3322=CARTESIAN_POINT('polyline point',(50.,11.6,0.249999999999995));
#3323=CARTESIAN_POINT('polyline point',(50.,11.6,0.249999999999995));
#3324=CARTESIAN_POINT('polyline point',(50.,8.6,0.249999999999995));
#3325=CARTESIAN_POINT('polyline point',(50.,8.6,0.249999999999995));
#3326=CARTESIAN_POINT('polyline point',(50.,8.6,35.25));
#3327=CARTESIAN_POINT('polyline point',(50.,8.6,35.25));
#3328=CARTESIAN_POINT('polyline point',(50.,11.6,35.25));
#3329=CARTESIAN_POINT('',(50.,0.,-8.88178419700125E-15));
#3330=CARTESIAN_POINT('polyline point',(-15.95,11.65,-85.));
#3331=CARTESIAN_POINT('polyline point',(-35.05,11.65,-85.));
#3332=CARTESIAN_POINT('polyline point',(-35.05,11.65,-85.));
#3333=CARTESIAN_POINT('polyline point',(-35.05,0.,-85.));
#3334=CARTESIAN_POINT('polyline point',(-35.05,0.,-85.));
#3335=CARTESIAN_POINT('polyline point',(-15.95,0.,-85.));
#3336=CARTESIAN_POINT('polyline point',(-15.95,0.,-85.));
#3337=CARTESIAN_POINT('polyline point',(-15.95,11.65,-85.));
#3338=CARTESIAN_POINT('Origin',(-13.,5.825,-85.));
#3339=CARTESIAN_POINT('Origin',(-38.,5.825,-85.));
#3340=CARTESIAN_POINT('polyline point',(-4.50000000000003,0.,-85.));
#3341=CARTESIAN_POINT('polyline point',(15.5,0.,-85.));
#3342=CARTESIAN_POINT('polyline point',(15.5,0.,-85.));
#3343=CARTESIAN_POINT('polyline point',(15.5,12.,-85.));
#3344=CARTESIAN_POINT('polyline point',(15.5,12.,-85.));
#3345=CARTESIAN_POINT('polyline point',(-4.50000000000003,12.,-85.));
#3346=CARTESIAN_POINT('polyline point',(-4.50000000000003,12.,-85.));
#3347=CARTESIAN_POINT('polyline point',(-4.50000000000003,0.,-85.));
#3348=CARTESIAN_POINT('polyline point',(-40.,0.,-85.));
#3349=CARTESIAN_POINT('polyline point',(45.,0.,-85.));
#3350=CARTESIAN_POINT('Origin',(32.,7.5,-85.));
#3351=CARTESIAN_POINT('Origin',(41.5,7.5,-85.));
#3352=CARTESIAN_POINT('Origin',(22.5,7.50000000000001,-85.));
#3353=CARTESIAN_POINT('polyline point',(45.,0.,-85.));
#3354=CARTESIAN_POINT('polyline point',(45.,25.,-85.));
#3355=CARTESIAN_POINT('polyline point',(45.,0.,-85.));
#3356=CARTESIAN_POINT('polyline point',(-40.,0.,-85.));
#3357=CARTESIAN_POINT('polyline point',(45.,0.,-75.));
#3358=CARTESIAN_POINT('polyline point',(-40.,0.,-75.));
#3359=CARTESIAN_POINT('polyline point',(-7.00000000000003,0.,-75.));
#3360=CARTESIAN_POINT('polyline point',(18.,4.44089209850063E-15,-75.));
#3361=CARTESIAN_POINT('polyline point',(18.,4.44089209850063E-15,-75.));
#3362=CARTESIAN_POINT('polyline point',(18.,12.,-75.));
#3363=CARTESIAN_POINT('polyline point',(18.,12.,-75.));
#3364=CARTESIAN_POINT('polyline point',(-7.00000000000003,12.,-75.));
#3365=CARTESIAN_POINT('polyline point',(-7.00000000000003,12.,-75.));
#3366=CARTESIAN_POINT('polyline point',(-7.00000000000003,0.,-75.));
#3367=CARTESIAN_POINT('polyline point',(-4.50000000000003,12.,-75.));
#3368=CARTESIAN_POINT('polyline point',(15.5,12.,-75.));
#3369=CARTESIAN_POINT('polyline point',(-7.00000000000003,0.,-75.));
#3370=CARTESIAN_POINT('polyline point',(18.,4.44089209850063E-15,-75.));
#3371=CARTESIAN_POINT('polyline point',(45.,0.,-75.));
#3372=CARTESIAN_POINT('polyline point',(19.,0.,-75.));
#3373=CARTESIAN_POINT('polyline point',(19.,0.,-75.));
#3374=CARTESIAN_POINT('polyline point',(19.,15.,-75.));
#3375=CARTESIAN_POINT('polyline point',(19.,15.,-75.));
#3376=CARTESIAN_POINT('polyline point',(45.,15.,-75.));
#3377=CARTESIAN_POINT('polyline point',(45.,15.,-75.));
#3378=CARTESIAN_POINT('polyline point',(45.,0.,-75.));
#3379=CARTESIAN_POINT('Origin',(32.,7.5,-75.));
#3380=CARTESIAN_POINT('',(18.,4.44089209850063E-15,-75.));
#3381=CARTESIAN_POINT('',(45.,0.,-75.));
#3382=CARTESIAN_POINT('',(19.,0.,-75.));
#3383=CARTESIAN_POINT('polyline point',(-40.,25.,-80.));
#3384=CARTESIAN_POINT('polyline point',(45.,25.,-80.));
#3385=CARTESIAN_POINT('polyline point',(45.,25.,-80.));
#3386=CARTESIAN_POINT('polyline point',(45.,25.,75.));
#3387=CARTESIAN_POINT('polyline point',(45.,25.,75.));
#3388=CARTESIAN_POINT('polyline point',(-40.,25.,75.));
#3389=CARTESIAN_POINT('polyline point',(-40.,25.,75.));
#3390=CARTESIAN_POINT('polyline point',(-40.,25.,-80.));
#3391=CARTESIAN_POINT('polyline point',(-43.,25.,80.));
#3392=CARTESIAN_POINT('polyline point',(48.,25.,80.));
#3393=CARTESIAN_POINT('polyline point',(-45.,25.,-83.));
#3394=CARTESIAN_POINT('polyline point',(-45.,25.,78.));
#3395=CARTESIAN_POINT('polyline point',(50.,25.,78.));
#3396=CARTESIAN_POINT('polyline point',(50.,25.,-83.));
#3397=CARTESIAN_POINT('polyline point',(48.,25.,-85.));
#3398=CARTESIAN_POINT('polyline point',(-43.,25.,-85.));
#3399=CARTESIAN_POINT('',(0.,25.,0.));
#3400=CARTESIAN_POINT('',(-40.,25.,-80.));
#3401=CARTESIAN_POINT('',(45.,25.,-80.));
#3402=CARTESIAN_POINT('',(45.,25.,75.));
#3403=CARTESIAN_POINT('',(-40.,25.,75.));
#3404=CARTESIAN_POINT('Origin',(65.3850445056786,489.687699970869,35.3681995013133));
#3405=CARTESIAN_POINT('Origin',(-110.381667929875,-96.6752007144825,484.613303429554));
#3406=CARTESIAN_POINT('',(0.,0.,0.));
#3407=CARTESIAN_POINT('Origin',(9.80776221726431,-9.80776221726431,9.80776221726431));
#3408=CARTESIAN_POINT('Origin',(-13.9055118110236,-10.,16.9875424688562));
#3409=CARTESIAN_POINT('',(0.,0.,0.));
#3410=CARTESIAN_POINT('Origin',(2.61331282407732E-14,0.,117.693146607172));
#3411=CARTESIAN_POINT('Origin',(-13.9055118110236,-10.,117.693146607172));
#3412=CARTESIAN_POINT('',(0.,0.,0.));
#3413=CARTESIAN_POINT('Origin',(0.,117.693146607172,0.));
#3414=CARTESIAN_POINT('Origin',(-13.9055118110236,-10.,117.693146607172));
#3415=CARTESIAN_POINT('',(0.,0.,0.));
#3416=CARTESIAN_POINT('Origin',(117.693146607172,0.,0.));
#3417=CARTESIAN_POINT('Origin',(-13.9055118110236,-10.,117.693146607172));
#3418=CARTESIAN_POINT('',(0.,0.,0.));
#3419=CARTESIAN_POINT('Origin',(0.,0.,0.));
#3420=CARTESIAN_POINT('Origin',(0.,0.,0.));
#3421=CARTESIAN_POINT('Origin',(0.,0.,0.));
#3422=CARTESIAN_POINT('Origin',(0.,0.,0.));
#3423=CARTESIAN_POINT('Origin',(0.,0.,0.));
#3424=CARTESIAN_POINT('Origin',(0.,0.,0.));
#3425=CARTESIAN_POINT('Origin',(0.,0.,0.));
#3426=CARTESIAN_POINT('Origin',(0.,0.,0.));
#3427=CARTESIAN_POINT('Origin',(0.,0.,0.));
#3428=CARTESIAN_POINT('Origin',(0.,0.,0.));
#3429=CARTESIAN_POINT('Origin',(0.,0.,0.));
#3430=UNCERTAINTY_MEASURE_WITH_UNIT(LENGTH_MEASURE(0.01),#3434,
'DISTANCE_ACCURACY_VALUE',
'Maximum model space distance between geometric entities at asserted c
onnectivities');
#3431=UNCERTAINTY_MEASURE_WITH_UNIT(LENGTH_MEASURE(0.01),#3434,
'DISTANCE_ACCURACY_VALUE',
'Maximum model space distance between geometric entities at asserted c
onnectivities');
#3432=(
GEOMETRIC_REPRESENTATION_CONTEXT(3)
GLOBAL_UNCERTAINTY_ASSIGNED_CONTEXT((#3430))
GLOBAL_UNIT_ASSIGNED_CONTEXT((#3434,#3436,#3437))
REPRESENTATION_CONTEXT('','3D')
);
#3433=(
GEOMETRIC_REPRESENTATION_CONTEXT(3)
GLOBAL_UNCERTAINTY_ASSIGNED_CONTEXT((#3431))
GLOBAL_UNIT_ASSIGNED_CONTEXT((#3434,#3436,#3437))
REPRESENTATION_CONTEXT('','3D')
);
#3434=(
LENGTH_UNIT()
NAMED_UNIT(*)
SI_UNIT(.MILLI.,.METRE.)
);
#3435=(
LENGTH_UNIT()
NAMED_UNIT(*)
SI_UNIT(.CENTI.,.METRE.)
);
#3436=(
NAMED_UNIT(*)
PLANE_ANGLE_UNIT()
SI_UNIT($,.RADIAN.)
);
#3437=(
NAMED_UNIT(*)
SI_UNIT($,.STERADIAN.)
SOLID_ANGLE_UNIT()
);
#3438=SHAPE_DEFINITION_REPRESENTATION(#3439,#3440);
#3439=PRODUCT_DEFINITION_SHAPE('',$,#3443);
#3440=SHAPE_REPRESENTATION('',(#2018,#207),#3432);
#3441=SHAPE_REPRESENTATION('[Primary]',(#67),#3432);
#3442=PRODUCT_DEFINITION_CONTEXT('part definition',#3447,'design');
#3443=PRODUCT_DEFINITION('enclosure','enclosure',#3444,#3442);
#3444=PRODUCT_DEFINITION_FORMATION('',$,#3449);
#3445=PRODUCT_RELATED_PRODUCT_CATEGORY('enclosure','enclosure',(#3449));
#3446=APPLICATION_PROTOCOL_DEFINITION('international standard',
'ap242_managed_model_based_3d_engineering',2011,#3447);
#3447=APPLICATION_CONTEXT('Managed model based 3d engineering');
#3448=PRODUCT_CONTEXT('part definition',#3447,'mechanical');
#3449=PRODUCT('enclosure','enclosure',$,(#3448));
#3450=PRESENTATION_STYLE_ASSIGNMENT((#3470));
#3451=PRESENTATION_STYLE_ASSIGNMENT((#3471));
#3452=PRESENTATION_STYLE_ASSIGNMENT((#3472));
#3453=PRESENTATION_STYLE_ASSIGNMENT((NULL_STYLE(.NULL.)));
#3454=PRESENTATION_STYLE_ASSIGNMENT((NULL_STYLE(.NULL.)));
#3455=PRESENTATION_STYLE_ASSIGNMENT((NULL_STYLE(.NULL.)));
#3456=PRESENTATION_STYLE_ASSIGNMENT((NULL_STYLE(.NULL.)));
#3457=PRESENTATION_STYLE_ASSIGNMENT((NULL_STYLE(.NULL.)));
#3458=PRESENTATION_STYLE_ASSIGNMENT((NULL_STYLE(.NULL.)));
#3459=PRESENTATION_STYLE_ASSIGNMENT((NULL_STYLE(.NULL.)));
#3460=PRESENTATION_STYLE_ASSIGNMENT((NULL_STYLE(.NULL.)));
#3461=PRESENTATION_STYLE_ASSIGNMENT((NULL_STYLE(.NULL.)));
#3462=PRESENTATION_STYLE_ASSIGNMENT((NULL_STYLE(.NULL.)));
#3463=PRESENTATION_STYLE_ASSIGNMENT((NULL_STYLE(.NULL.)));
#3464=PRESENTATION_STYLE_ASSIGNMENT((NULL_STYLE(.NULL.)));
#3465=PRESENTATION_STYLE_ASSIGNMENT((NULL_STYLE(.NULL.)));
#3466=PRESENTATION_STYLE_ASSIGNMENT((NULL_STYLE(.NULL.)));
#3467=PRESENTATION_STYLE_ASSIGNMENT((NULL_STYLE(.NULL.)));
#3468=PRESENTATION_STYLE_ASSIGNMENT((NULL_STYLE(.NULL.)));
#3469=PRESENTATION_STYLE_ASSIGNMENT((NULL_STYLE(.NULL.)));
#3470=SURFACE_STYLE_USAGE(.BOTH.,#3475);
#3471=SURFACE_STYLE_USAGE(.BOTH.,#3476);
#3472=SURFACE_STYLE_USAGE(.BOTH.,#3477);
#3473=SURFACE_STYLE_RENDERING_WITH_PROPERTIES($,#3487,(#3474));
#3474=SURFACE_STYLE_TRANSPARENT(0.);
#3475=SURFACE_SIDE_STYLE('',(#3478,#3473));
#3476=SURFACE_SIDE_STYLE('',(#3479));
#3477=SURFACE_SIDE_STYLE('',(#3480));
#3478=SURFACE_STYLE_FILL_AREA(#3481);
#3479=SURFACE_STYLE_FILL_AREA(#3482);
#3480=SURFACE_STYLE_FILL_AREA(#3483);
#3481=FILL_AREA_STYLE('',(#3484));
#3482=FILL_AREA_STYLE('',(#3485));
#3483=FILL_AREA_STYLE('',(#3486));
#3484=FILL_AREA_STYLE_COLOUR('',#3487);
#3485=FILL_AREA_STYLE_COLOUR('',#3488);
#3486=FILL_AREA_STYLE_COLOUR('',#3489);
#3487=COLOUR_RGB('',0.749019607843137,0.749019607843137,0.749019607843137);
#3488=COLOUR_RGB('',0.,0.,0.);
#3489=COLOUR_RGB('',1.,1.,0.);
ENDSEC;
END-ISO-10303-21;
