# dx	dy
1.752114146947860718e-01 2.374956756830215454e-01
1.746999025344848633e-01 2.368639707565307617e-01
1.741891056299209595e-01 2.362329810857772827e-01
1.736790090799331665e-01 2.356026768684387207e-01
1.731696277856826782e-01 2.349730730056762695e-01
1.726609468460083008e-01 2.343441694974899292e-01
1.721529811620712280e-01 2.337159514427185059e-01
1.716457158327102661e-01 2.330884337425231934e-01
1.711391657590866089e-01 2.324616163969039917e-01
1.706333160400390625e-01 2.318354845046997070e-01
1.701281815767288208e-01 2.312100529670715332e-01
1.696237474679946899e-01 2.305853217840194702e-01
1.691200137138366699e-01 2.299612611532211304e-01
1.686169952154159546e-01 2.293379157781600952e-01
1.681146770715713501e-01 2.287152558565139771e-01
1.676130592823028564e-01 2.280932813882827759e-01
1.671121418476104736e-01 2.274720072746276855e-01
1.666119396686553955e-01 2.268514037132263184e-01
1.661124378442764282e-01 2.262315154075622559e-01
1.656136363744735718e-01 2.256122976541519165e-01
1.651155352592468262e-01 2.249937802553176880e-01
1.646181344985961914e-01 2.243759632110595703e-01
1.641214340925216675e-01 2.237588167190551758e-01
1.636254489421844482e-01 2.231423556804656982e-01
1.631301492452621460e-01 2.225265949964523315e-01
1.626355499029159546e-01 2.219115197658538818e-01
1.621416658163070679e-01 2.212971299886703491e-01
1.616484671831130981e-01 2.206834256649017334e-01
1.611559689044952393e-01 2.200704067945480347e-01
1.606641858816146851e-01 2.194580733776092529e-01
1.601730883121490479e-01 2.188464403152465820e-01
1.596826761960983276e-01 2.182354778051376343e-01
1.591929793357849121e-01 2.176252007484436035e-01
1.587039828300476074e-01 2.170156091451644897e-01
1.582156717777252197e-01 2.164066880941390991e-01
1.577280610799789429e-01 2.157984673976898193e-01
1.572411507368087769e-01 2.151909321546554565e-01
1.567549258470535278e-01 2.145840674638748169e-01
1.562694013118743896e-01 2.139778882265090942e-01
1.557845771312713623e-01 2.133723944425582886e-01
1.553004533052444458e-01 2.127675712108612061e-01
1.548170149326324463e-01 2.121634334325790405e-01
1.543342620134353638e-01 2.115599811077117920e-01
1.538522094488143921e-01 2.109572142362594604e-01
1.533708572387695312e-01 2.103551179170608521e-01
1.528901904821395874e-01 2.097536921501159668e-01
1.524102091789245605e-01 2.091529518365859985e-01
1.519309282302856445e-01 2.085528969764709473e-01
1.514523476362228394e-01 2.079535126686096191e-01
1.509744375944137573e-01 2.073548138141632080e-01
1.504972279071807861e-01 2.067567855119705200e-01
1.500207185745239258e-01 2.061594277620315552e-01
1.495448946952819824e-01 2.055627554655075073e-01
1.490697562694549561e-01 2.049667537212371826e-01
1.485953032970428467e-01 2.043714225292205811e-01
1.481215357780456543e-01 2.037767767906188965e-01
1.476484686136245728e-01 2.031828016042709351e-01
1.471760869026184082e-01 2.025894969701766968e-01
1.467043906450271606e-01 2.019968777894973755e-01
1.462333798408508301e-01 2.014049142599105835e-01
1.457630544900894165e-01 2.008136361837387085e-01
1.452934294939041138e-01 2.002230137586593628e-01
1.448244750499725342e-01 1.996330767869949341e-01
1.443562060594558716e-01 1.990438103675842285e-01
1.438886225223541260e-01 1.984552145004272461e-01
1.434217393398284912e-01 1.978672891855239868e-01
1.429555267095565796e-01 1.972800344228744507e-01
1.424899995326995850e-01 1.966934502124786377e-01
1.420251578092575073e-01 1.961075365543365479e-01
1.415610015392303467e-01 1.955222785472869873e-01
1.410975307226181030e-01 1.949377059936523438e-01
1.406347304582595825e-01 1.943537890911102295e-01
1.401726305484771729e-01 1.937705427408218384e-01
1.397112011909484863e-01 1.931879669427871704e-01
1.392504423856735229e-01 1.926060467958450317e-01
1.387903839349746704e-01 1.920248121023178101e-01
1.383309960365295410e-01 1.914442330598831177e-01
1.378722935914993286e-01 1.908643096685409546e-01
1.374142616987228394e-01 1.902850717306137085e-01
1.369569152593612671e-01 1.897064894437789917e-01
1.365002542734146118e-01 1.891285628080368042e-01
1.360442638397216797e-01 1.885513067245483398e-01
1.355889588594436646e-01 1.879747062921524048e-01
1.351343244314193726e-01 1.873987764120101929e-01
1.346803605556488037e-01 1.868235170841217041e-01
1.342270821332931519e-01 1.862489134073257446e-01
1.337744891643524170e-01 1.856749653816223145e-01
1.333225667476654053e-01 1.851016730070114136e-01
1.328713148832321167e-01 1.845290511846542358e-01
1.324207484722137451e-01 1.839570999145507812e-01
1.319708377122879028e-01 1.833857893943786621e-01
1.315216273069381714e-01 1.828151494264602661e-01
1.310730725526809692e-01 1.822451651096343994e-01
1.306252032518386841e-01 1.816758364439010620e-01
1.301780045032501221e-01 1.811071783304214478e-01
1.297314763069152832e-01 1.805391609668731689e-01
1.292856186628341675e-01 1.799718141555786133e-01
1.288404315710067749e-01 1.794051080942153931e-01
1.283959150314331055e-01 1.788390725851058960e-01
1.279520839452743530e-01 1.782736927270889282e-01
1.275089085102081299e-01 1.777089685201644897e-01
1.270664185285568237e-01 1.771448999643325806e-01
1.266245990991592407e-01 1.765814721584320068e-01
1.261834353208541870e-01 1.760187149047851562e-01
1.257429569959640503e-01 1.754565984010696411e-01
1.253031343221664429e-01 1.748951524496078491e-01
1.248639896512031555e-01 1.743343472480773926e-01
1.244255080819129944e-01 1.737741976976394653e-01
1.239876970648765564e-01 1.732147037982940674e-01
1.235505491495132446e-01 1.726558506488800049e-01
1.231140792369842529e-01 1.720976531505584717e-01
1.226782649755477905e-01 1.715401113033294678e-01
1.222431212663650513e-01 1.709832251071929932e-01
1.218086481094360352e-01 1.704269796609878540e-01
1.213748380541801453e-01 1.698713898658752441e-01
1.209416911005973816e-01 1.693164408206939697e-01
1.205092146992683411e-01 1.687621474266052246e-01
1.200774013996124268e-01 1.682084947824478149e-01
1.196462437510490417e-01 1.676554977893829346e-01
1.192157566547393799e-01 1.671031415462493896e-01
1.187859401106834412e-01 1.665514409542083740e-01
1.183567792177200317e-01 1.660003811120986938e-01
1.179282814264297485e-01 1.654499769210815430e-01
1.175004392862319946e-01 1.649002134799957275e-01
1.170732676982879639e-01 1.643510907888412476e-01
1.166467592120170593e-01 1.638026088476181030e-01
1.162209063768386841e-01 1.632547825574874878e-01
1.157957166433334351e-01 1.627075970172882080e-01
1.153711900115013123e-01 1.621610522270202637e-01
1.149473190307617188e-01 1.616151481866836548e-01
1.145241111516952515e-01 1.610698997974395752e-01
1.141015589237213135e-01 1.605252772569656372e-01
1.136796623468399048e-01 1.599813103675842285e-01
1.132584288716316223e-01 1.594379842281341553e-01
1.128378584980964661e-01 1.588952988386154175e-01
1.124179363250732422e-01 1.583532392978668213e-01
1.119986772537231445e-01 1.578118354082107544e-01
1.115800738334655762e-01 1.572710722684860229e-01
1.111621260643005371e-01 1.567309349775314331e-01
1.107448339462280273e-01 1.561914533376693726e-01
1.103281974792480469e-01 1.556525975465774536e-01
1.099122241139411926e-01 1.551143825054168701e-01
1.094968989491462708e-01 1.545768082141876221e-01
1.090822219848632812e-01 1.540398746728897095e-01
1.086682081222534180e-01 1.535035669803619385e-01
1.082548499107360840e-01 1.529679000377655029e-01
1.078421398997306824e-01 1.524328738451004028e-01
1.074300780892372131e-01 1.518984884023666382e-01
1.070186793804168701e-01 1.513647288084030151e-01
1.066079288721084595e-01 1.508315950632095337e-01
1.061978265643119812e-01 1.502991169691085815e-01
1.057883799076080322e-01 1.497672647237777710e-01
1.053795814514160156e-01 1.492360383272171021e-01
1.049714386463165283e-01 1.487054526805877686e-01
1.045639365911483765e-01 1.481754928827285767e-01
1.041570901870727539e-01 1.476461738348007202e-01
1.037508994340896606e-01 1.471174806356430054e-01
1.033453494310379028e-01 1.465894132852554321e-01
1.029404476284980774e-01 1.460619866847991943e-01
1.025362014770507812e-01 1.455351859331130981e-01
1.021325960755348206e-01 1.450090259313583374e-01
1.017296388745307922e-01 1.444834917783737183e-01
1.013273373246192932e-01 1.439585834741592407e-01
1.009256690740585327e-01 1.434343010187149048e-01
1.005246564745903015e-01 1.429106444120407104e-01
1.001242920756340027e-01 1.423876136541366577e-01
9.972456842660903931e-02 1.418652236461639404e-01
9.932548552751541138e-02 1.413434594869613647e-01
9.892705827951431274e-02 1.408223062753677368e-01
9.852926433086395264e-02 1.403017938137054443e-01
9.813211858272552490e-02 1.397819072008132935e-01
9.773562103509902954e-02 1.392626464366912842e-01
9.733976423740386963e-02 1.387439966201782227e-01
9.694454818964004517e-02 1.382259875535964966e-01
9.654997289180755615e-02 1.377085894346237183e-01
9.615604579448699951e-02 1.371918320655822754e-01
9.576275944709777832e-02 1.366756856441497803e-01
9.537010639905929565e-02 1.361601650714874268e-01
9.497810155153274536e-02 1.356452554464340210e-01
9.458673745393753052e-02 1.351309865713119507e-01
9.419601410627365112e-02 1.346173286437988281e-01
9.380592405796051025e-02 1.341042965650558472e-01
9.341648221015930176e-02 1.335918754339218140e-01
9.302767366170883179e-02 1.330800950527191162e-01
9.263950586318969727e-02 1.325689107179641724e-01
9.225197136402130127e-02 1.320583671331405640e-01
9.186507761478424072e-02 1.315484344959259033e-01
9.147882461547851562e-02 1.310391128063201904e-01
9.109320491552352905e-02 1.305304169654846191e-01
9.070822596549987793e-02 1.300223320722579956e-01
9.032388031482696533e-02 1.295148730278015137e-01
8.994016796350479126e-02 1.290080249309539795e-01
8.955709636211395264e-02 1.285018026828765869e-01
8.917465806007385254e-02 1.279961913824081421e-01
8.879285305738449097e-02 1.274911910295486450e-01
8.841168135404586792e-02 1.269868016242980957e-01
8.803114295005798340e-02 1.264830380678176880e-01
8.765124529600143433e-02 1.259798854589462280e-01
8.727197349071502686e-02 1.254773437976837158e-01
8.689333498477935791e-02 1.249754205346107483e-01
8.651532977819442749e-02 1.244741082191467285e-01
8.613795787096023560e-02 1.239734143018722534e-01
8.576121926307678223e-02 1.234733238816261292e-01
8.538510650396347046e-02 1.229738518595695496e-01
8.500962704420089722e-02 1.224749833345413208e-01
8.463478088378906250e-02 1.219767332077026367e-01
8.426056057214736938e-02 1.214790940284729004e-01
8.388697355985641479e-02 1.209820583462715149e-01
8.351401239633560181e-02 1.204856336116790771e-01
8.314168453216552734e-02 1.199898198246955872e-01
8.276998251676559448e-02 1.194946169853210449e-01
8.239890635013580322e-02 1.190000250935554504e-01
8.202846348285675049e-02 1.185060366988182068e-01
8.165864646434783936e-02 1.180126518011093140e-01
8.128945529460906982e-02 1.175198853015899658e-01
8.092088997364044189e-02 1.170277148485183716e-01
8.055295050144195557e-02 1.165361553430557251e-01
8.018563687801361084e-02 1.160451993346214294e-01
7.981894910335540771e-02 1.155548542737960815e-01
7.945287972688674927e-02 1.150651127099990845e-01
7.908744364976882935e-02 1.145759746432304382e-01
7.872263342142105103e-02 1.140874400734901428e-01
7.835844159126281738e-02 1.135995090007781982e-01
7.799487560987472534e-02 1.131121814250946045e-01
7.763192802667617798e-02 1.126254573464393616e-01
7.726960629224777222e-02 1.121393293142318726e-01
7.690791040658950806e-02 1.116538122296333313e-01
7.654683291912078857e-02 1.111688911914825439e-01
7.618637382984161377e-02 1.106845736503601074e-01
7.582654058933258057e-02 1.102008596062660217e-01
7.546732574701309204e-02 1.097177416086196899e-01
7.510872930288314819e-02 1.092352271080017090e-01
7.475075870752334595e-02 1.087533086538314819e-01
7.439340651035308838e-02 1.082719936966896057e-01
7.403666526079177856e-02 1.077912747859954834e-01
7.368054986000061035e-02 1.073111519217491150e-01
7.332505285739898682e-02 1.068316325545310974e-01
7.297017425298690796e-02 1.063527092337608337e-01
7.261591404676437378e-02 1.058743819594383240e-01
7.226226478815078735e-02 1.053966507315635681e-01
7.190924137830734253e-02 1.049195155501365662e-01
7.155682891607284546e-02 1.044429689645767212e-01
7.120502740144729614e-02 1.039670258760452271e-01
7.085385173559188843e-02 1.034916788339614868e-01
7.050328701734542847e-02 1.030169203877449036e-01
7.015333324670791626e-02 1.025427579879760742e-01
6.980399787425994873e-02 1.020691916346549988e-01
6.945527344942092896e-02 1.015962213277816772e-01
6.910716742277145386e-02 1.011238396167755127e-01
6.875967234373092651e-02 1.006520465016365051e-01
6.841279566287994385e-02 1.001808494329452515e-01
6.806652247905731201e-02 9.971024096012115479e-02
6.772086769342422485e-02 9.924022853374481201e-02
6.737582385540008545e-02 9.877080470323562622e-02
6.703138351440429688e-02 9.830196946859359741e-02
6.668756157159805298e-02 9.783372282981872559e-02
6.634435057640075684e-02 9.736607223749160767e-02
6.600175052881240845e-02 9.689900279045104980e-02
6.565975397825241089e-02 9.643252193927764893e-02
6.531837582588195801e-02 9.596663713455200195e-02
6.497760117053985596e-02 9.550133347511291504e-02
6.463743001222610474e-02 9.503661841154098511e-02
6.429787725210189819e-02 9.457249194383621216e-02
6.395892798900604248e-02 9.410894662141799927e-02
6.362058222293853760e-02 9.364598989486694336e-02
6.328284740447998047e-02 9.318362176418304443e-02
6.294572353363037109e-02 9.272183477878570557e-02
6.260920315980911255e-02 9.226063638925552368e-02
6.227328628301620483e-02 9.180001914501190186e-02
6.193797290325164795e-02 9.133998304605484009e-02
6.160327047109603882e-02 9.088053554296493530e-02
6.126916781067848206e-02 9.042166918516159058e-02
6.093567237257957458e-02 8.996338397264480591e-02
6.060278043150901794e-02 8.950567990541458130e-02
6.027049198746681213e-02 8.904856443405151367e-02
5.993880704045295715e-02 8.859202265739440918e-02
5.960772559046745300e-02 8.813606947660446167e-02
5.927724391222000122e-02 8.768068999052047729e-02
5.894736573100090027e-02 8.722589164972305298e-02
5.861809104681015015e-02 8.677167445421218872e-02
5.828941240906715393e-02 8.631803095340728760e-02
5.796134099364280701e-02 8.586497604846954346e-02
5.763386562466621399e-02 8.541249483823776245e-02
5.730699375271797180e-02 8.496058732271194458e-02
5.698071792721748352e-02 8.450926095247268677e-02
5.665504187345504761e-02 8.405850827693939209e-02
5.632996559143066406e-02 8.360833674669265747e-02
5.600548908114433289e-02 8.315873891115188599e-02
5.568160861730575562e-02 8.270972222089767456e-02
5.535832792520523071e-02 8.226127177476882935e-02
5.503564327955245972e-02 8.181340247392654419e-02
5.471355840563774109e-02 8.136610686779022217e-02
5.439206585288047791e-02 8.091938495635986328e-02
5.407117307186126709e-02 8.047323673963546753e-02
5.375087261199951172e-02 8.002766221761703491e-02
5.343117192387580872e-02 7.958265393972396851e-02
5.311206355690956116e-02 7.913822680711746216e-02
5.279354751110076904e-02 7.869436591863632202e-02
5.247562751173973083e-02 7.825107872486114502e-02
5.215830355882644653e-02 7.780836522579193115e-02
5.184157192707061768e-02 7.736621797084808350e-02
5.152543261647224426e-02 7.692464441061019897e-02
5.120988562703132629e-02 7.648363709449768066e-02
5.089493095874786377e-02 7.604320347309112549e-02
5.058056861162185669e-02 7.560333609580993652e-02
5.026679858565330505e-02 7.516403496265411377e-02
4.995362088084220886e-02 7.472530752420425415e-02
4.964103177189826965e-02 7.428713887929916382e-02
4.932903125882148743e-02 7.384954392910003662e-02
4.901762306690216064e-02 7.341251522302627563e-02
4.870680719614028931e-02 7.297605276107788086e-02
4.839657619595527649e-02 7.254015654325485229e-02
4.808693379163742065e-02 7.210482656955718994e-02
4.777788370847702026e-02 7.167006283998489380e-02
4.746941849589347839e-02 7.123585790395736694e-02
4.716154187917709351e-02 7.080221921205520630e-02
4.685425013303756714e-02 7.036914676427841187e-02
4.654754698276519775e-02 6.993664056062698364e-02
4.624143242835998535e-02 6.950469315052032471e-02
4.593590274453163147e-02 6.907330453395843506e-02
4.563095793128013611e-02 6.864248216152191162e-02
4.532659798860549927e-02 6.821222603321075439e-02
4.502282291650772095e-02 6.778252869844436646e-02
4.471963271498680115e-02 6.735339015722274780e-02
4.441702738404273987e-02 6.692481040954589844e-02
4.411500692367553711e-02 6.649678945541381836e-02
4.381356760859489441e-02 6.606933474540710449e-02
4.351271316409111023e-02 6.564243137836456299e-02
4.321243986487388611e-02 6.521609425544738770e-02
4.291274771094322205e-02 6.479030847549438477e-02
4.261364042758941650e-02 6.436508893966674805e-02
4.231511056423187256e-02 6.394042074680328369e-02
4.201716557145118713e-02 6.351631134748458862e-02
4.171979799866676331e-02 6.309276074171066284e-02
4.142301157116889954e-02 6.266976147890090942e-02
4.112680628895759583e-02 6.224732100963592529e-02
4.083117842674255371e-02 6.182543560862541199e-02
4.053613170981407166e-02 6.140410527586936951e-02
4.024166241288185120e-02 6.098332628607749939e-02
3.994777426123619080e-02 6.056310608983039856e-02
3.965445980429649353e-02 6.014343723654747009e-02
3.936172649264335632e-02 5.972431972622871399e-02
3.906956687569618225e-02 5.930575728416442871e-02
3.877798467874526978e-02 5.888774618506431580e-02
3.848697990179061890e-02 5.847029015421867371e-02
3.819655254483222961e-02 5.805338174104690552e-02
3.790669888257980347e-02 5.763702839612960815e-02
3.761741891503334045e-02 5.722122266888618469e-02
3.732871636748313904e-02 5.680596828460693359e-02
3.704058751463890076e-02 5.639126151800155640e-02
3.675303235650062561e-02 5.597710609436035156e-02
3.646605089306831360e-02 5.556349828839302063e-02
3.617964312434196472e-02 5.515044182538986206e-02
3.589380905032157898e-02 5.473793298006057739e-02
3.560854494571685791e-02 5.432596802711486816e-02
3.532385453581809998e-02 5.391455441713333130e-02
3.503973409533500671e-02 5.350368469953536987e-02
3.475618734955787659e-02 5.309336259961128235e-02
3.447321057319641113e-02 5.268358811736106873e-02
3.419080376625061035e-02 5.227435752749443054e-02
3.390896692872047424e-02 5.186567083001136780e-02
3.362770006060600281e-02 5.145753175020217896e-02
3.334700316190719604e-02 5.104993656277656555e-02
3.306687250733375549e-02 5.064288526773452759e-02
3.278731554746627808e-02 5.023637413978576660e-02
3.250832110643386841e-02 4.983041062951087952e-02
3.222990036010742188e-02 4.942498728632926941e-02
3.195204213261604309e-02 4.902010411024093628e-02
3.167475387454032898e-02 4.861576482653617859e-02
3.139802813529968262e-02 4.821196570992469788e-02
3.112187236547470093e-02 4.780871048569679260e-02
3.084628283977508545e-02 4.740599170327186584e-02
3.057125769555568695e-02 4.700381681323051453e-02
3.029679693281650543e-02 4.660217836499214172e-02
3.002290055155754089e-02 4.620108380913734436e-02
2.974956855177879333e-02 4.580052196979522705e-02
2.947680279612541199e-02 4.540050402283668518e-02
2.920459769666194916e-02 4.500101879239082336e-02
2.893295697867870331e-02 4.460207372903823853e-02
2.866187877953052521e-02 4.420366510748863220e-02
2.839136309921741486e-02 4.380579292774200439e-02
2.812140993773937225e-02 4.340845718979835510e-02
2.785201743245124817e-02 4.301165789365768433e-02
2.758318558335304260e-02 4.261539503931999207e-02
2.731491625308990479e-02 4.221966490149497986e-02
2.704720571637153625e-02 4.182447120547294617e-02
2.678005583584308624e-02 4.142981022596359253e-02
2.651346474885940552e-02 4.103568196296691895e-02
2.624743431806564331e-02 4.064209014177322388e-02
2.598196268081665039e-02 4.024902731180191040e-02
2.571704797446727753e-02 3.985650092363357544e-02
2.545269206166267395e-02 3.946450352668762207e-02
2.518889307975769043e-02 3.907303884625434875e-02
2.492565289139747620e-02 3.868210315704345703e-02
2.466296963393688202e-02 3.829170018434524536e-02
2.440084144473075867e-02 3.790182992815971375e-02
2.413927018642425537e-02 3.751248493790626526e-02
2.387825399637222290e-02 3.712367266416549683e-02
2.361779473721981049e-02 3.673538565635681152e-02
2.335788868367671967e-02 3.634763136506080627e-02
2.309853769838809967e-02 3.596040233969688416e-02
2.283974178135395050e-02 3.557370230555534363e-02
2.258149906992912292e-02 3.518753126263618469e-02
2.232380956411361694e-02 3.480188548564910889e-02
2.206667326390743256e-02 3.441676497459411621e-02
2.181008830666542053e-02 3.403216972947120667e-02
2.155405655503273010e-02 3.364810347557067871e-02
2.129857614636421204e-02 3.326455876231193542e-02
2.104364894330501556e-02 3.288154304027557373e-02
2.078927122056484222e-02 3.249904885888099670e-02
2.053544484078884125e-02 3.211707621812820435e-02
2.028216794133186340e-02 3.173563256859779358e-02
2.002944052219390869e-02 3.135470673441886902e-02
1.977726444602012634e-02 3.097430802881717682e-02
1.952563598752021790e-02 3.059442900121212006e-02
1.927455700933933258e-02 3.021507151424884796e-02
1.902402564883232117e-02 2.983623556792736053e-02
1.877404376864433289e-02 2.945792116224765778e-02
1.852460764348506927e-02 2.908012829720973969e-02
1.827571913599967957e-02 2.870285324752330780e-02
1.802737824618816376e-02 2.832609973847866058e-02
1.777958311140537262e-02 2.794986404478549957e-02
1.753233373165130615e-02 2.757414802908897400e-02
1.728563010692596436e-02 2.719894982874393463e-02
1.703947223722934723e-02 2.682426944375038147e-02
1.679385825991630554e-02 2.645010687410831451e-02
1.654879003763198853e-02 2.607646211981773376e-02
1.630426384508609772e-02 2.570333331823348999e-02
1.606028340756893158e-02 2.533072046935558319e-02
1.581684499979019165e-02 2.495862543582916260e-02
1.557394955307245255e-02 2.458704262971878052e-02
1.533159706741571426e-02 2.421597763895988464e-02
1.508978661149740219e-02 2.384542487561702728e-02
1.484851725399494171e-02 2.347538806498050690e-02
1.460778992623090744e-02 2.310586348176002502e-02
1.436760276556015015e-02 2.273685298860073090e-02
1.412795670330524445e-02 2.236835658550262451e-02
1.388885080814361572e-02 2.200037054717540741e-02
1.365028508007526398e-02 2.163289673626422882e-02
1.341225858777761459e-02 2.126593515276908875e-02
1.317477039992809296e-02 2.089948393404483795e-02
1.293782144784927368e-02 2.053354494273662567e-02
1.270140986889600754e-02 2.016811445355415344e-02
1.246553659439086914e-02 1.980319619178771973e-02
1.223020162433385849e-02 1.943878456950187683e-02
1.199540216475725174e-02 1.907488331198692322e-02
1.176114007830619812e-02 1.871149055659770966e-02
1.152741443365812302e-02 1.834860630333423615e-02
1.129422429949045181e-02 1.798623055219650269e-02
1.106157060712575912e-02 1.762436144053936005e-02
1.082945056259632111e-02 1.726299896836280823e-02
1.059786602854728699e-02 1.690214313566684723e-02
1.036681607365608215e-02 1.654179207980632782e-02
1.013629976660013199e-02 1.618194766342639923e-02
9.906317107379436493e-03 1.582260802388191223e-02
9.676867164671421051e-03 1.546377409249544144e-02
9.447949938476085663e-03 1.510544400662183762e-02
9.219565428793430328e-03 1.474761869758367538e-02
8.991712704300880432e-03 1.439029537141323090e-02
8.764391764998435974e-03 1.403347589075565338e-02
8.537602610886096954e-03 1.367715932428836823e-02
8.311343379318714142e-03 1.332134474068880081e-02
8.085615001618862152e-03 1.296603213995695114e-02
7.860416546463966370e-03 1.261122059077024460e-02
7.635747548192739487e-03 1.225691009312868118e-02
7.411608006805181503e-03 1.190309971570968628e-02
7.187997456640005112e-03 1.154979038983583450e-02
6.964914966374635696e-03 1.119698025286197662e-02
6.742361001670360565e-03 1.084466930478811264e-02
6.520334631204605103e-03 1.049285661429166794e-02
6.298835389316082001e-03 1.014154311269521713e-02
6.077863276004791260e-03 9.790726937353610992e-03
5.857417825609445572e-03 9.440409019589424133e-03
5.637498106807470322e-03 9.090588428080081940e-03
5.418104585260152817e-03 8.741263300180435181e-03
5.199235863983631134e-03 8.392435498535633087e-03
4.980892874300479889e-03 8.044103160500526428e-03
4.763073753565549850e-03 7.696266751736402512e-03
4.545779433101415634e-03 7.348924875259399414e-03
4.329008515924215317e-03 7.002077531069517136e-03
4.112761002033948898e-03 6.655724719166755676e-03
3.897036891430616379e-03 6.309865042567253113e-03
3.681835252791643143e-03 5.964498966932296753e-03
3.467155853286385536e-03 5.619626026600599289e-03
3.252998227253556252e-03 5.275245290249586105e-03
3.039362141862511635e-03 4.931356757879257202e-03
2.826247131451964378e-03 4.587959498167037964e-03
2.613652963191270828e-03 4.245053511112928391e-03
2.401578938588500023e-03 3.902638563886284828e-03
2.190025057643651962e-03 3.560713725164532661e-03
1.978990389034152031e-03 3.219278762117028236e-03
1.768475165590643883e-03 2.878333441913127899e-03
1.558478455990552902e-03 2.537877066060900688e-03
1.349000260233879089e-03 2.197909168899059296e-03
1.140039996244013309e-03 1.858429750427603722e-03
9.315973147749900818e-04 1.519437995739281178e-03
7.236718665808439255e-04 1.180933555588126183e-03
5.162631860002875328e-04 8.429161389358341694e-04
3.093709237873554230e-04 5.053851637057960033e-04
1.029947161441668868e-04 1.683402952039614320e-04
-1.028658589348196983e-04 -1.682189322309568524e-04
-3.082111652474850416e-04 -5.042928969487547874e-04
-5.130416247993707657e-04 -8.398821228183805943e-04
-7.173576159402728081e-04 -1.174986944533884525e-03
-9.211595170199871063e-04 -1.509607769548892975e-03
-1.124447677284479141e-03 -1.843745121732354164e-03
-1.327222562395036221e-03 -2.177399350330233574e-03
-1.529484521597623825e-03 -2.510570921003818512e-03
-1.731234020553529263e-03 -2.843260066583752632e-03
-1.932471292093396187e-03 -3.175467485561966896e-03
-2.133196918293833733e-03 -3.507193643599748611e-03
-2.333411015570163727e-03 -3.838438540697097778e-03
-2.533114282414317131e-03 -4.169203341007232666e-03
-2.732306951656937599e-03 -4.499487578868865967e-03
-2.930989256128668785e-03 -4.829292185604572296e-03
-3.129161894321441650e-03 -5.158617626875638962e-03
-3.326825099065899849e-03 -5.487463902682065964e-03
-3.523979336023330688e-03 -5.815831944346427917e-03
-3.720624838024377823e-03 -6.143722217530012131e-03
-3.916762303560972214e-03 -6.471134722232818604e-03
-4.112391732633113861e-03 -6.798069924116134644e-03
-4.307513590902090073e-03 -7.124528754502534866e-03
-4.502128344029188156e-03 -7.450510747730731964e-03
-4.696236457675695419e-03 -7.776017300784587860e-03
-4.889838397502899170e-03 -8.101047948002815247e-03
-5.082934629172086716e-03 -8.425604552030563354e-03
-5.275525152683258057e-03 -8.749685250222682953e-03
-5.467610433697700500e-03 -9.073292836546897888e-03
-5.659190937876701355e-03 -9.396426379680633545e-03
-5.850267130881547928e-03 -9.719085879623889923e-03
-6.040839478373527527e-03 -1.004127319902181625e-02
-6.230907980352640152e-03 -1.036298740655183792e-02
-6.420473568141460419e-03 -1.068423036485910416e-02
-6.609536241739988327e-03 -1.100500114262104034e-02
-6.798096466809511185e-03 -1.132530067116022110e-02
-6.986154709011316299e-03 -1.164512988179922104e-02
-7.173710968345403671e-03 -1.196448877453804016e-02
-7.360766641795635223e-03 -1.228337734937667847e-02
-7.547320798039436340e-03 -1.260179653763771057e-02
-7.733374834060668945e-03 -1.291974633932113647e-02
-7.918928749859333038e-03 -1.323722768574953079e-02
-8.103983476758003235e-03 -1.355424057692289352e-02
-8.288538083434104919e-03 -1.387078594416379929e-02
-8.472594432532787323e-03 -1.418686471879482269e-02
-8.656151592731475830e-03 -1.450247503817081451e-02
-8.839211426675319672e-03 -1.481761969625949860e-02
-9.021773003041744232e-03 -1.513229776173830032e-02
-9.203837253153324127e-03 -1.544651109725236893e-02
-9.385404177010059357e-03 -1.576025784015655518e-02
-9.566474705934524536e-03 -1.607354171574115753e-02
-9.747049771249294281e-03 -1.638635806739330292e-02
-9.927128441631793976e-03 -1.669871248304843903e-02
-1.010671164840459824e-02 -1.701060310006141663e-02
-1.028580032289028168e-02 -1.732203178107738495e-02
-1.046439353376626968e-02 -1.763299666345119476e-02
-1.064249314367771149e-02 -1.794349774718284607e-02
-1.082009915262460709e-02 -1.825353875756263733e-02
-1.099721062928438187e-02 -1.856311783194541931e-02
-1.117383036762475967e-02 -1.887223683297634125e-02
-1.134995650500059128e-02 -1.918089389801025391e-02
-1.152558997273445129e-02 -1.948909088969230652e-02
-1.170073263347148895e-02 -1.979682967066764832e-02
-1.187538355588912964e-02 -2.010410837829113007e-02
-1.204954273998737335e-02 -2.041092701256275177e-02
-1.222321111708879471e-02 -2.071728743612766266e-02
-1.239638961851596832e-02 -2.102319151163101196e-02
-1.256907824426889420e-02 -2.132863551378250122e-02
-1.274127699434757233e-02 -2.163362503051757812e-02
-1.291298680007457733e-02 -2.193815633654594421e-02
-1.308420766144990921e-02 -2.224223129451274872e-02
-1.325494050979614258e-02 -2.254584990441799164e-02
-1.342518534511327744e-02 -2.284901402890682220e-02
-1.359494216740131378e-02 -2.315172180533409119e-02
-1.376421190798282623e-02 -2.345397695899009705e-02
-1.393299456685781479e-02 -2.375577576458454132e-02
-1.410129107534885406e-02 -2.405712194740772247e-02
-1.426910050213336945e-02 -2.435801550745964050e-02
-1.443642564117908478e-02 -2.465845458209514618e-02
-1.460326462984085083e-02 -2.495844103395938873e-02
-1.476961933076381683e-02 -2.525797672569751740e-02
-1.493548881262540817e-02 -2.555705979466438293e-02
-1.510087493807077408e-02 -2.585569210350513458e-02
-1.526577677577733994e-02 -2.615387365221977234e-02
-1.543019525706768036e-02 -2.645160444080829620e-02
-1.559413131326436996e-02 -2.674888633191585541e-02
-1.575758494436740875e-02 -2.704571746289730072e-02
-1.592055521905422211e-02 -2.734209969639778137e-02
-1.608304493129253387e-02 -2.763803303241729736e-02
-1.624505221843719482e-02 -2.793351747095584869e-02
-1.640657894313335419e-02 -2.822855487465858459e-02
-1.656762510538101196e-02 -2.852314524352550507e-02
-1.672819070518016815e-02 -2.881728857755661011e-02
-1.688827760517597198e-02 -2.911098487675189972e-02
-1.704788394272327423e-02 -2.940423600375652313e-02
-1.720701158046722412e-02 -2.969704009592533112e-02
-1.736566051840782166e-02 -2.998940087854862213e-02
-1.752383075654506683e-02 -3.028131462633609772e-02
-1.768152229487895966e-02 -3.057278506457805634e-02
-1.783873885869979858e-02 -3.086381033062934875e-02
-1.799547672271728516e-02 -3.115439228713512421e-02
-1.815173774957656860e-02 -3.144453093409538269e-02
-1.830752193927764893e-02 -3.173422813415527344e-02
-1.846283115446567535e-02 -3.202348202466964722e-02
-1.861766539514064789e-02 -3.231229633092880249e-02
-1.877202279865741730e-02 -3.260066732764244080e-02
-1.892590709030628204e-02 -3.288859501481056213e-02
-1.907931454479694366e-02 -3.317608684301376343e-02
-1.923225075006484985e-02 -3.346313536167144775e-02
-1.938471198081970215e-02 -3.374974429607391357e-02
-1.953670009970664978e-02 -3.403591364622116089e-02
-1.968821510672569275e-02 -3.432164341211318970e-02
-1.983925886452198029e-02 -3.460693731904029846e-02
-1.998982951045036316e-02 -3.489179164171218872e-02
-2.013992890715599060e-02 -3.517621010541915894e-02
-2.028955705463886261e-02 -3.546018898487091064e-02
-2.043871395289897919e-02 -3.574373200535774231e-02
-2.058739960193634033e-02 -3.602683916687965393e-02
-2.073561586439609528e-02 -3.630950674414634705e-02
-2.088336274027824402e-02 -3.659174218773841858e-02
-2.103064022958278656e-02 -3.687354177236557007e-02
-2.117744833230972290e-02 -3.715490922331809998e-02
-2.132378891110420227e-02 -3.743584081530570984e-02
-2.146966010332107544e-02 -3.771633654832839966e-02
-2.161506377160549164e-02 -3.799640014767646790e-02
-2.175999991595745087e-02 -3.827603161334991455e-02
-2.190446853637695312e-02 -3.855522722005844116e-02
-2.204847149550914764e-02 -3.883399441838264465e-02
-2.219200879335403442e-02 -3.911232948303222656e-02
-2.233508042991161346e-02 -3.939023241400718689e-02
-2.247768454253673553e-02 -3.966770321130752563e-02
-2.261982485651969910e-02 -3.994474560022354126e-02
-2.276150137186050415e-02 -4.022135958075523376e-02
-2.290271222591400146e-02 -4.049754142761230469e-02
-2.304345928132534027e-02 -4.077329486608505249e-02
-2.318374253809452057e-02 -4.104861989617347717e-02
-2.332356385886669159e-02 -4.132351279258728027e-02
-2.346292138099670410e-02 -4.159798100590705872e-02
-2.360181696712970734e-02 -4.187202453613281250e-02
-2.374025061726570129e-02 -4.214563593268394470e-02
-2.387822419404983521e-02 -4.241882637143135071e-02
-2.401573397219181061e-02 -4.269158467650413513e-02
-2.415278553962707520e-02 -4.296392202377319336e-02
-2.428937517106533051e-02 -4.323583096265792847e-02
-2.442550472915172577e-02 -4.350731521844863892e-02
-2.456117421388626099e-02 -4.377837479114532471e-02
-2.469638548791408539e-02 -4.404901340603828430e-02
-2.483113855123519897e-02 -4.431922733783721924e-02
-2.496543154120445251e-02 -4.458901658654212952e-02
-2.509926818311214447e-02 -4.485838115215301514e-02
-2.523264475166797638e-02 -4.512732848525047302e-02
-2.536556683480739594e-02 -4.539585113525390625e-02
-2.549803070724010468e-02 -4.566395282745361328e-02
-2.563003823161125183e-02 -4.593162983655929565e-02
-2.576158940792083740e-02 -4.619888961315155029e-02
-2.589268423616886139e-02 -4.646572843194007874e-02
-2.602332457900047302e-02 -4.673215001821517944e-02
-2.615351043641567230e-02 -4.699815064668655396e-02
-2.628323994576931000e-02 -4.726373031735420227e-02
-2.641251683235168457e-02 -4.752889275550842285e-02
-2.654133923351764679e-02 -4.779363796114921570e-02
-2.666970901191234589e-02 -4.805796593427658081e-02
-2.679762616753578186e-02 -4.832187294960021973e-02
-2.692508883774280548e-02 -4.858536645770072937e-02
-2.705210074782371521e-02 -4.884844273328781128e-02
-2.717866003513336182e-02 -4.911110550165176392e-02
-2.730476856231689453e-02 -4.937334731221199036e-02
-2.743042632937431335e-02 -4.963517934083938599e-02
-2.755563333630561829e-02 -4.989659413695335388e-02
-2.768038958311080933e-02 -5.015759542584419250e-02
-2.780469506978988647e-02 -5.041817948222160339e-02
-2.792855165898799896e-02 -5.067835375666618347e-02
-2.805195935070514679e-02 -5.093811452388763428e-02
-2.817492000758647919e-02 -5.119746178388595581e-02
-2.829742990434169769e-02 -5.145639926195144653e-02
-2.841949276626110077e-02 -5.171492323279380798e-02
-2.854110859334468842e-02 -5.197303369641304016e-02
-2.866227552294731140e-02 -5.223073810338973999e-02
-2.878299728035926819e-02 -5.248802900314331055e-02
-2.890327200293540955e-02 -5.274491012096405029e-02
-2.902310155332088470e-02 -5.300138145685195923e-02
-2.914248406887054443e-02 -5.325744301080703735e-02
-2.926142327487468719e-02 -5.351309850811958313e-02
-2.937991544604301453e-02 -5.376834422349929810e-02
-2.949796430766582489e-02 -5.402318015694618225e-02
-2.961556985974311829e-02 -5.427761003375053406e-02
-2.973273023962974548e-02 -5.453163385391235352e-02
-2.984944917261600494e-02 -5.478525161743164062e-02
-2.996572293341159821e-02 -5.503845959901809692e-02
-3.008155710995197296e-02 -5.529126524925231934e-02
-3.019694611430168152e-02 -5.554366484284400940e-02
-3.031189553439617157e-02 -5.579565837979316711e-02
-3.042640350759029388e-02 -5.604724958539009094e-02
-3.054047003388404846e-02 -5.629843473434448242e-02
-3.065409511327743530e-02 -5.654921382665634155e-02
-3.076728060841560364e-02 -5.679959431290626526e-02
-3.088002651929855347e-02 -5.704956874251365662e-02
-3.099233284592628479e-02 -5.729914456605911255e-02
-3.110420145094394684e-02 -5.754831433296203613e-02
-3.121563047170639038e-02 -5.779708549380302429e-02
-3.132662177085876465e-02 -5.804545432329177856e-02
-3.143717348575592041e-02 -5.829342082142829895e-02
-3.154728934168815613e-02 -5.854098871350288391e-02
-3.165696933865547180e-02 -5.878815799951553345e-02
-3.176620975136756897e-02 -5.903492867946624756e-02
-3.187501430511474609e-02 -5.928129702806472778e-02
-3.198338299989700317e-02 -5.952726677060127258e-02
-3.209131956100463867e-02 -5.977284163236618042e-02
-3.219881653785705566e-02 -6.001801788806915283e-02
-3.230588138103485107e-02 -6.026279553771018982e-02
-3.241251409053802490e-02 -6.050717458128929138e-02
-3.251870721578598022e-02 -6.075116246938705444e-02
-3.262447193264961243e-02 -6.099474802613258362e-02
-3.272980079054832458e-02 -6.123794242739677429e-02
-3.283469751477241516e-02 -6.148074194788932800e-02
-3.293916210532188416e-02 -6.172314286231994629e-02
-3.304319456219673157e-02 -6.196515262126922607e-02
-3.314679488539695740e-02 -6.220676749944686890e-02
-3.324996307492256165e-02 -6.244799122214317322e-02
-3.335270285606384277e-02 -6.268882006406784058e-02
-3.345501050353050232e-02 -6.292925775051116943e-02
-3.355688974261283875e-02 -6.316930055618286133e-02
-3.365833684802055359e-02 -6.340894848108291626e-02
-3.375935554504394531e-02 -6.364820897579193115e-02
-3.385994583368301392e-02 -6.388708204030990601e-02
-3.396010771393775940e-02 -6.412556022405624390e-02
-3.405984491109848022e-02 -6.436365097761154175e-02
-3.415914997458457947e-02 -6.460135430097579956e-02
-3.425802662968635559e-02 -6.483866274356842041e-02
-3.435647860169410706e-02 -6.507558375597000122e-02
-3.445450589060783386e-02 -6.531211733818054199e-02
-3.455210477113723755e-02 -6.554826349020004272e-02
-3.464927896857261658e-02 -6.578402221202850342e-02
-3.474602475762367249e-02 -6.601939350366592407e-02
-3.484234958887100220e-02 -6.625437736511230469e-02
-3.493824973702430725e-02 -6.648897379636764526e-02
-3.503372147679328918e-02 -6.672318279743194580e-02
-3.512877225875854492e-02 -6.695701181888580322e-02
-3.522339835762977600e-02 -6.719045341014862061e-02
-3.531760349869728088e-02 -6.742350757122039795e-02
-3.541138395667076111e-02 -6.765618175268173218e-02
-3.550474345684051514e-02 -6.788847595453262329e-02
-3.559768199920654297e-02 -6.812038272619247437e-02
-3.569019585847854614e-02 -6.835190206766128540e-02
-3.578229248523712158e-02 -6.858304142951965332e-02
-3.587396442890167236e-02 -6.881380081176757812e-02
-3.596521914005279541e-02 -6.904418021440505981e-02
-3.605605289340019226e-02 -6.927417963743209839e-02
-3.614646568894386292e-02 -6.950379163026809692e-02
-3.623646125197410583e-02 -6.973303109407424927e-02
-3.632603958249092102e-02 -6.996188312768936157e-02
-3.641519695520401001e-02 -7.019036263227462769e-02
-3.650393709540367126e-02 -7.041845470666885376e-02
-3.659226000308990479e-02 -7.064617425203323364e-02
-3.668016567826271057e-02 -7.087351381778717041e-02
-3.676765412092208862e-02 -7.110048085451126099e-02
-3.685472533106803894e-02 -7.132706046104431152e-02
-3.694137930870056152e-02 -7.155327498912811279e-02
-3.702761977910995483e-02 -7.177910208702087402e-02
-3.711344674229621887e-02 -7.200455665588378906e-02
-3.719885647296905518e-02 -7.222963869571685791e-02
-3.728385269641876221e-02 -7.245434820652008057e-02
-3.736843168735504150e-02 -7.267867773771286011e-02
-3.745260089635848999e-02 -7.290262728929519653e-02
-3.753635659813880920e-02 -7.312621176242828369e-02
-3.761969506740570068e-02 -7.334942370653152466e-02
-3.770262748003005981e-02 -7.357225567102432251e-02
-3.778514266014099121e-02 -7.379472255706787109e-02
-3.786724805831909180e-02 -7.401680946350097656e-02
-3.794893994927406311e-02 -7.423853129148483276e-02
-3.803022578358650208e-02 -7.445988059043884277e-02
-3.811109811067581177e-02 -7.468085736036300659e-02
-3.819156065583229065e-02 -7.490146160125732422e-02
-3.827160969376564026e-02 -7.512169331312179565e-02
-3.835125267505645752e-02 -7.534155994653701782e-02
-3.843048959970474243e-02 -7.556106150150299072e-02
-3.850931301712989807e-02 -7.578019052743911743e-02
-3.858773037791252136e-02 -7.599894702434539795e-02
-3.866573795676231384e-02 -7.621733844280242920e-02
-3.874333947896957397e-02 -7.643536478281021118e-02
-3.882053494453430176e-02 -7.665301859378814697e-02
-3.889732435345649719e-02 -7.687031477689743042e-02
-3.897370398044586182e-02 -7.708723843097686768e-02
-3.904968127608299255e-02 -7.730379700660705566e-02
-3.912524878978729248e-02 -7.751999050378799438e-02
-3.920041397213935852e-02 -7.773581892251968384e-02
-3.927517682313919067e-02 -7.795128226280212402e-02
-3.934952989220619202e-02 -7.816638052463531494e-02
-3.942348435521125793e-02 -7.838111370801925659e-02
-3.949703276157379150e-02 -7.859548926353454590e-02
-3.957017511129379272e-02 -7.880949229001998901e-02
-3.964291885495185852e-02 -7.902314513921737671e-02
-3.971525654196739197e-02 -7.923642545938491821e-02
-3.978719562292098999e-02 -7.944934815168380737e-02
-3.985873237252235413e-02 -7.966191321611404419e-02
-3.992986679077148438e-02 -7.987411320209503174e-02
-4.000060260295867920e-02 -8.008595556020736694e-02
-4.007093608379364014e-02 -8.029744029045104980e-02
-4.014086723327636719e-02 -8.050855994224548340e-02
-4.021040350198745728e-02 -8.071932196617126465e-02
-4.027953743934631348e-02 -8.092972636222839355e-02
-4.034827277064323425e-02 -8.113977313041687012e-02
-4.041660949587821960e-02 -8.134946227073669434e-02
-4.048454761505126953e-02 -8.155879378318786621e-02
-4.055209085345268250e-02 -8.176776766777038574e-02
-4.061923176050186157e-02 -8.197638392448425293e-02
-4.068598151206970215e-02 -8.218464255332946777e-02
-4.075232893228530884e-02 -8.239255100488662720e-02
-4.081828519701957703e-02 -8.260010182857513428e-02
-4.088384285569190979e-02 -8.280729502439498901e-02
-4.094900563359260559e-02 -8.301413804292678833e-02
-4.101377353072166443e-02 -8.322062343358993530e-02
-4.107814654707908630e-02 -8.342675864696502686e-02
-4.114212468266487122e-02 -8.363254368305206299e-02
-4.120571166276931763e-02 -8.383797109127044678e-02
-4.126890376210212708e-02 -8.404304832220077515e-02
-4.133170098066329956e-02 -8.424776792526245117e-02
-4.139410704374313354e-02 -8.445214480161666870e-02
-4.145612195134162903e-02 -8.465616405010223389e-02
-4.151774197816848755e-02 -8.485983312129974365e-02
-4.157897457480430603e-02 -8.506315946578979492e-02
-4.163981229066848755e-02 -8.526612818241119385e-02
-4.170025885105133057e-02 -8.546874672174453735e-02
-4.176031798124313354e-02 -8.567102253437042236e-02
-4.181998595595359802e-02 -8.587294816970825195e-02
-4.187926277518272400e-02 -8.607452362775802612e-02
-4.193815216422080994e-02 -8.627575635910034180e-02
-4.199665412306785583e-02 -8.647663891315460205e-02
-4.205476492643356323e-02 -8.667717128992080688e-02
-4.211249202489852905e-02 -8.687736093997955322e-02
-4.216982796788215637e-02 -8.707720786333084106e-02
-4.222677648067474365e-02 -8.727670460939407349e-02
-4.228333756327629089e-02 -8.747585862874984741e-02
-4.233951494097709656e-02 -8.767466247081756592e-02
-4.239530488848686218e-02 -8.787313103675842285e-02
-4.245070740580558777e-02 -8.807124942541122437e-02
-4.250572621822357178e-02 -8.826902508735656738e-02
-4.256036132574081421e-02 -8.846645802259445190e-02
-4.261460900306701660e-02 -8.866354823112487793e-02
-4.266847670078277588e-02 -8.886030316352844238e-02
-4.272195696830749512e-02 -8.905670791864395142e-02
-4.277505353093147278e-02 -8.925277739763259888e-02
-4.282777011394500732e-02 -8.944850414991378784e-02
-4.288010299205780029e-02 -8.964388817548751831e-02
-4.293205216526985168e-02 -8.983893692493438721e-02
-4.298362135887145996e-02 -9.003364294767379761e-02
-4.303481057286262512e-02 -9.022800624370574951e-02
-4.308561608195304871e-02 -9.042203426361083984e-02
-4.313604161143302917e-02 -9.061572700738906860e-02
-4.318608716130256653e-02 -9.080907702445983887e-02
-4.323575273156166077e-02 -9.100209176540374756e-02
-4.328503832221031189e-02 -9.119477123022079468e-02
-4.333394393324851990e-02 -9.138711541891098022e-02
-4.338247328996658325e-02 -9.157911688089370728e-02
-4.343062266707420349e-02 -9.177079051733016968e-02
-4.347839578986167908e-02 -9.196212142705917358e-02
-4.352578893303871155e-02 -9.215312451124191284e-02
-4.357280582189559937e-02 -9.234379231929779053e-02
-4.361944645643234253e-02 -9.253412485122680664e-02
-4.366571083664894104e-02 -9.272412210702896118e-02
-4.371159896254539490e-02 -9.291378408670425415e-02
-4.375711455941200256e-02 -9.310311824083328247e-02
-4.380225017666816711e-02 -9.329211711883544922e-02
-4.384701326489448547e-02 -9.348078072071075439e-02
-4.389140382409095764e-02 -9.366912394762039185e-02
-4.393541812896728516e-02 -9.385712444782257080e-02
-4.397905617952346802e-02 -9.404480457305908203e-02
-4.402232542634010315e-02 -9.423214942216873169e-02
-4.406522214412689209e-02 -9.441915899515151978e-02
-4.410774260759353638e-02 -9.460584819316864014e-02
-4.414989426732063293e-02 -9.479220211505889893e-02
-4.419167339801788330e-02 -9.497823566198348999e-02
-4.423307999968528748e-02 -9.516393393278121948e-02
-4.427411407232284546e-02 -9.534930437803268433e-02
-4.431478306651115417e-02 -9.553435444831848145e-02
-4.435507580637931824e-02 -9.571906924247741699e-02
-4.439500346779823303e-02 -9.590346366167068481e-02
-4.443455860018730164e-02 -9.608753025531768799e-02
-4.447374865412712097e-02 -9.627126902341842651e-02
-4.451256617903709412e-02 -9.645468741655349731e-02
-4.455101862549781799e-02 -9.663777798414230347e-02
-4.458910226821899414e-02 -9.682054817676544189e-02
-4.462681710720062256e-02 -9.700299054384231567e-02
-4.466416686773300171e-02 -9.718511253595352173e-02
-4.470114782452583313e-02 -9.736690670251846313e-02
-4.473776370286941528e-02 -9.754838049411773682e-02
-4.477401450276374817e-02 -9.772953391075134277e-02
-4.480990022420883179e-02 -9.791036695241928101e-02
-4.484541714191436768e-02 -9.809087961912155151e-02
-4.488057270646095276e-02 -9.827106446027755737e-02
-4.491536319255828857e-02 -9.845093637704849243e-02
-4.494979232549667358e-02 -9.863048791885375977e-02
-4.498385265469551086e-02 -9.880971163511276245e-02
-4.501755535602569580e-02 -9.898862242698669434e-02
-4.505089297890663147e-02 -9.916721284389495850e-02
-4.508386552333831787e-02 -9.934549033641815186e-02
-4.511648043990135193e-02 -9.952344745397567749e-02
-4.514873027801513672e-02 -9.970108419656753540e-02
-4.518062248826026917e-02 -9.987840056419372559e-02
-4.521215334534645081e-02 -1.000554114580154419e-01
-4.524331912398338318e-02 -1.002320945262908936e-01
-4.527413100004196167e-02 -1.004084721207618713e-01
-4.530457779765129089e-02 -1.005845293402671814e-01
-4.533467069268226624e-02 -1.007602661848068237e-01
-4.536440223455429077e-02 -1.009356975555419922e-01
-4.539377614855766296e-02 -1.011108085513114929e-01
-4.542278870940208435e-02 -1.012856140732765198e-01
-4.545144736766815186e-02 -1.014600992202758789e-01
-4.547974839806556702e-02 -1.016342714428901672e-01
-4.550769180059432983e-02 -1.018081381916999817e-01
-4.553527757525444031e-02 -1.019816845655441284e-01
-4.556250944733619690e-02 -1.021549254655838013e-01
-4.558938369154930115e-02 -1.023278534412384033e-01
-4.561590403318405151e-02 -1.025004684925079346e-01
-4.564206674695014954e-02 -1.026727780699729919e-01
-4.566787555813789368e-02 -1.028447747230529785e-01
-4.569333419203758240e-02 -1.030164659023284912e-01
-4.571843519806861877e-02 -1.031878441572189331e-01
-4.574318230152130127e-02 -1.033589169383049011e-01
-4.576757922768592834e-02 -1.035296767950057983e-01
-4.579162225127220154e-02 -1.037001311779022217e-01
-4.581531137228012085e-02 -1.038702800869941711e-01
-4.583865404129028320e-02 -1.040401235222816467e-01
-4.586163908243179321e-02 -1.042096540331840515e-01
-4.588427767157554626e-02 -1.043788865208625793e-01
-4.590656235814094543e-02 -1.045478060841560364e-01
-4.592849686741828918e-02 -1.047164276242256165e-01
-4.595008492469787598e-02 -1.048847362399101257e-01
-4.597131907939910889e-02 -1.050527468323707581e-01
-4.599220678210258484e-02 -1.052204519510269165e-01
-4.601274430751800537e-02 -1.053878590464591980e-01
-4.603293538093566895e-02 -1.055549532175064087e-01
-4.605277627706527710e-02 -1.057217493653297424e-01
-4.607227072119712830e-02 -1.058882474899291992e-01
-4.609141871333122253e-02 -1.060544401407241821e-01
-4.611022025346755981e-02 -1.062203347682952881e-01
-4.612867534160614014e-02 -1.063859239220619202e-01
-4.614678397774696350e-02 -1.065512150526046753e-01
-4.616454616189002991e-02 -1.067162007093429565e-01
-4.618196189403533936e-02 -1.068808957934379578e-01
-4.619903489947319031e-02 -1.070452854037284851e-01
-4.621576517820358276e-02 -1.072093769907951355e-01
-4.623214900493621826e-02 -1.073731705546379089e-01
-4.624818637967109680e-02 -1.075366660952568054e-01
-4.626388475298881531e-02 -1.076998710632324219e-01
-4.627924039959907532e-02 -1.078627705574035645e-01
-4.629424959421157837e-02 -1.080253794789314270e-01
-4.630891978740692139e-02 -1.081876903772354126e-01
-4.632324725389480591e-02 -1.083497032523155212e-01
-4.633723571896553040e-02 -1.085114181041717529e-01
-4.635088145732879639e-02 -1.086728423833847046e-01
-4.636418819427490234e-02 -1.088339760899543762e-01
-4.637715220451354980e-02 -1.089948117733001709e-01
-4.638977721333503723e-02 -1.091553494334220886e-01
-4.640206322073936462e-02 -1.093155965209007263e-01
-4.641401022672653198e-02 -1.094755530357360840e-01
-4.642561823129653931e-02 -1.096352189779281616e-01
-4.643688723444938660e-02 -1.097945868968963623e-01
-4.644782096147537231e-02 -1.099536716938018799e-01
-4.645841568708419800e-02 -1.101124584674835205e-01
-4.646867141127586365e-02 -1.102709546685218811e-01
-4.647859185934066772e-02 -1.104291677474975586e-01
-4.648817703127861023e-02 -1.105870828032493591e-01
-4.649742692708969116e-02 -1.107447147369384766e-01
-4.650634154677391052e-02 -1.109020486474037170e-01
-4.651492089033126831e-02 -1.110591068863868713e-01
-4.652316123247146606e-02 -1.112158671021461487e-01
-4.653107374906539917e-02 -1.113723441958427429e-01
-4.653864726424217224e-02 -1.115285307168960571e-01
-4.654588922858238220e-02 -1.116844341158866882e-01
-4.655279964208602905e-02 -1.118400469422340393e-01
-4.655937477946281433e-02 -1.119953766465187073e-01
-4.656561836600303650e-02 -1.121504232287406921e-01
-4.657153040170669556e-02 -1.123051792383193970e-01
-4.657710716128349304e-02 -1.124596521258354187e-01
-4.658235609531402588e-02 -1.126138418912887573e-01
-4.658727720379829407e-02 -1.127677485346794128e-01
-4.659186303615570068e-02 -1.129213720560073853e-01
-4.659612104296684265e-02 -1.130747124552726746e-01
-4.660004749894142151e-02 -1.132277697324752808e-01
-4.660364612936973572e-02 -1.133805438876152039e-01
-4.660691693425178528e-02 -1.135330349206924438e-01
-4.660985618829727173e-02 -1.136852502822875977e-01
-4.661247134208679199e-02 -1.138371825218200684e-01
-4.661475494503974915e-02 -1.139888316392898560e-01
-4.661671444773674011e-02 -1.141401976346969604e-01
-4.661834612488746643e-02 -1.142912954092025757e-01
-4.661964997649192810e-02 -1.144421026110649109e-01
-4.662062972784042358e-02 -1.145926341414451599e-01
-4.662128165364265442e-02 -1.147428900003433228e-01
-4.662160947918891907e-02 -1.148928701877593994e-01
-4.662160947918891907e-02 -1.150425672531127930e-01
-4.662128910422325134e-02 -1.151919886469841003e-01
-4.662064090371131897e-02 -1.153411343693733215e-01
-4.661967232823371887e-02 -1.154900044202804565e-01
-4.661837592720985413e-02 -1.156385987997055054e-01
-4.661675915122032166e-02 -1.157869175076484680e-01
-4.661482200026512146e-02 -1.159349605441093445e-01
-4.661256074905395508e-02 -1.160827279090881348e-01
-4.660997539758682251e-02 -1.162302270531654358e-01
-4.660706967115402222e-02 -1.163774505257606506e-01
-4.660384356975555420e-02 -1.165243983268737793e-01
-4.660029709339141846e-02 -1.166710704565048218e-01
-4.659643024206161499e-02 -1.168174743652343750e-01
-4.659224301576614380e-02 -1.169636026024818420e-01
-4.658773541450500488e-02 -1.171094626188278198e-01
-4.658291116356849670e-02 -1.172550544142723083e-01
-4.657776653766632080e-02 -1.174003705382347107e-01
-4.657230153679847717e-02 -1.175454184412956238e-01
-4.656652361154556274e-02 -1.176901981234550476e-01
-4.656042531132698059e-02 -1.178347021341323853e-01
-4.655400663614273071e-02 -1.179789453744888306e-01
-4.654727503657341003e-02 -1.181229129433631897e-01
-4.654022678732872009e-02 -1.182666197419166565e-01
-4.653286188840866089e-02 -1.184100508689880371e-01
-4.652518033981323242e-02 -1.185532212257385254e-01
-4.651718586683273315e-02 -1.186961233615875244e-01
-4.650887474417686462e-02 -1.188387572765350342e-01
-4.650025069713592529e-02 -1.189811229705810547e-01
-4.649131000041961670e-02 -1.191232278943061829e-01
-4.648205637931823730e-02 -1.192650645971298218e-01
-4.647248983383178711e-02 -1.194066405296325684e-01
-4.646261036396026611e-02 -1.195479482412338257e-01
-4.645241796970367432e-02 -1.196889951825141907e-01
-4.644191637635231018e-02 -1.198297739028930664e-01
-4.643109813332557678e-02 -1.199702918529510498e-01
-4.641997441649436951e-02 -1.201105490326881409e-01
-4.640853404998779297e-02 -1.202505379915237427e-01
-4.639678448438644409e-02 -1.203902736306190491e-01
-4.638472571969032288e-02 -1.205297410488128662e-01
-4.637235775589942932e-02 -1.206689551472663879e-01
-4.635968059301376343e-02 -1.208079010248184204e-01
-4.634669423103332520e-02 -1.209465935826301575e-01
-4.633339866995811462e-02 -1.210850253701210022e-01
-4.631979390978813171e-02 -1.212231889367103577e-01
-4.630588367581367493e-02 -1.213611066341400146e-01
-4.629166424274444580e-02 -1.214987561106681824e-01
-4.627713561058044434e-02 -1.216361522674560547e-01
-4.626230150461196899e-02 -1.217732876539230347e-01
-4.624716565012931824e-02 -1.219101697206497192e-01
-4.623171687126159668e-02 -1.220467984676361084e-01
-4.621596634387969971e-02 -1.221831664443016052e-01
-4.619991034269332886e-02 -1.223192736506462097e-01
-4.618355259299278259e-02 -1.224551349878311157e-01
-4.616688564419746399e-02 -1.225907355546951294e-01
-4.614991694688796997e-02 -1.227260828018188477e-01
-4.613264277577400208e-02 -1.228611767292022705e-01
-4.611506685614585876e-02 -1.229960173368453979e-01
-4.609718918800354004e-02 -1.231306046247482300e-01
-4.607900977134704590e-02 -1.232649385929107666e-01
-4.606052488088607788e-02 -1.233990192413330078e-01
-4.604174196720123291e-02 -1.235328465700149536e-01
-4.602265357971191406e-02 -1.236664205789566040e-01
-4.600326716899871826e-02 -1.237997487187385559e-01
-4.598357900977134705e-02 -1.239328235387802124e-01
-4.596359282732009888e-02 -1.240656524896621704e-01
-4.594330489635467529e-02 -1.241982281208038330e-01
-4.592271894216537476e-02 -1.243305504322052002e-01
-4.590183496475219727e-02 -1.244626343250274658e-01
-4.588064923882484436e-02 -1.245944574475288391e-01
-4.585916921496391296e-02 -1.247260421514511108e-01
-4.583738744258880615e-02 -1.248573735356330872e-01
-4.581531137228012085e-02 -1.249884590506553650e-01
-4.579293727874755859e-02 -1.251192986965179443e-01
-4.577026516199111938e-02 -1.252498924732208252e-01
-4.574729874730110168e-02 -1.253802329301834106e-01
-4.572403803467750549e-02 -1.255103349685668945e-01
-4.570047929883003235e-02 -1.256401985883712769e-01
-4.567662626504898071e-02 -1.257698088884353638e-01
-4.565247893333435059e-02 -1.258991658687591553e-01
-4.562803730368614197e-02 -1.260282993316650391e-01
-4.560330137610435486e-02 -1.261571645736694336e-01
-4.557827115058898926e-02 -1.262858062982559204e-01
-4.555295035243034363e-02 -1.264141947031021118e-01
-4.552733525633811951e-02 -1.265423446893692017e-01
-4.550142586231231689e-02 -1.266702562570571899e-01
-4.547522589564323425e-02 -1.267979294061660767e-01
-4.544873535633087158e-02 -1.269253492355346680e-01
-4.542195424437522888e-02 -1.270525455474853516e-01
-4.539488255977630615e-02 -1.271794885396957397e-01
-4.536752030253410339e-02 -1.273061931133270264e-01
-4.533986747264862061e-02 -1.274326592683792114e-01
-4.531192407011985779e-02 -1.275588870048522949e-01
-4.528369009494781494e-02 -1.276848763227462769e-01
-4.525516927242279053e-02 -1.278106421232223511e-01
-4.522636160254478455e-02 -1.279361546039581299e-01
-4.519726336002349854e-02 -1.280614286661148071e-01
-4.516788199543952942e-02 -1.281864643096923828e-01
-4.513821005821228027e-02 -1.283112764358520508e-01
-4.510825127363204956e-02 -1.284358501434326172e-01
-4.507800564169883728e-02 -1.285601854324340820e-01
-4.504747316241264343e-02 -1.286842823028564453e-01
-4.501665756106376648e-02 -1.288081407546997070e-01
-4.498555511236190796e-02 -1.289317756891250610e-01
-4.495416581630706787e-02 -1.290551722049713135e-01
-4.492249712347984314e-02 -1.291783303022384644e-01
-4.489053785800933838e-02 -1.293012648820877075e-01
-4.485829919576644897e-02 -1.294239610433578491e-01
-4.482577741146087646e-02 -1.295464187860488892e-01
-4.479297250509262085e-02 -1.296686530113220215e-01
-4.475988447666168213e-02 -1.297906637191772461e-01
-4.472651332616806030e-02 -1.299124360084533691e-01
-4.469285905361175537e-02 -1.300339847803115845e-01
-4.465892538428306580e-02 -1.301552951335906982e-01
-4.462471231818199158e-02 -1.302763670682907104e-01
-4.459021613001823425e-02 -1.303972303867340088e-01
-4.455544054508209229e-02 -1.305178552865982056e-01
-4.452038556337356567e-02 -1.306382566690444946e-01
-4.448505118489265442e-02 -1.307584196329116821e-01
-4.444943740963935852e-02 -1.308783590793609619e-01
-4.441354423761367798e-02 -1.309980750083923340e-01
-4.437737166881561279e-02 -1.311175674200057983e-01
-4.434092342853546143e-02 -1.312368214130401611e-01
-4.430419579148292542e-02 -1.313558667898178101e-01
-4.426719248294830322e-02 -1.314746737480163574e-01
-4.422991350293159485e-02 -1.315932571887969971e-01
-4.419235512614250183e-02 -1.317116320133209229e-01
-4.415452480316162109e-02 -1.318297684192657471e-01
-4.411641508340835571e-02 -1.319476813077926636e-01
-4.407803341746330261e-02 -1.320653706789016724e-01
-4.403937235474586487e-02 -1.321828365325927734e-01
-4.400043934583663940e-02 -1.323000937700271606e-01
-4.396123439073562622e-02 -1.324171125888824463e-01
-4.392175376415252686e-02 -1.325339227914810181e-01
-4.388200119137763977e-02 -1.326504945755004883e-01
-4.384197294712066650e-02 -1.327668577432632446e-01
-4.380167648196220398e-02 -1.328830122947692871e-01
-4.376110434532165527e-02 -1.329989284276962280e-01
-4.372026398777961731e-02 -1.331146359443664551e-01
-4.367914795875549316e-02 -1.332301199436187744e-01
-4.363776370882987976e-02 -1.333453804254531860e-01
-4.359610751271247864e-02 -1.334604322910308838e-01
-4.355418309569358826e-02 -1.335752606391906738e-01
-4.351198673248291016e-02 -1.336898803710937500e-01
-4.346952587366104126e-02 -1.338042765855789185e-01
-4.342678934335708618e-02 -1.339184492826461792e-01
-4.338378831744194031e-02 -1.340324133634567261e-01
-4.334051907062530518e-02 -1.341461688280105591e-01
-4.329698160290718079e-02 -1.342597007751464844e-01
-4.325317591428756714e-02 -1.343730241060256958e-01
-4.320910200476646423e-02 -1.344861239194869995e-01
-4.316476359963417053e-02 -1.345990151166915894e-01
-4.312016069889068604e-02 -1.347116976976394653e-01
-4.307528957724571228e-02 -1.348241567611694336e-01
-4.303015023469924927e-02 -1.349364221096038818e-01
-4.298475012183189392e-02 -1.350484639406204224e-01
-4.293908551335334778e-02 -1.351602822542190552e-01
-4.289315268397331238e-02 -1.352719068527221680e-01
-4.284695908427238464e-02 -1.353833079338073730e-01
-4.280050098896026611e-02 -1.354945152997970581e-01
-4.275378212332725525e-02 -1.356054991483688354e-01
-4.270679876208305359e-02 -1.357162743806838989e-01
-4.265955090522766113e-02 -1.358268409967422485e-01
-4.261204227805137634e-02 -1.359371989965438843e-01
-4.256427288055419922e-02 -1.360473632812500000e-01
-4.251624271273612976e-02 -1.361573040485382080e-01
-4.246795177459716797e-02 -1.362670361995697021e-01
-4.241940006613731384e-02 -1.363765746355056763e-01
-4.237058758735656738e-02 -1.364858895540237427e-01
-4.232151433825492859e-02 -1.365950107574462891e-01
-4.227218404412269592e-02 -1.367039233446121216e-01
-4.222259670495986938e-02 -1.368126273155212402e-01
-4.217274859547615051e-02 -1.369211226701736450e-01
-4.212263971567153931e-02 -1.370294243097305298e-01
-4.207227751612663269e-02 -1.371375173330307007e-01
-4.202165827155113220e-02 -1.372454166412353516e-01
-4.197077825665473938e-02 -1.373530924320220947e-01
-4.191964492201805115e-02 -1.374605745077133179e-01
-4.186825454235076904e-02 -1.375678628683090210e-01
-4.181660711765289307e-02 -1.376749426126480103e-01
-4.176470637321472168e-02 -1.377818137407302856e-01
-4.171254858374595642e-02 -1.378884911537170410e-01
-4.166013747453689575e-02 -1.379949748516082764e-01
-4.160747304558753967e-02 -1.381012499332427979e-01
-4.155455529689788818e-02 -1.382073312997817993e-01
-4.150138050317764282e-02 -1.383132040500640869e-01
-4.144795611500740051e-02 -1.384188830852508545e-01
-4.139427840709686279e-02 -1.385243684053421021e-01
-4.134034737944602966e-02 -1.386296451091766357e-01
-4.128616675734519958e-02 -1.387347280979156494e-01
-4.123173281550407410e-02 -1.388396173715591431e-01
-4.117704555392265320e-02 -1.389443129301071167e-01
-4.112211242318153381e-02 -1.390488147735595703e-01
-4.106692597270011902e-02 -1.391531080007553101e-01
-4.101148992776870728e-02 -1.392572075128555298e-01
-4.095580428838729858e-02 -1.393611133098602295e-01
-4.089987277984619141e-02 -1.394648402929306030e-01
-4.084368795156478882e-02 -1.395683586597442627e-01
-4.078725725412368774e-02 -1.396716833114624023e-01
-4.073057696223258972e-02 -1.397748142480850220e-01
-4.067365080118179321e-02 -1.398777514696121216e-01
-4.061647877097129822e-02 -1.399804949760437012e-01
-4.055905714631080627e-02 -1.400830596685409546e-01
-4.050138965249061584e-02 -1.401854157447814941e-01
-4.044347628951072693e-02 -1.402875930070877075e-01
-4.038532078266143799e-02 -1.403895765542984009e-01
-4.032691568136215210e-02 -1.404913663864135742e-01
-4.026826471090316772e-02 -1.405929625034332275e-01
-4.020937532186508179e-02 -1.406943798065185547e-01
-4.015023633837699890e-02 -1.407956033945083618e-01
-4.009085521101951599e-02 -1.408966332674026489e-01
-4.003123193979263306e-02 -1.409974694252014160e-01
-3.997136279940605164e-02 -1.410981267690658569e-01
-3.991125524044036865e-02 -1.411986052989959717e-01
-3.985090181231498718e-02 -1.412988901138305664e-01
-3.979030996561050415e-02 -1.413989812135696411e-01
-3.972947597503662109e-02 -1.414988934993743896e-01
-3.966839984059333801e-02 -1.415986269712448120e-01
-3.960708528757095337e-02 -1.416981667280197144e-01
-3.954552859067916870e-02 -1.417975127696990967e-01
-3.948373347520828247e-02 -1.418966799974441528e-01
-3.942169621586799622e-02 -1.419956684112548828e-01
-3.935942053794860840e-02 -1.420944780111312866e-01
-3.929691016674041748e-02 -1.421930938959121704e-01
-3.923415765166282654e-02 -1.422915309667587280e-01
-3.917117044329643250e-02 -1.423897892236709595e-01
-3.910794109106063843e-02 -1.424878686666488647e-01
-3.904447704553604126e-02 -1.425857543945312500e-01
-3.898077830672264099e-02 -1.426834613084793091e-01
-3.891684114933013916e-02 -1.427809894084930420e-01
-3.885266929864883423e-02 -1.428783386945724487e-01
-3.878826275467872620e-02 -1.429755091667175293e-01
-3.872361779212951660e-02 -1.430725008249282837e-01
-3.865874186158180237e-02 -1.431693136692047119e-01
-3.859363123774528503e-02 -1.432659476995468140e-01
-3.852828219532966614e-02 -1.433624029159545898e-01
-3.846270591020584106e-02 -1.434586793184280396e-01
-3.839689120650291443e-02 -1.435547769069671631e-01
-3.833084553480148315e-02 -1.436507105827331543e-01
-3.826456889510154724e-02 -1.437464505434036255e-01
-3.819805756211280823e-02 -1.438420265913009644e-01
-3.813131898641586304e-02 -1.439374238252639771e-01
-3.806434571743011475e-02 -1.440326422452926636e-01
-3.799714148044586182e-02 -1.441276967525482178e-01
-3.792970627546310425e-02 -1.442225575447082520e-01
-3.786204382777214050e-02 -1.443172544240951538e-01
-3.779415041208267212e-02 -1.444117873907089233e-01
-3.772602602839469910e-02 -1.445061415433883667e-01
-3.765767440199851990e-02 -1.446003168821334839e-01
-3.758909553289413452e-02 -1.446943283081054688e-01
-3.752028569579124451e-02 -1.447881609201431274e-01
-3.745125234127044678e-02 -1.448818296194076538e-01
-3.738198801875114441e-02 -1.449753195047378540e-01
-3.731249645352363586e-02 -1.450686454772949219e-01
-3.724278137087821960e-02 -1.451617926359176636e-01
-3.717283904552459717e-02 -1.452547758817672729e-01
-3.710266947746276855e-02 -1.453475952148437500e-01
-3.703227639198303223e-02 -1.454402357339859009e-01
-3.696165606379508972e-02 -1.455327123403549194e-01
-3.689081221818923950e-02 -1.456250250339508057e-01
-3.681974485516548157e-02 -1.457171738147735596e-01
-3.674845397472381592e-02 -1.458091437816619873e-01
-3.667693957686424255e-02 -1.459009498357772827e-01
-3.660520166158676147e-02 -1.459926068782806396e-01
-3.653324022889137268e-02 -1.460840702056884766e-01
-3.646105527877807617e-02 -1.461753845214843750e-01
-3.638865053653717041e-02 -1.462665349245071411e-01
-3.631602600216865540e-02 -1.463575214147567749e-01
-3.624317795038223267e-02 -1.464483290910720825e-01
-3.617011010646820068e-02 -1.465389877557754517e-01
-3.609681874513626099e-02 -1.466294825077056885e-01
-3.602331131696701050e-02 -1.467198133468627930e-01
-3.594958409667015076e-02 -1.468099802732467651e-01
-3.587563708424568176e-02 -1.468999832868576050e-01
-3.580147027969360352e-02 -1.469898223876953125e-01
-3.572708740830421448e-02 -1.470795124769210815e-01
-3.565248474478721619e-02 -1.471690237522125244e-01
-3.557766601443290710e-02 -1.472583860158920288e-01
-3.550262749195098877e-02 -1.473475992679595947e-01
-3.542737290263175964e-02 -1.474366337060928345e-01
-3.535190224647521973e-02 -1.475255191326141357e-01
-3.527621552348136902e-02 -1.476142406463623047e-01
-3.520031645894050598e-02 -1.477028131484985352e-01
-3.512419760227203369e-02 -1.477912217378616333e-01
-3.504786640405654907e-02 -1.478794664144515991e-01
-3.497131913900375366e-02 -1.479675620794296265e-01
-3.489455953240394592e-02 -1.480555087327957153e-01
-3.481758385896682739e-02 -1.481432914733886719e-01
-3.474039584398269653e-02 -1.482309103012084961e-01
-3.466299548745155334e-02 -1.483183950185775757e-01
-3.458538278937339783e-02 -1.484057009220123291e-01
-3.450755774974822998e-02 -1.484928727149963379e-01
-3.442952036857604980e-02 -1.485798805952072144e-01
-3.435127064585685730e-02 -1.486667394638061523e-01
-3.427281230688095093e-02 -1.487534344196319580e-01
-3.419414162635803223e-02 -1.488399952650070190e-01
-3.411526232957839966e-02 -1.489263921976089478e-01
-3.403617069125175476e-02 -1.490126401185989380e-01
-3.395687043666839600e-02 -1.490987241268157959e-01
-3.387736529111862183e-02 -1.491846740245819092e-01
-3.379764780402183533e-02 -1.492704749107360840e-01
-3.371772170066833496e-02 -1.493561118841171265e-01
-3.363758698105812073e-02 -1.494416147470474243e-01
-3.355724737048149109e-02 -1.495269536972045898e-01
-3.347669914364814758e-02 -1.496121585369110107e-01
-3.339594602584838867e-02 -1.496971994638442993e-01
-3.331498429179191589e-02 -1.497821062803268433e-01
-3.323381766676902771e-02 -1.498668491840362549e-01
-3.315244615077972412e-02 -1.499514579772949219e-01
-3.307086601853370667e-02 -1.500359177589416504e-01
-3.298908472061157227e-02 -1.501202285289764404e-01
-3.290709853172302246e-02 -1.502044051885604858e-01
-3.282490745186805725e-02 -1.502884179353713989e-01
-3.274251520633697510e-02 -1.503722965717315674e-01
-3.265991806983947754e-02 -1.504560261964797974e-01
-3.257711604237556458e-02 -1.505396217107772827e-01
-3.249411284923553467e-02 -1.506230682134628296e-01
-3.241090849041938782e-02 -1.507063657045364380e-01
-3.232750296592712402e-02 -1.507895290851593018e-01
-3.224389627575874329e-02 -1.508725434541702271e-01
-3.216008841991424561e-02 -1.509554237127304077e-01
-3.207607939839363098e-02 -1.510381549596786499e-01
-3.199186921119689941e-02 -1.511207520961761475e-01
-3.190746158361434937e-02 -1.512032002210617065e-01
-3.182285279035568237e-02 -1.512855142354965210e-01
-3.173804655671119690e-02 -1.513676792383193970e-01
-3.165304288268089294e-02 -1.514497101306915283e-01
-3.156783804297447205e-02 -1.515316069126129150e-01
-3.148243576288223267e-02 -1.516133695840835571e-01
-3.139683976769447327e-02 -1.516949832439422607e-01
-3.131104260683059692e-02 -1.517764627933502197e-01
-3.122504986822605133e-02 -1.518578082323074341e-01
-3.113886155188083649e-02 -1.519390046596527100e-01
-3.105247765779495239e-02 -1.520200818777084351e-01
-3.096589818596839905e-02 -1.521010100841522217e-01
-3.087912499904632568e-02 -1.521818041801452637e-01
-3.079215437173843384e-02 -1.522624641656875610e-01
-3.070499189198017120e-02 -1.523429900407791138e-01
-3.061763383448123932e-02 -1.524233818054199219e-01
-3.053008392453193665e-02 -1.525036394596099854e-01
-3.044234029948711395e-02 -1.525837779045104980e-01
-3.035440295934677124e-02 -1.526637673377990723e-01
-3.026627376675605774e-02 -1.527436226606369019e-01
-3.017795272171497345e-02 -1.528233587741851807e-01
-3.008944168686866760e-02 -1.529029458761215210e-01
-3.000073693692684174e-02 -1.529824137687683105e-01
-2.991184405982494354e-02 -1.530617475509643555e-01
-2.982275933027267456e-02 -1.531409472227096558e-01
-2.973348461091518402e-02 -1.532200276851654053e-01
-2.964401990175247192e-02 -1.532989740371704102e-01
-2.955436706542968750e-02 -1.533777862787246704e-01
-2.946452423930168152e-02 -1.534564793109893799e-01
-2.937449514865875244e-02 -1.535350233316421509e-01
-2.928427606821060181e-02 -1.536134630441665649e-01
-2.919387072324752808e-02 -1.536917686462402344e-01
-2.910327725112438202e-02 -1.537699401378631592e-01
-2.901249565184116364e-02 -1.538479924201965332e-01
-2.892152965068817139e-02 -1.539259105920791626e-01
-2.883037738502025604e-02 -1.540037095546722412e-01
-2.873903885483741760e-02 -1.540813744068145752e-01
-2.864751406013965607e-02 -1.541589200496673584e-01
-2.855580672621726990e-02 -1.542363464832305908e-01
-2.846391312777996063e-02 -1.543136388063430786e-01
-2.837183512747287750e-02 -1.543908119201660156e-01
-2.827957458794116974e-02 -1.544678658246994019e-01
-2.818712964653968811e-02 -1.545448005199432373e-01
-2.809450216591358185e-02 -1.546216011047363281e-01
-2.800169214606285095e-02 -1.546982824802398682e-01
-2.790869958698749542e-02 -1.547748446464538574e-01
-2.781552635133266449e-02 -1.548512876033782959e-01
-2.772217057645320892e-02 -1.549276113510131836e-01
-2.762863412499427795e-02 -1.550038158893585205e-01
-2.753491699695587158e-02 -1.550798863172531128e-01
-2.744102105498313904e-02 -1.551558524370193481e-01
-2.734694257378578186e-02 -1.552316993474960327e-01
-2.725268714129924774e-02 -1.553074121475219727e-01
-2.715825103223323822e-02 -1.553830206394195557e-01
-2.706363610923290253e-02 -1.554585099220275879e-01
-2.696884423494338989e-02 -1.555338799953460693e-01
-2.687387354671955109e-02 -1.556091308593750000e-01
-2.677872590720653534e-02 -1.556842774152755737e-01
-2.668340131640434265e-02 -1.557592898607254028e-01
-2.658789791166782379e-02 -1.558341979980468750e-01
-2.649222128093242645e-02 -1.559089869260787964e-01
-2.639636583626270294e-02 -1.559836715459823608e-01
-2.630033716559410095e-02 -1.560582220554351807e-01
-2.620413154363632202e-02 -1.561326682567596436e-01
-2.610775269567966461e-02 -1.562070101499557495e-01
-2.601119689643383026e-02 -1.562812328338623047e-01
-2.591446973383426666e-02 -1.563553363084793091e-01
-2.581756748259067535e-02 -1.564293354749679565e-01
-2.572049200534820557e-02 -1.565032154321670532e-01
-2.562324516475200653e-02 -1.565769910812377930e-01
-2.552582509815692902e-02 -1.566506475210189819e-01
-2.542823180556297302e-02 -1.567241996526718140e-01
-2.533046714961528778e-02 -1.567976474761962891e-01
-2.523253299295902252e-02 -1.568709760904312134e-01
-2.513442561030387878e-02 -1.569442003965377808e-01
-2.503614872694015503e-02 -1.570173203945159912e-01
-2.493770234286785126e-02 -1.570903211832046509e-01
-2.483908645808696747e-02 -1.571632176637649536e-01
-2.474029920995235443e-02 -1.572360098361968994e-01
-2.464134432375431061e-02 -1.573086977005004883e-01
-2.454222179949283600e-02 -1.573812663555145264e-01
-2.444292977452278137e-02 -1.574537456035614014e-01
-2.434347011148929596e-02 -1.575261056423187256e-01
-2.424384281039237976e-02 -1.575983613729476929e-01
-2.414404973387718201e-02 -1.576705127954483032e-01
-2.404408901929855347e-02 -1.577425748109817505e-01
-2.394396252930164337e-02 -1.578145176172256470e-01
-2.384367026388645172e-02 -1.578863561153411865e-01
-2.374321222305297852e-02 -1.579580903053283691e-01
-2.364258840680122375e-02 -1.580297350883483887e-01
-2.354180067777633667e-02 -1.581012606620788574e-01
-2.344084903597831726e-02 -1.581726968288421631e-01
-2.333973348140716553e-02 -1.582440286874771118e-01
-2.323845401406288147e-02 -1.583152562379837036e-01
-2.313701063394546509e-02 -1.583863794803619385e-01
-2.303540520370006561e-02 -1.584574133157730103e-01
-2.293363772332668304e-02 -1.585283428430557251e-01
-2.283170819282531738e-02 -1.585991680622100830e-01
-2.272961661219596863e-02 -1.586698889732360840e-01
-2.262736484408378601e-02 -1.587405204772949219e-01
-2.252495102584362030e-02 -1.588110625743865967e-01
-2.242237702012062073e-02 -1.588814854621887207e-01
-2.231964468955993652e-02 -1.589518338441848755e-01
-2.221675030887126923e-02 -1.590220630168914795e-01
-2.211369760334491730e-02 -1.590922176837921143e-01
-2.201048657298088074e-02 -1.591622680425643921e-01
-2.190711721777915955e-02 -1.592322140932083130e-01
-2.180358953773975372e-02 -1.593020707368850708e-01
-2.169990353286266327e-02 -1.593718379735946655e-01
-2.159606106579303741e-02 -1.594415009021759033e-01
-2.149206213653087616e-02 -1.595110744237899780e-01
-2.138790488243103027e-02 -1.595805585384368896e-01
-2.128359302878379822e-02 -1.596499383449554443e-01
-2.117912471294403076e-02 -1.597192436456680298e-01
-2.107450179755687714e-02 -1.597884446382522583e-01
-2.096972428262233734e-02 -1.598575562238693237e-01
-2.086479030549526215e-02 -1.599265784025192261e-01
-2.075970359146595001e-02 -1.599954962730407715e-01
-2.065446414053440094e-02 -1.600643396377563477e-01
-2.054906822741031647e-02 -1.601330935955047607e-01
-2.044352144002914429e-02 -1.602017432451248169e-01
-2.033782191574573517e-02 -1.602703183889389038e-01
-2.023196965456008911e-02 -1.603388041257858276e-01
-2.012596651911735535e-02 -1.604071855545043945e-01
-2.001981064677238464e-02 -1.604754924774169922e-01
-1.991350390017032623e-02 -1.605437099933624268e-01
-1.980704814195632935e-02 -1.606118381023406982e-01
-1.970043964684009552e-02 -1.606798768043518066e-01
-1.959368400275707245e-02 -1.607478410005569458e-01
-1.948677562177181244e-02 -1.608157157897949219e-01
-1.937972009181976318e-02 -1.608835011720657349e-01
-1.927251555025577545e-02 -1.609511971473693848e-01
-1.916516385972499847e-02 -1.610188186168670654e-01
-1.905766315758228302e-02 -1.610863506793975830e-01
-1.895001344382762909e-02 -1.611537933349609375e-01
-1.884221844375133514e-02 -1.612211614847183228e-01
-1.873427629470825195e-02 -1.612884402275085449e-01
-1.862618699669837952e-02 -1.613556444644927979e-01
-1.851795241236686707e-02 -1.614227592945098877e-01
-1.840957254171371460e-02 -1.614897847175598145e-01
-1.830104738473892212e-02 -1.615567505359649658e-01
-1.819237694144248962e-02 -1.616236120462417603e-01
-1.808356121182441711e-02 -1.616904139518737793e-01
-1.797460392117500305e-02 -1.617571264505386353e-01
-1.786550134420394897e-02 -1.618237644433975220e-01
-1.775625534355640411e-02 -1.618903130292892456e-01
-1.764686591923236847e-02 -1.619567871093750000e-01
-1.753733493387699127e-02 -1.620231866836547852e-01
-1.742766238749027252e-02 -1.620895117521286011e-01
-1.731784641742706299e-02 -1.621557474136352539e-01
-1.720789074897766113e-02 -1.622219234704971313e-01
-1.709779351949691772e-02 -1.622880101203918457e-01
-1.698755472898483276e-02 -1.623540222644805908e-01
-1.687717624008655548e-02 -1.624199599027633667e-01
-1.676665991544723511e-02 -1.624858230352401733e-01
-1.665600202977657318e-02 -1.625516116619110107e-01
-1.654520630836486816e-02 -1.626173257827758789e-01
-1.643427088856697083e-02 -1.626829653978347778e-01
-1.632319763302803040e-02 -1.627485305070877075e-01
-1.621198654174804688e-02 -1.628140211105346680e-01
-1.610063947737216949e-02 -1.628794521093368530e-01
-1.598915457725524902e-02 -1.629447937011718750e-01
-1.587753184139728546e-02 -1.630100756883621216e-01
-1.576577313244342804e-02 -1.630752682685852051e-01
-1.565388031303882599e-02 -1.631404161453247070e-01
-1.554184965789318085e-02 -1.632054746150970459e-01
-1.542968489229679108e-02 -1.632704585790634155e-01
-1.531738601624965668e-02 -1.633353829383850098e-01
-1.520495209842920303e-02 -1.634002476930618286e-01
-1.509238407015800476e-02 -1.634650230407714844e-01
-1.497968286275863647e-02 -1.635297536849975586e-01
-1.486684847623109818e-02 -1.635943949222564697e-01
-1.475388091057538986e-02 -1.636589765548706055e-01
-1.464078202843666077e-02 -1.637234985828399658e-01
-1.452754996716976166e-02 -1.637879461050033569e-01
-1.441418658941984177e-02 -1.638523191213607788e-01
-1.430069282650947571e-02 -1.639166325330734253e-01
-1.418706774711608887e-02 -1.639808863401412964e-01
-1.407331135123968124e-02 -1.640450656414031982e-01
-1.395942643284797668e-02 -1.641091853380203247e-01
-1.384541112929582596e-02 -1.641732454299926758e-01
-1.373126637190580368e-02 -1.642372459173202515e-01
-1.361699309200048447e-02 -1.643011718988418579e-01
-1.350259035825729370e-02 -1.643650382757186890e-01
-1.338806096464395523e-02 -1.644288450479507446e-01
-1.327340304851531982e-02 -1.644925773143768311e-01
-1.315861754119396210e-02 -1.645562648773193359e-01
-1.304370537400245667e-02 -1.646198779344558716e-01
-1.292866747826337814e-02 -1.646834462881088257e-01
-1.281350199133157730e-02 -1.647469401359558105e-01
-1.269821170717477798e-02 -1.648103743791580200e-01
-1.258279569447040558e-02 -1.648737490177154541e-01
-1.246725488454103470e-02 -1.649370789527893066e-01
-1.235158927738666534e-02 -1.650003343820571899e-01
-1.223579980432987213e-02 -1.650635302066802979e-01
-1.211988646537065506e-02 -1.651266813278198242e-01
-1.200384926050901413e-02 -1.651897728443145752e-01
-1.188768912106752396e-02 -1.652528047561645508e-01
-1.177140697836875916e-02 -1.653157770633697510e-01
-1.165500190109014511e-02 -1.653786897659301758e-01
-1.153847482055425644e-02 -1.654415577650070190e-01
-1.142182666808366776e-02 -1.655043661594390869e-01
-1.130505744367837906e-02 -1.655671149492263794e-01
-1.118816714733839035e-02 -1.656298041343688965e-01
-1.107115671038627625e-02 -1.656924486160278320e-01
-1.095402613282203674e-02 -1.657550483942031860e-01
-1.083677634596824646e-02 -1.658175736665725708e-01
-1.071940734982490540e-02 -1.658800691366195679e-01
-1.060192007571458817e-02 -1.659424901008605957e-01
-1.048431359231472015e-02 -1.660048812627792358e-01
-1.036658976227045059e-02 -1.660672128200531006e-01
-1.024874765425920486e-02 -1.661294847726821899e-01
-1.013078913092613220e-02 -1.661917120218276978e-01
-1.001271326094865799e-02 -1.662538945674896240e-01
-9.894520975649356842e-03 -1.663160175085067749e-01
-9.776212275028228760e-03 -1.663780957460403442e-01
-9.657789021730422974e-03 -1.664401292800903320e-01
-9.539249353110790253e-03 -1.665021032094955444e-01
-9.420595131814479828e-03 -1.665640324354171753e-01
-9.301827289164066315e-03 -1.666259169578552246e-01
-9.182943962514400482e-03 -1.666877567768096924e-01
-9.063947945833206177e-03 -1.667495518922805786e-01
-8.944838307797908783e-03 -1.668113023042678833e-01
-8.825615979731082916e-03 -1.668729931116104126e-01
-8.706280961632728577e-03 -1.669346541166305542e-01
-8.586833253502845764e-03 -1.669962555170059204e-01
-8.467274717986583710e-03 -1.670578271150588989e-01
-8.347604423761367798e-03 -1.671193391084671021e-01
-8.227823302149772644e-03 -1.671808212995529175e-01
-8.107931353151798248e-03 -1.672422438859939575e-01
-7.987928576767444611e-03 -1.673036366701126099e-01
-7.867816835641860962e-03 -1.673649847507476807e-01
-7.747595664113759995e-03 -1.674262881278991699e-01
-7.627265062183141708e-03 -1.674875468015670776e-01
-7.506825961172580719e-03 -1.675487756729125977e-01
-7.386278826743364334e-03 -1.676099598407745361e-01
-7.265623658895492554e-03 -1.676710993051528931e-01
-7.144860923290252686e-03 -1.677321940660476685e-01
-7.023991085588932037e-03 -1.677932590246200562e-01
-6.903014611452817917e-03 -1.678542792797088623e-01
-6.781931966543197632e-03 -1.679152697324752808e-01
-6.660743150860071182e-03 -1.679762154817581177e-01
-6.539449095726013184e-03 -1.680371165275573730e-01
-6.418049801141023636e-03 -1.680979877710342407e-01
-6.296545267105102539e-03 -1.681588143110275269e-01
-6.174936890602111816e-03 -1.682196110486984253e-01
-6.053224671632051468e-03 -1.682803779840469360e-01
-5.931408610194921494e-03 -1.683411002159118652e-01
-5.809489171952009201e-03 -1.684017926454544067e-01
-5.687467288225889206e-03 -1.684624403715133667e-01
-5.565342493355274200e-03 -1.685230731964111328e-01
-5.443116184324026108e-03 -1.685836613178253174e-01
-5.320787895470857620e-03 -1.686442047357559204e-01
-5.198358558118343353e-03 -1.687047332525253296e-01
-5.075828172266483307e-03 -1.687652170658111572e-01
-4.953197669237852097e-03 -1.688256710767745972e-01
-4.830466583371162415e-03 -1.688860952854156494e-01
-4.707636311650276184e-03 -1.689464747905731201e-01
-4.584706388413906097e-03 -1.690068393945693970e-01
-4.461677279323339462e-03 -1.690671741962432861e-01
-4.338550381362438202e-03 -1.691274642944335938e-01
-4.215324763208627701e-03 -1.691877394914627075e-01
-4.092001356184482574e-03 -1.692479848861694336e-01
-3.968581091612577438e-03 -1.693081855773925781e-01
-3.845063503831624985e-03 -1.693683713674545288e-01
-3.721449291333556175e-03 -1.694285273551940918e-01
-3.597739152610301971e-03 -1.694886535406112671e-01
-3.473932854831218719e-03 -1.695487499237060547e-01
-3.350031329318881035e-03 -1.696088314056396484e-01
-3.226034808903932571e-03 -1.696688830852508545e-01
-3.101943759247660637e-03 -1.697288900613784790e-01
-2.977758180350065231e-03 -1.697888970375061035e-01
-2.853478770703077316e-03 -1.698488593101501465e-01
-2.729105995967984200e-03 -1.699088066816329956e-01
-2.604640321806073189e-03 -1.699687242507934570e-01
-2.480081748217344284e-03 -1.700286269187927246e-01
-2.355430740863084793e-03 -1.700884997844696045e-01
-2.230687998235225677e-03 -1.701483577489852905e-01
-2.105853753164410591e-03 -1.702081859111785889e-01
-1.980928238481283188e-03 -1.702679842710494995e-01
-1.855912036262452602e-03 -1.703277677297592163e-01
-1.730805495753884315e-03 -1.703875362873077393e-01
-1.605608966201543808e-03 -1.704472750425338745e-01
-1.480322913266718388e-03 -1.705069988965988159e-01
-1.354947686195373535e-03 -1.705667078495025635e-01
-1.229483517818152905e-03 -1.706263870000839233e-01
-1.103930990211665630e-03 -1.706860512495040894e-01
-9.782904526218771935e-04 -1.707457005977630615e-01
-8.525623125024139881e-04 -1.708053201436996460e-01
-7.267469190992414951e-04 -1.708649396896362305e-01
-6.008446216583251953e-04 -1.709245294332504272e-01
-4.748558858409523964e-04 -1.709841042757034302e-01
-3.487810899969190359e-04 -1.710436642169952393e-01
-2.226205688202753663e-04 -1.711031943559646606e-01
-9.637475886847823858e-05 -1.711627244949340820e-01
2.995596514665521681e-05 -1.712222397327423096e-01
1.563712139613926411e-04 -1.712817251682281494e-01
2.828705764841288328e-04 -1.713412106037139893e-01
4.094536998309195042e-04 -1.714006811380386353e-01
5.361202056519687176e-04 -1.714601367712020874e-01
6.628696573898196220e-04 -1.715195775032043457e-01
7.897016475908458233e-04 -1.715790033340454102e-01
9.166158852167427540e-04 -1.716384142637252808e-01
1.043611904606223106e-03 -1.716978251934051514e-01
1.170689240097999573e-03 -1.717572063207626343e-01
1.297847717069089413e-03 -1.718165874481201172e-01
1.425086753442883492e-03 -1.718759685754776001e-01
1.552406116388738155e-03 -1.719353199005126953e-01
1.679805223830044270e-03 -1.719946712255477905e-01
1.807283959351480007e-03 -1.720540225505828857e-01
1.934841624461114407e-03 -1.721133440732955933e-01
2.062478102743625641e-03 -1.721726655960083008e-01
2.190192695707082748e-03 -1.722319871187210083e-01
2.317985286936163902e-03 -1.722912937402725220e-01
2.445855410769581795e-03 -1.723506003618240356e-01
2.573802601546049118e-03 -1.724098920822143555e-01
2.701826626434922218e-03 -1.724691838026046753e-01
2.829927019774913788e-03 -1.725284606218338013e-01
2.958103315904736519e-03 -1.725877374410629272e-01
3.086355049163103104e-03 -1.726469993591308594e-01
3.214682219550013542e-03 -1.727062761783599854e-01
3.343084128573536873e-03 -1.727655380964279175e-01
3.471560310572385788e-03 -1.728247851133346558e-01
3.600110532715916634e-03 -1.728840470314025879e-01
3.728734562173485756e-03 -1.729432940483093262e-01
3.857431700453162193e-03 -1.730025410652160645e-01
3.986201714724302292e-03 -1.730617880821228027e-01
4.115044139325618744e-03 -1.731210350990295410e-01
4.243958741426467896e-03 -1.731802821159362793e-01
4.372944589704275131e-03 -1.732395291328430176e-01
4.502002149820327759e-03 -1.732987612485885620e-01
4.631130490452051163e-03 -1.733580082654953003e-01
4.760329611599445343e-03 -1.734172552824020386e-01
4.889598581939935684e-03 -1.734765022993087769e-01
5.018937401473522186e-03 -1.735357493162155151e-01
5.148345604538917542e-03 -1.735949963331222534e-01
5.277822725474834442e-03 -1.736542433500289917e-01
5.407368298619985580e-03 -1.737134903669357300e-01
5.536982323974370956e-03 -1.737727373838424683e-01
5.666663870215415955e-03 -1.738319993019104004e-01
5.796412937343120575e-03 -1.738912612199783325e-01
5.926229059696197510e-03 -1.739505231380462646e-01
6.056111771613359451e-03 -1.740097999572753906e-01
6.186060607433319092e-03 -1.740690767765045166e-01
6.316075101494789124e-03 -1.741283535957336426e-01
6.446155253797769547e-03 -1.741876453161239624e-01
6.576300598680973053e-03 -1.742469370365142822e-01
6.706510670483112335e-03 -1.743062436580657959e-01
6.836785003542900085e-03 -1.743655502796173096e-01
6.967123132199048996e-03 -1.744248569011688232e-01
7.097524590790271759e-03 -1.744841784238815308e-01
7.227989379316568375e-03 -1.745435148477554321e-01
7.358517032116651535e-03 -1.746028512716293335e-01
7.489106617867946625e-03 -1.746622025966644287e-01
7.619758602231740952e-03 -1.747215688228607178e-01
7.750472053885459900e-03 -1.747809350490570068e-01
7.881246507167816162e-03 -1.748403161764144897e-01
8.012081496417522430e-03 -1.748997122049331665e-01
8.142977952957153320e-03 -1.749591082334518433e-01
8.273933082818984985e-03 -1.750185191631317139e-01
8.404948748648166656e-03 -1.750779449939727783e-01
8.536023087799549103e-03 -1.751373857259750366e-01
8.667157031595706940e-03 -1.751968413591384888e-01
8.798348717391490936e-03 -1.752563118934631348e-01
8.929599076509475708e-03 -1.753157973289489746e-01
9.060906246304512024e-03 -1.753752827644348145e-01
9.192271158099174500e-03 -1.754347980022430420e-01
9.323692880570888519e-03 -1.754943132400512695e-01
9.455171413719654083e-03 -1.755538582801818848e-01
9.586705826222896576e-03 -1.756134182214736938e-01
9.718296118080615997e-03 -1.756729930639266968e-01
9.849941357970237732e-03 -1.757325828075408936e-01
9.981641545891761780e-03 -1.757921874523162842e-01
1.011339668184518814e-02 -1.758518218994140625e-01
1.024520583450794220e-02 -1.759114563465118408e-01
1.037706900388002396e-02 -1.759711205959320068e-01
1.050898525863885880e-02 -1.760307997465133667e-01
1.064095459878444672e-02 -1.760905086994171143e-01
1.077297702431678772e-02 -1.761502325534820557e-01
1.090505160391330719e-02 -1.762099713087081909e-01
1.103717740625143051e-02 -1.762697249650955200e-01
1.116935443133115768e-02 -1.763295084238052368e-01
1.130158361047506332e-02 -1.763893216848373413e-01
1.143386214971542358e-02 -1.764491498470306396e-01
1.156619191169738770e-02 -1.765089929103851318e-01
1.169857196509838104e-02 -1.765688657760620117e-01
1.183100044727325439e-02 -1.766287684440612793e-01
1.196347828954458237e-02 -1.766886860132217407e-01
1.209600549191236496e-02 -1.767486333847045898e-01
1.222858019173145294e-02 -1.768085956573486328e-01
1.236120332032442093e-02 -1.768685877323150635e-01
1.249387394636869431e-02 -1.769286096096038818e-01
1.262659206986427307e-02 -1.769886612892150879e-01
1.275935675948858261e-02 -1.770487278699874878e-01
1.289216708391904831e-02 -1.771088242530822754e-01
1.302502397447824478e-02 -1.771689504384994507e-01
1.315792649984359741e-02 -1.772291064262390137e-01
1.329087466001510620e-02 -1.772892922163009644e-01
1.342386752367019653e-02 -1.773494929075241089e-01
1.355690415948629379e-02 -1.774097383022308350e-01
1.368998549878597260e-02 -1.774699985980987549e-01
1.382311061024665833e-02 -1.775303035974502563e-01
1.395627856254577637e-02 -1.775906234979629517e-01
1.408948935568332672e-02 -1.776509881019592285e-01
1.422274298965930939e-02 -1.777113825082778931e-01
1.435603853315114975e-02 -1.777717918157577515e-01
1.448937598615884781e-02 -1.778322458267211914e-01
1.462275441735982895e-02 -1.778927296400070190e-01
1.475617382675409317e-02 -1.779532581567764282e-01
1.488963421434164047e-02 -1.780138015747070312e-01
1.502313464879989624e-02 -1.780743896961212158e-01
1.515667419880628586e-02 -1.781350076198577881e-01
1.529025379568338394e-02 -1.781956553459167480e-01
1.542387250810861588e-02 -1.782563477754592896e-01
1.555752940475940704e-02 -1.783170700073242188e-01
1.569122448563575745e-02 -1.783778220415115356e-01
1.582495681941509247e-02 -1.784386187791824341e-01
1.595872826874256134e-02 -1.784994453191757202e-01
1.609253510832786560e-02 -1.785603165626525879e-01
1.622637920081615448e-02 -1.786212325096130371e-01
1.636026054620742798e-02 -1.786821633577346802e-01
1.649417728185653687e-02 -1.787431538105010986e-01
1.662812940776348114e-02 -1.788041740655899048e-01
1.676211506128311157e-02 -1.788652241230010986e-01
1.689613796770572662e-02 -1.789263337850570679e-01
1.703019440174102783e-02 -1.789874732494354248e-01
1.716428436338901520e-02 -1.790486425161361694e-01
1.729840785264968872e-02 -1.791098713874816895e-01
1.743256486952304840e-02 -1.791711300611495972e-01
1.756675355136394501e-02 -1.792324334383010864e-01
1.770097576081752777e-02 -1.792937666177749634e-01
1.783522963523864746e-02 -1.793551594018936157e-01
1.796951517462730408e-02 -1.794165968894958496e-01
1.810383237898349762e-02 -1.794780641794204712e-01
1.823817938566207886e-02 -1.795395761728286743e-01
1.837255619466304779e-02 -1.796011477708816528e-01
1.850696466863155365e-02 -1.796627491712570190e-01
1.864140294492244720e-02 -1.797243952751159668e-01
1.877586916089057922e-02 -1.797861009836196899e-01
1.891036517918109894e-02 -1.798478364944458008e-01
1.904488913714885712e-02 -1.799096316099166870e-01
1.917944289743900299e-02 -1.799714565277099609e-01
1.931402273476123810e-02 -1.800333410501480103e-01
1.944863051176071167e-02 -1.800952702760696411e-01
1.958326436579227448e-02 -1.801572442054748535e-01
1.971792615950107574e-02 -1.802192777395248413e-01
1.985261216759681702e-02 -1.802813559770584106e-01
1.998732611536979675e-02 -1.803434789180755615e-01
2.012206427752971649e-02 -1.804056465625762939e-01
2.025682665407657623e-02 -1.804678738117218018e-01
2.039161510765552521e-02 -1.805301457643508911e-01
2.052642591297626495e-02 -1.805924773216247559e-01
2.066126279532909393e-02 -1.806548535823822021e-01
2.079612202942371368e-02 -1.807172745466232300e-01
2.093100361526012421e-02 -1.807797551155090332e-01
2.106590941548347473e-02 -1.808422952890396118e-01
2.120083570480346680e-02 -1.809048801660537720e-01
2.133578620851039886e-02 -1.809675246477127075e-01
2.147075720131397247e-02 -1.810302138328552246e-01
2.160574868321418762e-02 -1.810929626226425171e-01
2.174076065421104431e-02 -1.811557710170745850e-01
2.187579311430454254e-02 -1.812186241149902344e-01
2.201084606349468231e-02 -1.812815368175506592e-01
2.214591763913631439e-02 -1.813445091247558594e-01
2.228100970387458801e-02 -1.814075410366058350e-01
2.241612039506435394e-02 -1.814706325531005859e-01
2.255124785006046295e-02 -1.815337687730789185e-01
2.268639579415321350e-02 -1.815969645977020264e-01
2.282155863940715790e-02 -1.816602200269699097e-01
2.295674011111259460e-02 -1.817235350608825684e-01
2.309193834662437439e-02 -1.817869096994400024e-01
2.322715334594249725e-02 -1.818503439426422119e-01
2.336238324642181396e-02 -1.819138377904891968e-01
2.349762991070747375e-02 -1.819773912429809570e-01
2.363289147615432739e-02 -1.820410192012786865e-01
2.376816794276237488e-02 -1.821046918630599976e-01
2.390345931053161621e-02 -1.821684241294860840e-01
2.403876371681690216e-02 -1.822322309017181396e-01
2.417408302426338196e-02 -1.822960972785949707e-01
2.430941537022590637e-02 -1.823600083589553833e-01
2.444476075470447540e-02 -1.824240088462829590e-01
2.458011731505393982e-02 -1.824880540370941162e-01
2.471548691391944885e-02 -1.825521737337112427e-01
2.485086768865585327e-02 -1.826163530349731445e-01
2.498626150190830231e-02 -1.826806068420410156e-01
2.512166462838649750e-02 -1.827449202537536621e-01
2.525707893073558807e-02 -1.828092932701110840e-01
2.539250440895557404e-02 -1.828737407922744751e-01
2.552793920040130615e-02 -1.829382479190826416e-01
2.566338144242763519e-02 -1.830028295516967773e-01
2.579883486032485962e-02 -1.830674707889556885e-01
2.593429759144783020e-02 -1.831321865320205688e-01
2.606976591050624847e-02 -1.831969618797302246e-01
2.620524354279041290e-02 -1.832618117332458496e-01
2.634072862565517426e-02 -1.833267360925674438e-01
2.647622115910053253e-02 -1.833917200565338135e-01
2.661172114312648773e-02 -1.834567785263061523e-01
2.674722485244274139e-02 -1.835219115018844604e-01
2.688273601233959198e-02 -1.835871040821075439e-01
2.701825276017189026e-02 -1.836523860692977905e-01
2.715377509593963623e-02 -1.837177276611328125e-01
2.728930115699768066e-02 -1.837831437587738037e-01
2.742483280599117279e-02 -1.838486343622207642e-01
2.756036818027496338e-02 -1.839141994714736938e-01
2.769590541720390320e-02 -1.839798241853713989e-01
2.783144824206829071e-02 -1.840455383062362671e-01
2.796699292957782745e-02 -1.841113269329071045e-01
2.810253947973251343e-02 -1.841771751642227173e-01
2.823808789253234863e-02 -1.842431128025054932e-01
2.837364003062248230e-02 -1.843091249465942383e-01
2.850919030606746674e-02 -1.843752115964889526e-01
2.864474430680274963e-02 -1.844413727521896362e-01
2.878029644489288330e-02 -1.845076084136962891e-01
2.891585044562816620e-02 -1.845739185810089111e-01
2.905140258371829987e-02 -1.846403181552886963e-01
2.918695658445358276e-02 -1.847067922353744507e-01
2.932250685989856720e-02 -1.847733408212661743e-01
2.945805713534355164e-02 -1.848399639129638672e-01
2.959360554814338684e-02 -1.849066764116287231e-01
2.972915023565292358e-02 -1.849734634160995483e-01
2.986469306051731110e-02 -1.850403398275375366e-01
3.000023402273654938e-02 -1.851072907447814941e-01
3.013576939702033997e-02 -1.851743161678314209e-01
3.027130290865898132e-02 -1.852414309978485107e-01
3.040683083236217499e-02 -1.853086203336715698e-01
3.054235503077507019e-02 -1.853758990764617920e-01
3.067787550389766693e-02 -1.854432672262191772e-01
3.081338852643966675e-02 -1.855107098817825317e-01
3.094889596104621887e-02 -1.855782270431518555e-01
3.108439780771732330e-02 -1.856458485126495361e-01
3.121989406645298004e-02 -1.857135295867919922e-01
3.135538101196289062e-02 -1.857813149690628052e-01
3.149086236953735352e-02 -1.858491897583007812e-01
3.162633627653121948e-02 -1.859171390533447266e-01
3.176180273294448853e-02 -1.859851777553558350e-01
3.189725801348686218e-02 -1.860532909631729126e-01
3.203270584344863892e-02 -1.861215084791183472e-01
3.216814622282981873e-02 -1.861898005008697510e-01
3.230357542634010315e-02 -1.862581968307495117e-01
3.243899345397949219e-02 -1.863266676664352417e-01
3.257440030574798584e-02 -1.863952279090881348e-01
3.270979970693588257e-02 -1.864638924598693848e-01
3.284518793225288391e-02 -1.865326315164566040e-01
3.298056125640869141e-02 -1.866014599800109863e-01
3.311592340469360352e-02 -1.866703927516937256e-01
3.325127437710762024e-02 -1.867394000291824341e-01
3.338661417365074158e-02 -1.868085116147994995e-01
3.352193906903266907e-02 -1.868776977062225342e-01
3.365724906325340271e-02 -1.869469881057739258e-01
3.379254788160324097e-02 -1.870163679122924805e-01
3.392783179879188538e-02 -1.870858520269393921e-01
3.406309708952903748e-02 -1.871554255485534668e-01
3.419835120439529419e-02 -1.872250884771347046e-01
3.433359041810035706e-02 -1.872948408126831055e-01
3.446881100535392761e-02 -1.873646974563598633e-01
3.460401669144630432e-02 -1.874346435070037842e-01
3.473920747637748718e-02 -1.875046789646148682e-01
3.487437963485717773e-02 -1.875748187303543091e-01
3.500953316688537598e-02 -1.876450479030609131e-01
3.514466807246208191e-02 -1.877153813838958740e-01
3.527978807687759399e-02 -1.877858191728591919e-01
3.541488945484161377e-02 -1.878563463687896729e-01
3.554996848106384277e-02 -1.879269629716873169e-01
3.568503260612487793e-02 -1.879976838827133179e-01
3.582007437944412231e-02 -1.880685091018676758e-01
3.595509380102157593e-02 -1.881394386291503906e-01
3.609009459614753723e-02 -1.882104575634002686e-01
3.622507676482200623e-02 -1.882815808057785034e-01
3.636003658175468445e-02 -1.883527934551239014e-01
3.649497404694557190e-02 -1.884241253137588501e-01
3.662988916039466858e-02 -1.884955465793609619e-01
3.676478192210197449e-02 -1.885670721530914307e-01
3.689964860677719116e-02 -1.886387020349502563e-01
3.703449666500091553e-02 -1.887104362249374390e-01
3.716931864619255066e-02 -1.887822747230529785e-01
3.730411827564239502e-02 -1.888542175292968750e-01
3.743889182806015015e-02 -1.889262497425079346e-01
3.757364302873611450e-02 -1.889984011650085449e-01
3.770836815237998962e-02 -1.890706568956375122e-01
3.784306719899177551e-02 -1.891430169343948364e-01
3.797774016857147217e-02 -1.892154812812805176e-01
3.811238706111907959e-02 -1.892880499362945557e-01
3.824700415134429932e-02 -1.893607228994369507e-01
3.838159888982772827e-02 -1.894335150718688965e-01
3.851616382598876953e-02 -1.895063966512680054e-01
3.865069895982742310e-02 -1.895793974399566650e-01
3.878520801663398743e-02 -1.896525025367736816e-01
3.891969099640846252e-02 -1.897257268428802490e-01
3.905414044857025146e-02 -1.897990554571151733e-01
3.918856009840965271e-02 -1.898724883794784546e-01
3.932295367121696472e-02 -1.899460256099700928e-01
3.945731371641159058e-02 -1.900196820497512817e-01
3.959164395928382874e-02 -1.900934576988220215e-01
3.972594439983367920e-02 -1.901673376560211182e-01
3.986021503806114197e-02 -1.902413219213485718e-01
3.999444842338562012e-02 -1.903154253959655762e-01
4.012865573167800903e-02 -1.903896331787109375e-01
4.026282578706741333e-02 -1.904639601707458496e-01
4.039696604013442993e-02 -1.905384063720703125e-01
4.053106904029846191e-02 -1.906129568815231323e-01
4.066514223814010620e-02 -1.906876266002655029e-01
4.079917818307876587e-02 -1.907624155282974243e-01
4.093318060040473938e-02 -1.908373087644577026e-01
4.106714949011802673e-02 -1.909123212099075317e-01
4.120108112692832947e-02 -1.909874528646469116e-01
4.133497923612594604e-02 -1.910627037286758423e-01
4.146884009242057800e-02 -1.911380589008331299e-01
4.160266369581222534e-02 -1.912135481834411621e-01
4.173645377159118652e-02 -1.912891417741775513e-01
4.187020286917686462e-02 -1.913648545742034912e-01
4.200391471385955811e-02 -1.914407014846801758e-01
4.213758930563926697e-02 -1.915166527032852173e-01
4.227122664451599121e-02 -1.915927231311798096e-01
4.240482300519943237e-02 -1.916689127683639526e-01
4.253838211297988892e-02 -1.917452365159988403e-01
4.267190024256706238e-02 -1.918216645717620850e-01
4.280537739396095276e-02 -1.918982267379760742e-01
4.293881729245185852e-02 -1.919748932123184204e-01
4.307221248745918274e-02 -1.920516937971115112e-01
4.320557042956352234e-02 -1.921286135911941528e-01
4.333888366818428040e-02 -1.922056525945663452e-01
4.347215592861175537e-02 -1.922828257083892822e-01
4.360538721084594727e-02 -1.923601180315017700e-01
4.373857378959655762e-02 -1.924375295639038086e-01
4.387171939015388489e-02 -1.925150752067565918e-01
4.400482028722763062e-02 -1.925927400588989258e-01
4.413787648081779480e-02 -1.926705241203308105e-01
4.427089169621467590e-02 -1.927484422922134399e-01
4.440385848283767700e-02 -1.928264796733856201e-01
4.453678056597709656e-02 -1.929046511650085449e-01
4.466965794563293457e-02 -1.929829418659210205e-01
4.480249062180519104e-02 -1.930613666772842407e-01
4.493527859449386597e-02 -1.931399106979370117e-01
4.506801441311836243e-02 -1.932185888290405273e-01
4.520070925354957581e-02 -1.932974010705947876e-01
4.533335193991661072e-02 -1.933763325214385986e-01
4.546594992280006409e-02 -1.934553980827331543e-01
4.559849947690963745e-02 -1.935345977544784546e-01
4.573100060224533081e-02 -1.936139315366744995e-01
4.586344957351684570e-02 -1.936933845281600952e-01
4.599585384130477905e-02 -1.937729716300964355e-01
4.612820595502853394e-02 -1.938526928424835205e-01
4.626050591468811035e-02 -1.939325481653213501e-01
4.639275744557380676e-02 -1.940125375986099243e-01
4.652496054768562317e-02 -1.940926462411880493e-01
4.665710777044296265e-02 -1.941729038953781128e-01
4.678920656442642212e-02 -1.942532807588577271e-01
4.692125320434570312e-02 -1.943338066339492798e-01
4.705324396491050720e-02 -1.944144517183303833e-01
4.718518629670143127e-02 -1.944952458143234253e-01
4.731707274913787842e-02 -1.945761740207672119e-01
4.744890704751014709e-02 -1.946572363376617432e-01
4.758068546652793884e-02 -1.947384327650070190e-01
4.771241173148155212e-02 -1.948197633028030396e-01
4.784408211708068848e-02 -1.949012279510498047e-01
4.797569662332534790e-02 -1.949828416109085083e-01
4.810725897550582886e-02 -1.950645893812179565e-01
4.823876172304153442e-02 -1.951464712619781494e-01
4.837020859122276306e-02 -1.952285021543502808e-01
4.850159958004951477e-02 -1.953106671571731567e-01
4.863293468952178955e-02 -1.953929662704467773e-01
4.876421019434928894e-02 -1.954754143953323364e-01
4.889542981982231140e-02 -1.955579966306686401e-01
4.902658984065055847e-02 -1.956407129764556885e-01
4.915769025683403015e-02 -1.957235932350158691e-01
4.928873106837272644e-02 -1.958065927028656006e-01
4.941971600055694580e-02 -1.958897411823272705e-01
4.955063760280609131e-02 -1.959730386734008789e-01
4.968150332570075989e-02 -1.960564702749252319e-01
4.981230199337005615e-02 -1.961400508880615234e-01
4.994304478168487549e-02 -1.962237805128097534e-01
5.007372424006462097e-02 -1.963076442480087280e-01
5.020434409379959106e-02 -1.963916569948196411e-01
5.033490061759948730e-02 -1.964758187532424927e-01
5.046539381146430969e-02 -1.965601295232772827e-01
5.059582367539405823e-02 -1.966445744037628174e-01
5.072619020938873291e-02 -1.967291682958602905e-01
5.085649341344833374e-02 -1.968139261007308960e-01
5.098673328757286072e-02 -1.968988180160522461e-01
5.111690610647201538e-02 -1.969838589429855347e-01
5.124701559543609619e-02 -1.970690339803695679e-01
5.137706175446510315e-02 -1.971543729305267334e-01
5.150704085826873779e-02 -1.972398608922958374e-01
5.163695290684700012e-02 -1.973254978656768799e-01
5.176679790019989014e-02 -1.974112838506698608e-01
5.189657956361770630e-02 -1.974972188472747803e-01
5.202629044651985168e-02 -1.975833028554916382e-01
5.215593799948692322e-02 -1.976695507764816284e-01
5.228551477193832397e-02 -1.977559328079223633e-01
5.241502076387405396e-02 -1.978424787521362305e-01
5.254445970058441162e-02 -1.979291737079620361e-01
5.267383158206939697e-02 -1.980160176753997803e-01
5.280313268303871155e-02 -1.981030106544494629e-01
5.293236300349235535e-02 -1.981901675462722778e-01
5.306152254343032837e-02 -1.982774734497070312e-01
5.319061502814292908e-02 -1.983649432659149170e-01
5.331963300704956055e-02 -1.984525620937347412e-01
5.344858020544052124e-02 -1.985403299331665039e-01
5.357745289802551270e-02 -1.986282616853713989e-01
5.370625853538513184e-02 -1.987163424491882324e-01
5.383498966693878174e-02 -1.988045871257781982e-01
5.396364629268646240e-02 -1.988929957151412964e-01
5.409222841262817383e-02 -1.989815533161163330e-01
5.422073975205421448e-02 -1.990702599287033081e-01
5.434917658567428589e-02 -1.991591453552246094e-01
5.447753518819808960e-02 -1.992481648921966553e-01
5.460582301020622253e-02 -1.993373632431030273e-01
5.473403260111808777e-02 -1.994267106056213379e-01
5.486216768622398376e-02 -1.995162218809127808e-01
5.499022826552391052e-02 -1.996058970689773560e-01
5.511820688843727112e-02 -1.996957361698150635e-01
5.524611473083496094e-02 -1.997857242822647095e-01
5.537394061684608459e-02 -1.998758912086486816e-01
5.550169199705123901e-02 -1.999662071466445923e-01
5.562936514616012573e-02 -2.000566869974136353e-01
5.575695633888244629e-02 -2.001473307609558105e-01
5.588447302579879761e-02 -2.002381384372711182e-01
5.601190775632858276e-02 -2.003291100263595581e-01
5.613926425576210022e-02 -2.004202455282211304e-01
5.626653879880905151e-02 -2.005115598440170288e-01
5.639373511075973511e-02 -2.006030231714248657e-01
5.652084946632385254e-02 -2.006946504116058350e-01
5.664788186550140381e-02 -2.007864564657211304e-01
5.677483230829238892e-02 -2.008784264326095581e-01
5.690170079469680786e-02 -2.009705454111099243e-01
5.702849105000495911e-02 -2.010628581047058105e-01
5.715519562363624573e-02 -2.011553198099136353e-01
5.728181451559066772e-02 -2.012479603290557861e-01
5.740835145115852356e-02 -2.013407647609710693e-01
5.753480643033981323e-02 -2.014337331056594849e-01
5.766117572784423828e-02 -2.015268802642822266e-01
5.778745934367179871e-02 -2.016201913356781006e-01
5.791365727782249451e-02 -2.017136812210083008e-01
5.803977325558662415e-02 -2.018073350191116333e-01
5.816579982638359070e-02 -2.019011527299880981e-01
5.829174071550369263e-02 -2.019951492547988892e-01
5.841759592294692993e-02 -2.020893245935440063e-01
5.854336544871330261e-02 -2.021836638450622559e-01
5.866904556751251221e-02 -2.022781819105148315e-01
5.879464000463485718e-02 -2.023728638887405396e-01
5.892014130949974060e-02 -2.024677246809005737e-01
5.904555693268775940e-02 -2.025627642869949341e-01
5.917088687419891357e-02 -2.026579827070236206e-01
5.929612368345260620e-02 -2.027533650398254395e-01
5.942127108573913574e-02 -2.028489261865615845e-01
5.954632908105850220e-02 -2.029446661472320557e-01
5.967129394412040710e-02 -2.030405700206756592e-01
5.979616940021514893e-02 -2.031366676092147827e-01
5.992095544934272766e-02 -2.032329291105270386e-01
6.004564836621284485e-02 -2.033293694257736206e-01
6.017024815082550049e-02 -2.034260034561157227e-01
6.029475480318069458e-02 -2.035228013992309570e-01
6.041917204856872559e-02 -2.036197781562805176e-01
6.054349243640899658e-02 -2.037169337272644043e-01
6.066771969199180603e-02 -2.038142830133438110e-01
6.079185381531715393e-02 -2.039117962121963501e-01
6.091589480638504028e-02 -2.040095031261444092e-01
6.103983893990516663e-02 -2.041073739528656006e-01
6.116368994116783142e-02 -2.042054384946823120e-01
6.128744408488273621e-02 -2.043036818504333496e-01
6.141110137104988098e-02 -2.044021189212799072e-01
6.153466179966926575e-02 -2.045007199048995972e-01
6.165812909603118896e-02 -2.045995146036148071e-01
6.178149580955505371e-02 -2.046984881162643433e-01
6.190476566553115845e-02 -2.047976553440093994e-01
6.202793866395950317e-02 -2.048969864845275879e-01
6.215101107954978943e-02 -2.049965262413024902e-01
6.227398663759231567e-02 -2.050962299108505249e-01
6.239686161279678345e-02 -2.051961421966552734e-01
6.251963973045349121e-02 -2.052962183952331543e-01
6.264231353998184204e-02 -2.053964883089065552e-01
6.276489049196243286e-02 -2.054969519376754761e-01
6.288736313581466675e-02 -2.055975943803787231e-01
6.300973892211914062e-02 -2.056984305381774902e-01
6.313201040029525757e-02 -2.057994604110717773e-01
6.325418502092361450e-02 -2.059006690979003906e-01
6.337625533342361450e-02 -2.060020714998245239e-01
6.349822133779525757e-02 -2.061036527156829834e-01
6.362008303403854370e-02 -2.062054425477981567e-01
6.374184042215347290e-02 -2.063074111938476562e-01
6.386349350214004517e-02 -2.064095735549926758e-01
6.398504972457885742e-02 -2.065119296312332153e-01
6.410649418830871582e-02 -2.066144645214080811e-01
6.422783434391021729e-02 -2.067172080278396606e-01
6.434907764196395874e-02 -2.068201303482055664e-01
6.447020173072814941e-02 -2.069232463836669922e-01
6.459122896194458008e-02 -2.070265710353851318e-01
6.471215188503265381e-02 -2.071300745010375977e-01
6.483296304941177368e-02 -2.072337716817855835e-01
6.495366245508193970e-02 -2.073376774787902832e-01
6.507425755262374878e-02 -2.074417620897293091e-01
6.519474834203720093e-02 -2.075460553169250488e-01
6.531512737274169922e-02 -2.076505422592163086e-01
6.543540209531784058e-02 -2.077552080154418945e-01
6.555556505918502808e-02 -2.078600972890853882e-01
6.567561626434326172e-02 -2.079651653766632080e-01
6.579555571079254150e-02 -2.080704420804977417e-01
6.591539084911346436e-02 -2.081758975982666016e-01
6.603510677814483643e-02 -2.082815766334533691e-01
6.615471839904785156e-02 -2.083874344825744629e-01
6.627421826124191284e-02 -2.084935009479522705e-01
6.639359891414642334e-02 -2.085997611284255981e-01
6.651287525892257690e-02 -2.087062299251556396e-01
6.663203984498977661e-02 -2.088128924369812012e-01
6.675108522176742554e-02 -2.089197635650634766e-01
6.687001883983612061e-02 -2.090268284082412720e-01
6.698884069919586182e-02 -2.091341018676757812e-01
6.710754334926605225e-02 -2.092415690422058105e-01
6.722613424062728882e-02 -2.093492448329925537e-01
6.734461337327957153e-02 -2.094571292400360107e-01
6.746297329664230347e-02 -2.095652073621749878e-01
6.758122146129608154e-02 -2.096734941005706787e-01
6.769935041666030884e-02 -2.097819894552230835e-01
6.781736016273498535e-02 -2.098906785249710083e-01
6.793525815010070801e-02 -2.099995762109756470e-01
6.805303692817687988e-02 -2.101086825132369995e-01
6.817069649696350098e-02 -2.102179974317550659e-01
6.828823685646057129e-02 -2.103275060653686523e-01
6.840565800666809082e-02 -2.104372382164001465e-01
6.852295994758605957e-02 -2.105471640825271606e-01
6.864015012979507446e-02 -2.106573134660720825e-01
6.875721365213394165e-02 -2.107676565647125244e-01
6.887415796518325806e-02 -2.108782082796096802e-01
6.899098306894302368e-02 -2.109889835119247437e-01
6.910768151283264160e-02 -2.110999524593353271e-01
6.922426819801330566e-02 -2.112111449241638184e-01
6.934072822332382202e-02 -2.113225311040878296e-01
6.945706903934478760e-02 -2.114341408014297485e-01
6.957328319549560547e-02 -2.115459591150283813e-01
6.968937814235687256e-02 -2.116579860448837280e-01
6.980534642934799194e-02 -2.117702215909957886e-01
6.992118805646896362e-02 -2.118826806545257568e-01
7.003691047430038452e-02 -2.119953483343124390e-01
7.015251368284225464e-02 -2.121082246303558350e-01
7.026798278093338013e-02 -2.122213244438171387e-01
7.038333266973495483e-02 -2.123346179723739624e-01
7.049855589866638184e-02 -2.124481499195098877e-01
7.061364501714706421e-02 -2.125618755817413330e-01
7.072861492633819580e-02 -2.126758396625518799e-01
7.084345817565917969e-02 -2.127899974584579468e-01
7.095817476511001587e-02 -2.129043936729431152e-01
7.107276469469070435e-02 -2.130189836025238037e-01
7.118722796440124512e-02 -2.131338119506835938e-01
7.130155712366104126e-02 -2.132488340139389038e-01
7.141575962305068970e-02 -2.133640944957733154e-01
7.152983546257019043e-02 -2.134795635938644409e-01
7.164377719163894653e-02 -2.135952562093734741e-01
7.175759226083755493e-02 -2.137111723423004150e-01
7.187128067016601562e-02 -2.138272970914840698e-01
7.198483496904373169e-02 -2.139436453580856323e-01
7.209825515747070312e-02 -2.140602171421051025e-01
7.221154868602752686e-02 -2.141770124435424805e-01
7.232470810413360596e-02 -2.142940163612365723e-01
7.243773341178894043e-02 -2.144112586975097656e-01
7.255063205957412720e-02 -2.145287096500396729e-01
7.266338914632797241e-02 -2.146463841199874878e-01
7.277601957321166992e-02 -2.147642970085144043e-01
7.288851588964462280e-02 -2.148824185132980347e-01
7.300087809562683105e-02 -2.150007635354995728e-01
7.311309874057769775e-02 -2.151193320751190186e-01
7.322519272565841675e-02 -2.152381390333175659e-01
7.333714514970779419e-02 -2.153571546077728271e-01
7.344897091388702393e-02 -2.154764086008071899e-01
7.356065511703491211e-02 -2.155958861112594604e-01
7.367219775915145874e-02 -2.157155871391296387e-01
7.378361374139785767e-02 -2.158355116844177246e-01
7.389488071203231812e-02 -2.159556746482849121e-01
7.400602102279663086e-02 -2.160760611295700073e-01
7.411701977252960205e-02 -2.161966711282730103e-01
7.422787696123123169e-02 -2.163175046443939209e-01
7.433860003948211670e-02 -2.164385765790939331e-01
7.444918155670166016e-02 -2.165598720312118530e-01
7.455962151288986206e-02 -2.166814059019088745e-01
7.466991990804672241e-02 -2.168031632900238037e-01
7.478008419275283813e-02 -2.169251441955566406e-01
7.489010691642761230e-02 -2.170473784208297729e-01
7.499998062849044800e-02 -2.171698212623596191e-01
7.510972023010253906e-02 -2.172925025224685669e-01
7.521931827068328857e-02 -2.174154222011566162e-01
7.532876729965209961e-02 -2.175385802984237671e-01
7.543808221817016602e-02 -2.176619619131088257e-01
7.554724812507629395e-02 -2.177855670452117920e-01
7.565627247095108032e-02 -2.179094254970550537e-01
7.576515525579452515e-02 -2.180335074663162231e-01
7.587388902902603149e-02 -2.181578278541564941e-01
7.598248124122619629e-02 -2.182823866605758667e-01
7.609092444181442261e-02 -2.184071689844131470e-01
7.619922608137130737e-02 -2.185322046279907227e-01
7.630738615989685059e-02 -2.186574637889862061e-01
7.641538977622985840e-02 -2.187829613685607910e-01
7.652325183153152466e-02 -2.189087122678756714e-01
7.663097232580184937e-02 -2.190346866846084595e-01
7.673853635787963867e-02 -2.191608995199203491e-01
7.684595882892608643e-02 -2.192873507738113403e-01
7.695323228836059570e-02 -2.194140404462814331e-01
7.706035673618316650e-02 -2.195409685373306274e-01
7.716733217239379883e-02 -2.196681499481201172e-01
7.727415114641189575e-02 -2.197955548763275146e-01
7.738082855939865112e-02 -2.199232131242752075e-01
7.748735696077346802e-02 -2.200511097908020020e-01
7.759372889995574951e-02 -2.201792448759078979e-01
7.769995182752609253e-02 -2.203076183795928955e-01
7.780602574348449707e-02 -2.204362452030181885e-01
7.791195064783096313e-02 -2.205651104450225830e-01
7.801771908998489380e-02 -2.206942141056060791e-01
7.812333106994628906e-02 -2.208235710859298706e-01
7.822879403829574585e-02 -2.209531664848327637e-01
7.833410799503326416e-02 -2.210830152034759521e-01
7.843926548957824707e-02 -2.212130874395370483e-01
7.854426652193069458e-02 -2.213434278964996338e-01
7.864911854267120361e-02 -2.214740067720413208e-01
7.875381410121917725e-02 -2.216048240661621094e-01
7.885834574699401855e-02 -2.217358946800231934e-01
7.896273583173751831e-02 -2.218672186136245728e-01
7.906696200370788574e-02 -2.219987809658050537e-01
7.917103171348571777e-02 -2.221305966377258301e-01
7.927494496107101440e-02 -2.222626656293869019e-01
7.937870174646377563e-02 -2.223949730396270752e-01
7.948230206966400146e-02 -2.225275337696075439e-01
7.958574593067169189e-02 -2.226603478193283081e-01
7.968902587890625000e-02 -2.227934002876281738e-01
7.979214936494827271e-02 -2.229267209768295288e-01
7.989511638879776001e-02 -2.230602800846099854e-01
7.999791949987411499e-02 -2.231940925121307373e-01
8.010056614875793457e-02 -2.233281582593917847e-01
8.020305633544921875e-02 -2.234624773263931274e-01
8.030538260936737061e-02 -2.235970497131347656e-01
8.040754497051239014e-02 -2.237318754196166992e-01
8.050955086946487427e-02 -2.238669544458389282e-01
8.061139285564422607e-02 -2.240022867918014526e-01
8.071307092905044556e-02 -2.241378724575042725e-01
8.081458508968353271e-02 -2.242737114429473877e-01
8.091594278812408447e-02 -2.244098037481307983e-01
8.101712912321090698e-02 -2.245461642742156982e-01
8.111815899610519409e-02 -2.246827781200408936e-01
8.121901750564575195e-02 -2.248196303844451904e-01
8.131971955299377441e-02 -2.249567657709121704e-01
8.142025023698806763e-02 -2.250941395759582520e-01
8.152061700820922852e-02 -2.252317816019058228e-01
8.162081986665725708e-02 -2.253696769475936890e-01
8.172085881233215332e-02 -2.255078256130218506e-01
8.182072639465332031e-02 -2.256462424993515015e-01
8.192043006420135498e-02 -2.257849127054214478e-01
8.201996237039566040e-02 -2.259238511323928833e-01
8.211933076381683350e-02 -2.260630428791046143e-01
8.221853524446487427e-02 -2.262025028467178345e-01
8.231756836175918579e-02 -2.263422161340713501e-01
8.241643011569976807e-02 -2.264821976423263550e-01
8.251512050628662109e-02 -2.266224324703216553e-01
8.261364698410034180e-02 -2.267629355192184448e-01
8.271200209856033325e-02 -2.269037067890167236e-01
8.281018584966659546e-02 -2.270447313785552979e-01
8.290819823741912842e-02 -2.271860241889953613e-01
8.300603926181793213e-02 -2.273275852203369141e-01
8.310370892286300659e-02 -2.274694144725799561e-01
8.320120722055435181e-02 -2.276114970445632935e-01
8.329853415489196777e-02 -2.277538478374481201e-01
8.339568972587585449e-02 -2.278964668512344360e-01
8.349266648292541504e-02 -2.280393540859222412e-01
8.358947932720184326e-02 -2.281825095415115356e-01
8.368611335754394531e-02 -2.283259183168411255e-01
8.378256857395172119e-02 -2.284696102142333984e-01
8.387885242700576782e-02 -2.286135703325271606e-01
8.397496491670608521e-02 -2.287577837705612183e-01
8.407089859247207642e-02 -2.289022803306579590e-01
8.416665345430374146e-02 -2.290470451116561890e-01
8.426223695278167725e-02 -2.291920781135559082e-01
8.435764163732528687e-02 -2.293373793363571167e-01
8.445287495851516724e-02 -2.294829487800598145e-01
8.454792201519012451e-02 -2.296287864446640015e-01
8.464279770851135254e-02 -2.297749072313308716e-01
8.473749458789825439e-02 -2.299212962388992310e-01
8.483201265335083008e-02 -2.300679534673690796e-01
8.492634445428848267e-02 -2.302148789167404175e-01
8.502050489187240601e-02 -2.303620874881744385e-01
8.511448651552200317e-02 -2.305095642805099487e-01
8.520828187465667725e-02 -2.306573241949081421e-01
8.530190587043762207e-02 -2.308053523302078247e-01
8.539534360170364380e-02 -2.309536486864089966e-01
8.548859506845474243e-02 -2.311022281646728516e-01
8.558167517185211182e-02 -2.312510758638381958e-01
8.567456901073455811e-02 -2.314002066850662231e-01
8.576727658510208130e-02 -2.315496206283569336e-01
8.585980534553527832e-02 -2.316993027925491333e-01
8.595214784145355225e-02 -2.318492531776428223e-01
8.604431152343750000e-02 -2.319995015859603882e-01
8.613628894090652466e-02 -2.321500182151794434e-01
8.622808009386062622e-02 -2.323008179664611816e-01
8.631968498229980469e-02 -2.324518859386444092e-01
8.641111105680465698e-02 -2.326032370328903198e-01
8.650234341621398926e-02 -2.327548712491989136e-01
8.659339696168899536e-02 -2.329067885875701904e-01
8.668426424264907837e-02 -2.330589890480041504e-01
8.677494525909423828e-02 -2.332114577293395996e-01
8.686543256044387817e-02 -2.333642244338989258e-01
8.695573359727859497e-02 -2.335172593593597412e-01
8.704585582017898560e-02 -2.336705774068832397e-01
8.713578432798385620e-02 -2.338241934776306152e-01
8.722551912069320679e-02 -2.339780777692794800e-01
8.731506764888763428e-02 -2.341322451829910278e-01
8.740442991256713867e-02 -2.342867106199264526e-01
8.749360591173171997e-02 -2.344414442777633667e-01
8.758258074522018433e-02 -2.345964759588241577e-01
8.767137676477432251e-02 -2.347517907619476318e-01
8.775997161865234375e-02 -2.349073886871337891e-01
8.784838020801544189e-02 -2.350632697343826294e-01
8.793659508228302002e-02 -2.352194488048553467e-01
8.802462369203567505e-02 -2.353758960962295532e-01
8.811245113611221313e-02 -2.355326414108276367e-01
8.820009231567382812e-02 -2.356896847486495972e-01
8.828753978013992310e-02 -2.358470112085342407e-01
8.837478607892990112e-02 -2.360046207904815674e-01
8.846184611320495605e-02 -2.361625134944915771e-01
8.854871243238449097e-02 -2.363207042217254639e-01
8.863537758588790894e-02 -2.364791929721832275e-01
8.872184902429580688e-02 -2.366379648447036743e-01
8.880812674760818481e-02 -2.367970198392868042e-01
8.889421075582504272e-02 -2.369563728570938110e-01
8.898009359836578369e-02 -2.371160238981246948e-01
8.906578272581100464e-02 -2.372759580612182617e-01
8.915127068758010864e-02 -2.374361902475357056e-01
8.923656493425369263e-02 -2.375967204570770264e-01
8.932166546583175659e-02 -2.377575337886810303e-01
8.940655738115310669e-02 -2.379186451435089111e-01
8.949125558137893677e-02 -2.380800545215606689e-01
8.957576006650924683e-02 -2.382417619228363037e-01
8.966005593538284302e-02 -2.384037524461746216e-01
8.974415808916091919e-02 -2.385660409927368164e-01
8.982805907726287842e-02 -2.387286275625228882e-01
8.991175889968872070e-02 -2.388915121555328369e-01
8.999525010585784912e-02 -2.390546947717666626e-01
9.007854759693145752e-02 -2.392181754112243652e-01
9.016164392232894897e-02 -2.393819540739059448e-01
9.024453908205032349e-02 -2.395460307598114014e-01
9.032722562551498413e-02 -2.397104054689407349e-01
9.040971100330352783e-02 -2.398750782012939453e-01
9.049199521541595459e-02 -2.400400489568710327e-01
9.057407826185226440e-02 -2.402053177356719971e-01
9.065595269203186035e-02 -2.403708994388580322e-01
9.073761850595474243e-02 -2.405367642641067505e-01
9.081908315420150757e-02 -2.407029420137405396e-01
9.090034663677215576e-02 -2.408694177865982056e-01
9.098140150308609009e-02 -2.410362064838409424e-01
9.106224775314331055e-02 -2.412032783031463623e-01
9.114289283752441406e-02 -2.413706630468368530e-01
9.122332930564880371e-02 -2.415383458137512207e-01
9.130355715751647949e-02 -2.417063415050506592e-01
9.138357639312744141e-02 -2.418746352195739746e-01
9.146338701248168945e-02 -2.420432418584823608e-01
9.154298901557922363e-02 -2.422121465206146240e-01
9.162238240242004395e-02 -2.423813492059707642e-01
9.170156717300415039e-02 -2.425508648157119751e-01
9.178054332733154297e-02 -2.427206933498382568e-01
9.185931086540222168e-02 -2.428908199071884155e-01
9.193786978721618652e-02 -2.430612593889236450e-01
9.201621264219284058e-02 -2.432320117950439453e-01
9.209434688091278076e-02 -2.434030622243881226e-01
9.217226505279541016e-02 -2.435744255781173706e-01
9.224997460842132568e-02 -2.437460869550704956e-01
9.232747554779052734e-02 -2.439180612564086914e-01
9.240476042032241821e-02 -2.440903633832931519e-01
9.248182922601699829e-02 -2.442629635334014893e-01
9.255868941545486450e-02 -2.444358617067337036e-01
9.263533353805541992e-02 -2.446090877056121826e-01
9.271176159381866455e-02 -2.447826117277145386e-01
9.278797358274459839e-02 -2.449564635753631592e-01
9.286397695541381836e-02 -2.451306134462356567e-01
9.293976426124572754e-02 -2.453050911426544189e-01
9.301532804965972900e-02 -2.454798668622970581e-01
9.309068322181701660e-02 -2.456549704074859619e-01
9.316581487655639648e-02 -2.458303719758987427e-01
9.324073791503906250e-02 -2.460061013698577881e-01
9.331543743610382080e-02 -2.461821436882019043e-01
9.338992089033126831e-02 -2.463584840297698975e-01
9.346418827772140503e-02 -2.465351670980453491e-01
9.353823214769363403e-02 -2.467121481895446777e-01
9.361205995082855225e-02 -2.468894422054290771e-01
9.368567168712615967e-02 -2.470670640468597412e-01
9.375905990600585938e-02 -2.472449988126754761e-01
9.383222460746765137e-02 -2.474232614040374756e-01
9.390517324209213257e-02 -2.476018369197845459e-01
9.397789835929870605e-02 -2.477807253599166870e-01
9.405040740966796875e-02 -2.479599267244338989e-01
9.412269294261932373e-02 -2.481394559144973755e-01
9.419475495815277100e-02 -2.483193129301071167e-01
9.426659345626831055e-02 -2.484994828701019287e-01
9.433820843696594238e-02 -2.486799806356430054e-01
9.440959990024566650e-02 -2.488607913255691528e-01
9.448077529668807983e-02 -2.490419149398803711e-01
9.455171972513198853e-02 -2.492233812808990479e-01
9.462244063615798950e-02 -2.494051605463027954e-01
9.469293802976608276e-02 -2.495872527360916138e-01
9.476320445537567139e-02 -2.497696727514266968e-01
9.483325481414794922e-02 -2.499524205923080444e-01
9.490307420492172241e-02 -2.501355111598968506e-01
9.497266262769699097e-02 -2.503188848495483398e-01
9.504203498363494873e-02 -2.505026161670684814e-01
9.511116892099380493e-02 -2.506866753101348877e-01
9.518008679151535034e-02 -2.508710324764251709e-01
9.524876624345779419e-02 -2.510557472705841064e-01
9.531722217798233032e-02 -2.512407600879669189e-01
9.538544714450836182e-02 -2.514261305332183838e-01
9.545344859361648560e-02 -2.516117990016937256e-01
9.552121907472610474e-02 -2.517977952957153320e-01
9.558875858783721924e-02 -2.519841492176055908e-01
9.565606713294982910e-02 -2.521708011627197266e-01
9.572314471006393433e-02 -2.523578107357025146e-01
9.578999131917953491e-02 -2.525451481342315674e-01
9.585659950971603394e-02 -2.527327835559844971e-01
9.592298418283462524e-02 -2.529207766056060791e-01
9.598913788795471191e-02 -2.531090974807739258e-01
9.605505317449569702e-02 -2.532977461814880371e-01
9.612074494361877441e-02 -2.534867227077484131e-01
9.618619084358215332e-02 -2.536760270595550537e-01
9.625141322612762451e-02 -2.538656890392303467e-01
9.631639719009399414e-02 -2.540556490421295166e-01
9.638114273548126221e-02 -2.542459666728973389e-01
9.644566476345062256e-02 -2.544366121292114258e-01
9.650994092226028442e-02 -2.546275854110717773e-01
9.657398611307144165e-02 -2.548189163208007812e-01
9.663779288530349731e-02 -2.550105750560760498e-01
9.670136123895645142e-02 -2.552025318145751953e-01
9.676469862461090088e-02 -2.553948760032653809e-01
9.682779759168624878e-02 -2.555875182151794434e-01
9.689065814018249512e-02 -2.557805180549621582e-01
9.695327281951904297e-02 -2.559738457202911377e-01
9.701565653085708618e-02 -2.561675310134887695e-01
9.707780182361602783e-02 -2.563615441322326660e-01
9.713970869779586792e-02 -2.565558850765228271e-01
9.720136970281600952e-02 -2.567505538463592529e-01
9.726279973983764648e-02 -2.569455802440643311e-01
9.732398390769958496e-02 -2.571409642696380615e-01
9.738492965698242188e-02 -2.573366761207580566e-01
9.744562953710556030e-02 -2.575327157974243164e-01
9.750609099864959717e-02 -2.577290832996368408e-01
9.756631404161453247e-02 -2.579258382320404053e-01
9.762629121541976929e-02 -2.581228911876678467e-01
9.768602252006530762e-02 -2.583203017711639404e-01
9.774551540613174438e-02 -2.585180699825286865e-01
9.780476242303848267e-02 -2.587161660194396973e-01
9.786377102136611938e-02 -2.589146196842193604e-01
9.792252629995346069e-02 -2.591134011745452881e-01
9.798104315996170044e-02 -2.593125402927398682e-01
9.803931415081024170e-02 -2.595120072364807129e-01
9.809733927249908447e-02 -2.597118318080902100e-01
9.815511852502822876e-02 -2.599120140075683594e-01
9.821265190839767456e-02 -2.601125240325927734e-01
9.826993942260742188e-02 -2.603133916854858398e-01
9.832697361707687378e-02 -2.605145871639251709e-01
9.838376939296722412e-02 -2.607161402702331543e-01
9.844031184911727905e-02 -2.609180510044097900e-01
9.849660843610763550e-02 -2.611202895641326904e-01
9.855265170335769653e-02 -2.613229155540466309e-01
9.860844910144805908e-02 -2.615258395671844482e-01
9.866400063037872314e-02 -2.617291510105133057e-01
9.871929883956909180e-02 -2.619327902793884277e-01
9.877435117959976196e-02 -2.621368169784545898e-01
9.882915019989013672e-02 -2.623411715030670166e-01
9.888369590044021606e-02 -2.625458538532257080e-01
9.893799573183059692e-02 -2.627509236335754395e-01
9.899203479290008545e-02 -2.629563212394714355e-01
9.904582798480987549e-02 -2.631620764732360840e-01
9.909936785697937012e-02 -2.633681893348693848e-01
9.915266185998916626e-02 -2.635746598243713379e-01
9.920569509267807007e-02 -2.637814879417419434e-01
9.925847500562667847e-02 -2.639886438846588135e-01
9.931100159883499146e-02 -2.641961872577667236e-01
9.936327487230300903e-02 -2.644040584564208984e-01
9.941528737545013428e-02 -2.646123170852661133e-01
9.946705400943756104e-02 -2.648209035396575928e-01
9.951855987310409546e-02 -2.650298476219177246e-01
9.956981241703033447e-02 -2.652391791343688965e-01
9.962080419063568115e-02 -2.654488384723663330e-01
9.967154264450073242e-02 -2.656588554382324219e-01
9.972202777862548828e-02 -2.658692598342895508e-01
9.977224469184875488e-02 -2.660799920558929443e-01
9.982221573591232300e-02 -2.662910819053649902e-01
9.987191855907440186e-02 -2.665025591850280762e-01
9.992136806249618530e-02 -2.667143642902374268e-01
9.997055679559707642e-02 -2.669265568256378174e-01
1.000194922089576721e-01 -2.671390771865844727e-01
1.000681594014167786e-01 -2.673519849777221680e-01
1.001165658235549927e-01 -2.675652503967285156e-01
1.001647189259529114e-01 -2.677788734436035156e-01
1.002126038074493408e-01 -2.679928839206695557e-01
1.002602353692054749e-01 -2.682072222232818604e-01
1.003075987100601196e-01 -2.684219479560852051e-01
1.003547012805938721e-01 -2.686370015144348145e-01
1.004015430808067322e-01 -2.688524425029754639e-01
1.004481241106987000e-01 -2.690682709217071533e-01
1.004944369196891785e-01 -2.692844271659851074e-01
1.005404964089393616e-01 -2.695009410381317139e-01
1.005862876772880554e-01 -2.697178423404693604e-01
1.006318256258964539e-01 -2.699350714683532715e-01
1.006771028041839600e-01 -2.701526880264282227e-01
1.007221192121505737e-01 -2.703706622123718262e-01
1.007668823003768921e-01 -2.705889642238616943e-01
1.008113771677017212e-01 -2.708076238632202148e-01
1.008556261658668518e-01 -2.710266709327697754e-01
1.008996143937110901e-01 -2.712460458278656006e-01
1.009433418512344360e-01 -2.714657485485076904e-01
1.009868159890174866e-01 -2.716858386993408203e-01
1.010300368070602417e-01 -2.719062566757202148e-01
1.010729968547821045e-01 -2.721270322799682617e-01
1.011157110333442688e-01 -2.723481655120849609e-01
1.011581644415855408e-01 -2.725696265697479248e-01
1.012003719806671143e-01 -2.727914154529571533e-01
1.012423187494277954e-01 -2.730135917663574219e-01
1.012840196490287781e-01 -2.732360661029815674e-01
1.013254672288894653e-01 -2.734588980674743652e-01
1.013666614890098572e-01 -2.736820876598358154e-01
1.014076098799705505e-01 -2.739056050777435303e-01
1.014483049511909485e-01 -2.741294503211975098e-01
1.014887467026710510e-01 -2.743536531925201416e-01
1.015289425849914551e-01 -2.745781838893890381e-01
1.015688925981521606e-01 -2.748030424118041992e-01
1.016085967421531677e-01 -2.750282287597656250e-01
1.016480475664138794e-01 -2.752537727355957031e-01
1.016872525215148926e-01 -2.754796147346496582e-01
1.017262116074562073e-01 -2.757058143615722656e-01
1.017649248242378235e-01 -2.759323418140411377e-01
1.018033921718597412e-01 -2.761591672897338867e-01
1.018416136503219604e-01 -2.763863503932952881e-01
1.018795892596244812e-01 -2.766138613224029541e-01
1.019173264503479004e-01 -2.768416702747344971e-01
1.019548177719116211e-01 -2.770698368549346924e-01
1.019920632243156433e-01 -2.772983014583587646e-01
1.020290702581405640e-01 -2.775270938873291016e-01
1.020658388733863831e-01 -2.777562141418457031e-01
1.021023616194725037e-01 -2.779856324195861816e-01
1.021386384963989258e-01 -2.782153785228729248e-01
1.021746844053268433e-01 -2.784454524517059326e-01
1.022104844450950623e-01 -2.786758542060852051e-01
1.022460460662841797e-01 -2.789065539836883545e-01
1.022813767194747925e-01 -2.791375517845153809e-01
1.023164615035057068e-01 -2.793688774108886719e-01
1.023513078689575195e-01 -2.796005308628082275e-01
1.023859232664108276e-01 -2.798324823379516602e-01
1.024202927947044373e-01 -2.800647318363189697e-01
1.024544313549995422e-01 -2.802973091602325439e-01
1.024883389472961426e-01 -2.805301845073699951e-01
1.025220081210136414e-01 -2.807633578777313232e-01
1.025554388761520386e-01 -2.809968590736389160e-01
1.025886386632919312e-01 -2.812306582927703857e-01
1.026216074824333191e-01 -2.814647555351257324e-01
1.026543378829956055e-01 -2.816991508007049561e-01
1.026868373155593872e-01 -2.819338440895080566e-01
1.027191057801246643e-01 -2.821688354015350342e-01
1.027511432766914368e-01 -2.824041247367858887e-01
1.027829498052597046e-01 -2.826397418975830078e-01
1.028145253658294678e-01 -2.828756272792816162e-01
1.028458699584007263e-01 -2.831118106842041016e-01
1.028769910335540771e-01 -2.833482921123504639e-01
1.029078811407089233e-01 -2.835850715637207031e-01
1.029385402798652649e-01 -2.838221490383148193e-01
1.029689684510231018e-01 -2.840594947338104248e-01
1.029991731047630310e-01 -2.842971384525299072e-01
1.030291542410850525e-01 -2.845350801944732666e-01
1.030589044094085693e-01 -2.847733199596405029e-01
1.030884310603141785e-01 -2.850118279457092285e-01
1.031177341938018799e-01 -2.852506339550018311e-01
1.031468063592910767e-01 -2.854897081851959229e-01
1.031756624579429626e-01 -2.857290804386138916e-01
1.032042875885963440e-01 -2.859687209129333496e-01
1.032326966524124146e-01 -2.862086594104766846e-01
1.032608747482299805e-01 -2.864488661289215088e-01
1.032888367772102356e-01 -2.866893410682678223e-01
1.033165752887725830e-01 -2.869301140308380127e-01
1.033440977334976196e-01 -2.871711552143096924e-01
1.033713966608047485e-01 -2.874124944210052490e-01
1.033984720706939697e-01 -2.876541018486022949e-01
1.034253314137458801e-01 -2.878959476947784424e-01
1.034519672393798828e-01 -2.881380915641784668e-01
1.034783869981765747e-01 -2.883805036544799805e-01
1.035045906901359558e-01 -2.886232137680053711e-01
1.035305783152580261e-01 -2.888661623001098633e-01
1.035563424229621887e-01 -2.891093790531158447e-01
1.035818979144096375e-01 -2.893528640270233154e-01
1.036072373390197754e-01 -2.895966172218322754e-01
1.036323532462120056e-01 -2.898406386375427246e-01
1.036572605371475220e-01 -2.900849282741546631e-01
1.036819517612457275e-01 -2.903294861316680908e-01
1.037064343690872192e-01 -2.905742824077606201e-01
1.037307009100914001e-01 -2.908193767070770264e-01
1.037547513842582703e-01 -2.910647094249725342e-01
1.037785932421684265e-01 -2.913102805614471436e-01
1.038022190332412720e-01 -2.915561497211456299e-01
1.038256362080574036e-01 -2.918022274971008301e-01
1.038488447666168213e-01 -2.920486032962799072e-01
1.038718372583389282e-01 -2.922952175140380859e-01
1.038946285843849182e-01 -2.925420701503753662e-01
1.039172038435935974e-01 -2.927891910076141357e-01
1.039395704865455627e-01 -2.930365800857543945e-01
1.039617359638214111e-01 -2.932841777801513672e-01
1.039836853742599487e-01 -2.935320436954498291e-01
1.040054336190223694e-01 -2.937801778316497803e-01
1.040269732475280762e-01 -2.940285205841064453e-01
1.040483042597770691e-01 -2.942771315574645996e-01
1.040694341063499451e-01 -2.945259809494018555e-01
1.040903627872467041e-01 -2.947750985622406006e-01
1.041110828518867493e-01 -2.950244247913360596e-01
1.041315943002700806e-01 -2.952739894390106201e-01
1.041519045829772949e-01 -2.955238223075866699e-01
1.041720137000083923e-01 -2.957738935947418213e-01
1.041919216513633728e-01 -2.960241734981536865e-01
1.042116284370422363e-01 -2.962747216224670410e-01
1.042311340570449829e-01 -2.965254783630371094e-01
1.042504310607910156e-01 -2.967764735221862793e-01
1.042695343494415283e-01 -2.970277070999145508e-01
1.042884364724159241e-01 -2.972791790962219238e-01
1.043071448802947998e-01 -2.975308895111083984e-01
1.043256446719169617e-01 -2.977828085422515869e-01
1.043439581990242004e-01 -2.980349957942962646e-01
1.043620631098747253e-01 -2.982873618602752686e-01
1.043799743056297302e-01 -2.985399961471557617e-01
1.043976917862892151e-01 -2.987928390502929688e-01
1.044152081012725830e-01 -2.990458905696868896e-01
1.044325307011604309e-01 -2.992991805076599121e-01
1.044496595859527588e-01 -2.995527088642120361e-01
1.044665947556495667e-01 -2.998064160346984863e-01
1.044833362102508545e-01 -3.000603914260864258e-01
1.044998839497566223e-01 -3.003145456314086914e-01
1.045162379741668701e-01 -3.005689382553100586e-01
1.045323982834815979e-01 -3.008235692977905273e-01
1.045483648777008057e-01 -3.010783791542053223e-01
1.045641452074050903e-01 -3.013334274291992188e-01
1.045797318220138550e-01 -3.015886843204498291e-01
1.045951247215270996e-01 -3.018441498279571533e-01
1.046103313565254211e-01 -3.020998239517211914e-01
1.046253442764282227e-01 -3.023557364940643311e-01
1.046401783823966980e-01 -3.026118278503417969e-01
1.046548187732696533e-01 -3.028681278228759766e-01
1.046692654490470886e-01 -3.031246364116668701e-01
1.046835333108901978e-01 -3.033813834190368652e-01
1.046976074576377869e-01 -3.036383092403411865e-01
1.047115027904510498e-01 -3.038954436779022217e-01
1.047252044081687927e-01 -3.041527569293975830e-01
1.047387272119522095e-01 -3.044103085994720459e-01
1.047520637512207031e-01 -3.046680390834808350e-01
1.047652140259742737e-01 -3.049259781837463379e-01
1.047781854867935181e-01 -3.051841259002685547e-01
1.047909706830978394e-01 -3.054424524307250977e-01
1.048035696148872375e-01 -3.057009875774383545e-01
1.048159897327423096e-01 -3.059597015380859375e-01
1.048282310366630554e-01 -3.062186241149902344e-01
1.048402860760688782e-01 -3.064777255058288574e-01
1.048521623015403748e-01 -3.067370355129241943e-01
1.048638597130775452e-01 -3.069965541362762451e-01
1.048753783106803894e-01 -3.072562217712402344e-01
1.048867180943489075e-01 -3.075160980224609375e-01
1.048978790640830994e-01 -3.077761828899383545e-01
1.049088612198829651e-01 -3.080364167690277100e-01
1.049196645617485046e-01 -3.082968592643737793e-01
1.049302890896797180e-01 -3.085574805736541748e-01
1.049407422542572021e-01 -3.088182806968688965e-01
1.049510166049003601e-01 -3.090792596340179443e-01
1.049611195921897888e-01 -3.093404471874237061e-01
1.049710437655448914e-01 -3.096017837524414062e-01
1.049807965755462646e-01 -3.098633289337158203e-01
1.049903705716133118e-01 -3.101250231266021729e-01
1.049997732043266296e-01 -3.103868961334228516e-01
1.050090044736862183e-01 -3.106489777565002441e-01
1.050180643796920776e-01 -3.109112083911895752e-01
1.050269529223442078e-01 -3.111736178398132324e-01
1.050356701016426086e-01 -3.114361763000488281e-01
1.050442159175872803e-01 -3.116989433765411377e-01
1.050525903701782227e-01 -3.119618594646453857e-01
1.050607934594154358e-01 -3.122249543666839600e-01
1.050688326358795166e-01 -3.124881982803344727e-01
1.050767004489898682e-01 -3.127516508102416992e-01
1.050843968987464905e-01 -3.130152225494384766e-01
1.050919294357299805e-01 -3.132790029048919678e-01
1.050992906093597412e-01 -3.135429024696350098e-01
1.051064953207969666e-01 -3.138070106506347656e-01
1.051135212182998657e-01 -3.140712380409240723e-01
1.051203906536102295e-01 -3.143356442451477051e-01
1.051270961761474609e-01 -3.146002292633056641e-01
1.051336303353309631e-01 -3.148649334907531738e-01
1.051400080323219299e-01 -3.151298165321350098e-01
1.051462143659591675e-01 -3.153948783874511719e-01
1.051522642374038696e-01 -3.156600594520568848e-01
1.051581501960754395e-01 -3.159254193305969238e-01
1.051638722419738770e-01 -3.161908984184265137e-01
1.051694303750991821e-01 -3.164565563201904297e-01
1.051748320460319519e-01 -3.167223632335662842e-01
1.051800698041915894e-01 -3.169883191585540771e-01
1.051851511001586914e-01 -3.172544240951538086e-01
1.051900759339332581e-01 -3.175206780433654785e-01
1.051948368549346924e-01 -3.177870810031890869e-01
1.051994413137435913e-01 -3.180536031723022461e-01
1.052038893103599548e-01 -3.183203041553497314e-01
1.052081808447837830e-01 -3.185871243476867676e-01
1.052123084664344788e-01 -3.188540935516357422e-01
1.052162870764732361e-01 -3.191212117671966553e-01
1.052201092243194580e-01 -3.193884789943695068e-01
1.052237749099731445e-01 -3.196558654308319092e-01
1.052272841334342957e-01 -3.199234008789062500e-01
1.052306443452835083e-01 -3.201910555362701416e-01
1.052338480949401855e-01 -3.204588592052459717e-01
1.052368953824043274e-01 -3.207268118858337402e-01
1.052397936582565308e-01 -3.209948837757110596e-01
1.052425429224967957e-01 -3.212630748748779297e-01
1.052451357245445251e-01 -3.215314149856567383e-01
1.052475795149803162e-01 -3.217998743057250977e-01
1.052498742938041687e-01 -3.220684528350830078e-01
1.052520200610160828e-01 -3.223371803760528564e-01
1.052540093660354614e-01 -3.226060271263122559e-01
1.052558571100234985e-01 -3.228750228881835938e-01
1.052575558423995972e-01 -3.231441080570220947e-01
1.052591055631637573e-01 -3.234133422374725342e-01
1.052605062723159790e-01 -3.236826658248901367e-01
1.052617579698562622e-01 -3.239521384239196777e-01
1.052628681063652039e-01 -3.242217302322387695e-01
1.052638292312622070e-01 -3.244914412498474121e-01
1.052646487951278687e-01 -3.247612714767456055e-01
1.052653193473815918e-01 -3.250312209129333496e-01
1.052658483386039734e-01 -3.253012597560882568e-01
1.052662357687950134e-01 -3.255714476108551025e-01
1.052664741873741150e-01 -3.258417248725891113e-01
1.052665784955024719e-01 -3.261121213436126709e-01
1.052665337920188904e-01 -3.263826370239257812e-01
1.052663475275039673e-01 -3.266532719135284424e-01
1.052660197019577026e-01 -3.269239962100982666e-01
1.052655577659606934e-01 -3.271948397159576416e-01
1.052649468183517456e-01 -3.274657726287841797e-01
1.052642017602920532e-01 -3.277368247509002686e-01
1.052633151412010193e-01 -3.280079960823059082e-01
1.052622944116592407e-01 -3.282792568206787109e-01
1.052611321210861206e-01 -3.285506069660186768e-01
1.052598357200622559e-01 -3.288220763206481934e-01
1.052583977580070496e-01 -3.290936648845672607e-01
1.052568256855010986e-01 -3.293653130531311035e-01
1.052551195025444031e-01 -3.296370804309844971e-01
1.052532717585563660e-01 -3.299089670181274414e-01
1.052512973546981812e-01 -3.301809132099151611e-01
1.052491813898086548e-01 -3.304529786109924316e-01
1.052469387650489807e-01 -3.307251334190368652e-01
1.052445545792579651e-01 -3.309973776340484619e-01
1.052420437335968018e-01 -3.312697112560272217e-01
1.052393987774848938e-01 -3.315421342849731445e-01
1.052366197109222412e-01 -3.318146467208862305e-01
1.052337139844894409e-01 -3.320872485637664795e-01
1.052306741476058960e-01 -3.323599398136138916e-01
1.052275076508522034e-01 -3.326327204704284668e-01
1.052242070436477661e-01 -3.329055905342102051e-01
1.052207797765731812e-01 -3.331785500049591064e-01
1.052172183990478516e-01 -3.334515988826751709e-01
1.052135378122329712e-01 -3.337247073650360107e-01
1.052097231149673462e-01 -3.339979052543640137e-01
1.052057892084121704e-01 -3.342711925506591797e-01
1.052017211914062500e-01 -3.345445394515991211e-01
1.051975265145301819e-01 -3.348179757595062256e-01
1.051932126283645630e-01 -3.350914716720581055e-01
1.051887646317481995e-01 -3.353650569915771484e-01
1.051841974258422852e-01 -3.356387317180633545e-01
1.051795110106468201e-01 -3.359124660491943359e-01
1.051746979355812073e-01 -3.361862897872924805e-01
1.051697582006454468e-01 -3.364601433277130127e-01
1.051646992564201355e-01 -3.367341160774230957e-01
1.051595136523246765e-01 -3.370081186294555664e-01
1.051542162895202637e-01 -3.372822105884552002e-01
1.051487922668457031e-01 -3.375563621520996094e-01
1.051432490348815918e-01 -3.378306031227111816e-01
1.051375791430473328e-01 -3.381048738956451416e-01
1.051317974925041199e-01 -3.383792340755462646e-01
1.051258966326713562e-01 -3.386536538600921631e-01
1.051198765635490417e-01 -3.389281034469604492e-01
1.051137372851371765e-01 -3.392026424407958984e-01
1.051074862480163574e-01 -3.394772410392761230e-01
1.051011085510253906e-01 -3.397518992424011230e-01
1.050946190953254700e-01 -3.400266170501708984e-01
1.050880178809165955e-01 -3.403013646602630615e-01
1.050812974572181702e-01 -3.405762016773223877e-01
1.050744652748107910e-01 -3.408510684967041016e-01
1.050675213336944580e-01 -3.411259949207305908e-01
1.050604581832885742e-01 -3.414009809494018555e-01
1.050532832741737366e-01 -3.416760265827178955e-01
1.050459966063499451e-01 -3.419511020183563232e-01
1.050385981798171997e-01 -3.422262370586395264e-01
1.050310879945755005e-01 -3.425014019012451172e-01
1.050234660506248474e-01 -3.427766263484954834e-01
1.050157323479652405e-01 -3.430518805980682373e-01
1.050078868865966797e-01 -3.433271944522857666e-01
1.049999371170997620e-01 -3.436025679111480713e-01
1.049918755888938904e-01 -3.438779711723327637e-01
1.049837097525596619e-01 -3.441534042358398438e-01
1.049754321575164795e-01 -3.444288671016693115e-01
1.049670502543449402e-01 -3.447043895721435547e-01
1.049585565924644470e-01 -3.449799418449401855e-01
1.049499586224555969e-01 -3.452555537223815918e-01
1.049412563443183899e-01 -3.455311655998229980e-01
1.049324497580528259e-01 -3.458068370819091797e-01
1.049235388636589050e-01 -3.460825383663177490e-01
1.049145162105560303e-01 -3.463582694530487061e-01
1.049053966999053955e-01 -3.466340303421020508e-01
1.048961728811264038e-01 -3.469098210334777832e-01
1.048868447542190552e-01 -3.471856415271759033e-01
1.048774197697639465e-01 -3.474614620208740234e-01
1.048678904771804810e-01 -3.477373421192169189e-01
1.048582568764686584e-01 -3.480132520198822021e-01
1.048485264182090759e-01 -3.482891619205474854e-01
1.048386916518211365e-01 -3.485651314258575439e-01
1.048287600278854370e-01 -3.488411009311676025e-01
1.048187240958213806e-01 -3.491170704364776611e-01
1.048085987567901611e-01 -3.493930995464324951e-01
1.047983691096305847e-01 -3.496691286563873291e-01
1.047880426049232483e-01 -3.499451577663421631e-01
1.047776192426681519e-01 -3.502212464809417725e-01
1.047671064734458923e-01 -3.504973351955413818e-01
1.047564893960952759e-01 -3.507734239101409912e-01
1.047457754611968994e-01 -3.510495424270629883e-01
1.047349721193313599e-01 -3.513256609439849854e-01
1.047240719199180603e-01 -3.516017794609069824e-01
1.047130823135375977e-01 -3.518779277801513672e-01
1.047019958496093750e-01 -3.521540760993957520e-01
1.046908125281333923e-01 -3.524302542209625244e-01
1.046795397996902466e-01 -3.527064323425292969e-01
1.046681776642799377e-01 -3.529826104640960693e-01
1.046567261219024658e-01 -3.532587885856628418e-01
1.046451777219772339e-01 -3.535349667072296143e-01
1.046335399150848389e-01 -3.538111448287963867e-01
1.046218201518058777e-01 -3.540873527526855469e-01
1.046100035309791565e-01 -3.543635308742523193e-01
1.045980975031852722e-01 -3.546397387981414795e-01
1.045861095190048218e-01 -3.549159169197082520e-01
1.045740321278572083e-01 -3.551920950412750244e-01
1.045618653297424316e-01 -3.554683029651641846e-01
1.045496091246604919e-01 -3.557444810867309570e-01
1.045372709631919861e-01 -3.560206294059753418e-01
1.045248433947563171e-01 -3.562968075275421143e-01
1.045123338699340820e-01 -3.565729558467864990e-01
1.044997423887252808e-01 -3.568491041660308838e-01
1.044870615005493164e-01 -3.571252524852752686e-01
1.044743061065673828e-01 -3.574013710021972656e-01
1.044614613056182861e-01 -3.576774895191192627e-01
1.044485345482826233e-01 -3.579536080360412598e-01
1.044355258345603943e-01 -3.582296967506408691e-01
1.044224351644515991e-01 -3.585057556629180908e-01
1.044092625379562378e-01 -3.587818145751953125e-01
1.043960079550743103e-01 -3.590578436851501465e-01
1.043826788663864136e-01 -3.593338727951049805e-01
1.043692678213119507e-01 -3.596098721027374268e-01
1.043557748198509216e-01 -3.598858416080474854e-01
1.043422073125839233e-01 -3.601618111133575439e-01
1.043285652995109558e-01 -3.604377508163452148e-01
1.043148413300514221e-01 -3.607136607170104980e-01
1.043010428547859192e-01 -3.609895408153533936e-01
1.042871624231338501e-01 -3.612653911113739014e-01
1.042732149362564087e-01 -3.615412116050720215e-01
1.042591854929924011e-01 -3.618170320987701416e-01
1.042450815439224243e-01 -3.620927929878234863e-01
1.042309105396270752e-01 -3.623685240745544434e-01
1.042166575789451599e-01 -3.626442253589630127e-01
1.042023375630378723e-01 -3.629199266433715820e-01
1.041879430413246155e-01 -3.631955683231353760e-01
1.041734740138053894e-01 -3.634711503982543945e-01
1.041589379310607910e-01 -3.637467324733734131e-01
1.041443273425102234e-01 -3.640222549438476562e-01
1.041296496987342834e-01 -3.642977476119995117e-01
1.041148975491523743e-01 -3.645732104778289795e-01
1.041000783443450928e-01 -3.648486137390136719e-01
1.040851920843124390e-01 -3.651239871978759766e-01
1.040702313184738159e-01 -3.653993308544158936e-01
1.040552109479904175e-01 -3.656746149063110352e-01
1.040401160717010498e-01 -3.659498393535614014e-01
1.040249541401863098e-01 -3.662250339984893799e-01
1.040097326040267944e-01 -3.665001988410949707e-01
1.039944365620613098e-01 -3.667753040790557861e-01
1.039790809154510498e-01 -3.670503497123718262e-01
1.039636582136154175e-01 -3.673253357410430908e-01
1.039481759071350098e-01 -3.676002919673919678e-01
1.039326265454292297e-01 -3.678751885890960693e-01
1.039170101284980774e-01 -3.681500256061553955e-01
1.039013341069221497e-01 -3.684248030185699463e-01
1.038855984807014465e-01 -3.686995506286621094e-01
1.038698032498359680e-01 -3.689742088317871094e-01
1.038539409637451172e-01 -3.692488372325897217e-01
1.038380190730094910e-01 -3.695234060287475586e-01
1.038220375776290894e-01 -3.697978854179382324e-01
1.038059964776039124e-01 -3.700723350048065186e-01
1.037898957729339600e-01 -3.703466951847076416e-01
1.037737354636192322e-01 -3.706210255622863770e-01
1.037575230002403259e-01 -3.708952665328979492e-01
1.037412434816360474e-01 -3.711694478988647461e-01
1.037249118089675903e-01 -3.714435398578643799e-01
1.037085279822349548e-01 -3.717176020145416260e-01
1.036920845508575439e-01 -3.719915747642517090e-01
1.036755815148353577e-01 -3.722654879093170166e-01
1.036590337753295898e-01 -3.725393116474151611e-01
1.036424189805984497e-01 -3.728130757808685303e-01
1.036257594823837280e-01 -3.730867803096771240e-01
1.036090403795242310e-01 -3.733603954315185547e-01
1.035922765731811523e-01 -3.736339211463928223e-01
1.035754531621932983e-01 -3.739073872566223145e-01
1.035585775971412659e-01 -3.741807639598846436e-01
1.035416573286056519e-01 -3.744540810585021973e-01
1.035246849060058594e-01 -3.747273087501525879e-01
1.035076603293418884e-01 -3.750004470348358154e-01
1.034905835986137390e-01 -3.752735257148742676e-01
1.034734547138214111e-01 -3.755465149879455566e-01
1.034562811255455017e-01 -3.758194148540496826e-01
1.034390628337860107e-01 -3.760922253131866455e-01
1.034217923879623413e-01 -3.763649463653564453e-01
1.034044772386550903e-01 -3.766375780105590820e-01
1.033871173858642578e-01 -3.769101202487945557e-01
1.033697053790092468e-01 -3.771826028823852539e-01
1.033522561192512512e-01 -3.774549663066864014e-01
1.033347547054290771e-01 -3.777272403240203857e-01
1.033172085881233215e-01 -3.779994249343872070e-01
1.032996252179145813e-01 -3.782715201377868652e-01
1.032819896936416626e-01 -3.785435259342193604e-01
1.032643169164657593e-01 -3.788154125213623047e-01
1.032465994358062744e-01 -3.790872097015380859e-01
1.032288372516632080e-01 -3.793589174747467041e-01
1.032110378146171570e-01 -3.796305358409881592e-01
1.031932011246681213e-01 -3.799020349979400635e-01
1.031753197312355042e-01 -3.801734447479248047e-01
1.031573936343193054e-01 -3.804447352886199951e-01
1.031394302845001221e-01 -3.807159364223480225e-01
1.031214371323585510e-01 -3.809870481491088867e-01
1.031033918261528015e-01 -3.812580108642578125e-01
1.030853167176246643e-01 -3.815289139747619629e-01
1.030672043561935425e-01 -3.817996680736541748e-01
1.030490547418594360e-01 -3.820703327655792236e-01
1.030308678746223450e-01 -3.823408782482147217e-01
1.030126512050628662e-01 -3.826113343238830566e-01
1.029943898320198059e-01 -3.828816711902618408e-01
1.029760986566543579e-01 -3.831518888473510742e-01
1.029577702283859253e-01 -3.834219872951507568e-01
1.029394119977951050e-01 -3.836919665336608887e-01
1.029210165143013000e-01 -3.839618265628814697e-01
1.029025912284851074e-01 -3.842315971851348877e-01
1.028841361403465271e-01 -3.845012187957763672e-01
1.028656437993049622e-01 -3.847707211971282959e-01
1.028471291065216064e-01 -3.850401043891906738e-01
1.028285771608352661e-01 -3.853093981742858887e-01
1.028099954128265381e-01 -3.855785429477691650e-01
1.027913838624954224e-01 -3.858475387096405029e-01
1.027727425098419189e-01 -3.861164450645446777e-01
1.027540788054466248e-01 -3.863852024078369141e-01
1.027353778481483459e-01 -3.866538703441619873e-01
1.027166545391082764e-01 -3.869223594665527344e-01
1.026979088783264160e-01 -3.871907591819763184e-01
1.026791334152221680e-01 -3.874590098857879639e-01
1.026603281497955322e-01 -3.877271115779876709e-01
1.026415005326271057e-01 -3.879951238632202148e-01
1.026226505637168884e-01 -3.882629573345184326e-01
1.026037707924842834e-01 -3.885306715965270996e-01
1.025848686695098877e-01 -3.887982666492462158e-01
1.025659441947937012e-01 -3.890657126903533936e-01
1.025469973683357239e-01 -3.893330097198486328e-01
1.025280281901359558e-01 -3.896001875400543213e-01
1.025090366601943970e-01 -3.898672163486480713e-01
1.024900302290916443e-01 -3.901340961456298828e-01
1.024709939956665039e-01 -3.904008269309997559e-01
1.024519428610801697e-01 -3.906674385070800781e-01
1.024328693747520447e-01 -3.909338712692260742e-01
1.024137809872627258e-01 -3.912001848220825195e-01
1.023946702480316162e-01 -3.914663493633270264e-01
1.023755371570587158e-01 -3.917323350906372070e-01
1.023563966155052185e-01 -3.919982016086578369e-01
1.023372337222099304e-01 -3.922639191150665283e-01
1.023180484771728516e-01 -3.925294876098632812e-01
1.022988557815551758e-01 -3.927948772907257080e-01
1.022796481847763062e-01 -3.930601477622985840e-01
1.022604182362556458e-01 -3.933252394199371338e-01
1.022411808371543884e-01 -3.935901820659637451e-01
1.022219210863113403e-01 -3.938549458980560303e-01
1.022026538848876953e-01 -3.941195905208587646e-01
1.021833792328834534e-01 -3.943840563297271729e-01
1.021640822291374207e-01 -3.946483433246612549e-01
1.021447777748107910e-01 -3.949125111103057861e-01
1.021254584193229675e-01 -3.951764702796936035e-01
1.021061316132545471e-01 -3.954403102397918701e-01
1.020867973566055298e-01 -3.957039713859558105e-01
1.020674481987953186e-01 -3.959674537181854248e-01
1.020480915904045105e-01 -3.962307572364807129e-01
1.020287275314331055e-01 -3.964939117431640625e-01
1.020093560218811035e-01 -3.967569172382354736e-01
1.019899770617485046e-01 -3.970197141170501709e-01
1.019705832004547119e-01 -3.972823619842529297e-01
1.019511893391609192e-01 -3.975448310375213623e-01
1.019317880272865295e-01 -3.978071510791778564e-01
1.019123867154121399e-01 -3.980692625045776367e-01
1.018929705023765564e-01 -3.983312249183654785e-01
1.018735542893409729e-01 -3.985929787158966064e-01
1.018541380763053894e-01 -3.988545835018157959e-01
1.018347069621086121e-01 -3.991159796714782715e-01
1.018152832984924316e-01 -3.993772268295288086e-01
1.017958521842956543e-01 -3.996382951736450195e-01
1.017764210700988770e-01 -3.998991549015045166e-01
1.017569899559020996e-01 -4.001598358154296875e-01
1.017375513911247253e-01 -4.004203379154205322e-01
1.017181202769279480e-01 -4.006806612014770508e-01
1.016986891627311707e-01 -4.009408056735992432e-01
1.016792505979537964e-01 -4.012007415294647217e-01
1.016598194837570190e-01 -4.014604985713958740e-01
1.016403883695602417e-01 -4.017200767993927002e-01
1.016209572553634644e-01 -4.019794464111328125e-01
1.016015335917472839e-01 -4.022386372089385986e-01
1.015821099281311035e-01 -4.024976491928100586e-01
1.015626937150955200e-01 -4.027564227581024170e-01
1.015432775020599365e-01 -4.030150473117828369e-01
1.015238612890243530e-01 -4.032734334468841553e-01
1.015044599771499634e-01 -4.035316407680511475e-01
1.014850586652755737e-01 -4.037896692752838135e-01
1.014656648039817810e-01 -4.040474891662597656e-01
1.014462783932685852e-01 -4.043051004409790039e-01
1.014268994331359863e-01 -4.045625030994415283e-01
1.014075279235839844e-01 -4.048196971416473389e-01
1.013881713151931763e-01 -4.050767123699188232e-01
1.013688147068023682e-01 -4.053335189819335938e-01
1.013494729995727539e-01 -4.055901169776916504e-01
1.013301387429237366e-01 -4.058465063571929932e-01
1.013108119368553162e-01 -4.061026573181152344e-01
1.012915000319480896e-01 -4.063586294651031494e-01
1.012721955776214600e-01 -4.066143929958343506e-01
1.012529060244560242e-01 -4.068699479103088379e-01
1.012336313724517822e-01 -4.071252644062042236e-01
1.012143641710281372e-01 -4.073804020881652832e-01
1.011951193213462830e-01 -4.076353013515472412e-01
1.011758819222450256e-01 -4.078899919986724854e-01
1.011566594243049622e-01 -4.081444740295410156e-01
1.011374518275260925e-01 -4.083987176418304443e-01
1.011182591319084167e-01 -4.086527526378631592e-01
1.010990887880325317e-01 -4.089065790176391602e-01
1.010799258947372437e-01 -4.091601669788360596e-01
1.010607853531837463e-01 -4.094135463237762451e-01
1.010416671633720398e-01 -4.096666872501373291e-01
1.010225564241409302e-01 -4.099196195602416992e-01
1.010034754872322083e-01 -4.101723134517669678e-01
1.009844094514846802e-01 -4.104247987270355225e-01
1.009653583168983459e-01 -4.106770455837249756e-01
1.009463369846343994e-01 -4.109290540218353271e-01
1.009273305535316467e-01 -4.111808538436889648e-01
1.009083464741706848e-01 -4.114323854446411133e-01
1.008893772959709167e-01 -4.116837084293365479e-01
1.008704379200935364e-01 -4.119348227977752686e-01
1.008515208959579468e-01 -4.121856689453125000e-01
1.008326262235641479e-01 -4.124362766742706299e-01
1.008137613534927368e-01 -4.126866757869720459e-01
1.007949113845825195e-01 -4.129368066787719727e-01
1.007760912179946899e-01 -4.131867289543151855e-01
1.007573008537292480e-01 -4.134364128112792969e-01
1.007385328412055969e-01 -4.136858284473419189e-01
1.007197871804237366e-01 -4.139350056648254395e-01
1.007010713219642639e-01 -4.141839444637298584e-01
1.006823852658271790e-01 -4.144326448440551758e-01
1.006637215614318848e-01 -4.146811068058013916e-01
1.006450951099395752e-01 -4.149293303489685059e-01
1.006264910101890564e-01 -4.151772856712341309e-01
1.006079167127609253e-01 -4.154250025749206543e-01
1.005893796682357788e-01 -4.156724512577056885e-01
1.005708649754524231e-01 -4.159196615219116211e-01
1.005523875355720520e-01 -4.161666333675384521e-01
1.005339398980140686e-01 -4.164133369922637939e-01
1.005155220627784729e-01 -4.166597723960876465e-01
1.004971414804458618e-01 -4.169059693813323975e-01
1.004787907004356384e-01 -4.171519279479980469e-01
1.004604697227478027e-01 -4.173976182937622070e-01
1.004421934485435486e-01 -4.176430404186248779e-01
1.004239469766616821e-01 -4.178881943225860596e-01
1.004057303071022034e-01 -4.181331098079681396e-01
1.003875583410263062e-01 -4.183777570724487305e-01
1.003694161772727966e-01 -4.186221361160278320e-01
1.003513112664222717e-01 -4.188662767410278320e-01
1.003332510590553284e-01 -4.191101193428039551e-01
1.003152206540107727e-01 -4.193537235260009766e-01
1.002972349524497986e-01 -4.195970296859741211e-01
1.002792865037918091e-01 -4.198400974273681641e-01
1.002613753080368042e-01 -4.200828671455383301e-01
1.002435013651847839e-01 -4.203253984451293945e-01
1.002256721258163452e-01 -4.205676317214965820e-01
1.002078875899314880e-01 -4.208095967769622803e-01
1.001901403069496155e-01 -4.210512936115264893e-01
1.001724377274513245e-01 -4.212927222251892090e-01
1.001547724008560181e-01 -4.215338826179504395e-01
1.001371517777442932e-01 -4.217747449874877930e-01
1.001195758581161499e-01 -4.220153391361236572e-01
1.001020446419715881e-01 -4.222556650638580322e-01
1.000845581293106079e-01 -4.224956929683685303e-01
1.000671237707138062e-01 -4.227354526519775391e-01
1.000497266650199890e-01 -4.229749143123626709e-01
1.000323742628097534e-01 -4.232141077518463135e-01
1.000150740146636963e-01 -4.234530329704284668e-01
9.999781847000122070e-02 -4.236916303634643555e-01
9.998061507940292358e-02 -4.239299595355987549e-01
9.996345639228820801e-02 -4.241680204868316650e-01
9.994634240865707397e-02 -4.244057834148406982e-01
9.992928057909011841e-02 -4.246432483196258545e-01
9.991227090358734131e-02 -4.248804152011871338e-01
9.989531338214874268e-02 -4.251173138618469238e-01
9.987840056419372559e-02 -4.253538846969604492e-01
9.986154735088348389e-02 -4.255901873111724854e-01
9.984473884105682373e-02 -4.258261919021606445e-01
9.982798993587493896e-02 -4.260618984699249268e-01
9.981128573417663574e-02 -4.262973070144653320e-01
9.979464113712310791e-02 -4.265324175357818604e-01
9.977804869413375854e-02 -4.267672300338745117e-01
9.976150840520858765e-02 -4.270017445087432861e-01
9.974502772092819214e-02 -4.272359609603881836e-01
9.972859919071197510e-02 -4.274698495864868164e-01
9.971223026514053345e-02 -4.277034401893615723e-01
9.969591349363327026e-02 -4.279367625713348389e-01
9.967965632677078247e-02 -4.281697273254394531e-01
9.966345876455307007e-02 -4.284024238586425781e-01
9.964731335639953613e-02 -4.286347925662994385e-01
9.963122755289077759e-02 -4.288668632507324219e-01
9.961520880460739136e-02 -4.290986359119415283e-01
9.959924221038818359e-02 -4.293300807476043701e-01
9.958334267139434814e-02 -4.295611977577209473e-01
9.956749528646469116e-02 -4.297920167446136475e-01
9.955171495676040649e-02 -4.300225079059600830e-01
9.953599423170089722e-02 -4.302527010440826416e-01
9.952034056186676025e-02 -4.304825663566589355e-01
9.950474649667739868e-02 -4.307121336460113525e-01
9.948921203613281250e-02 -4.309413731098175049e-01
9.947374463081359863e-02 -4.311702847480773926e-01
9.945834428071975708e-02 -4.313988685607910156e-01
9.944300353527069092e-02 -4.316271245479583740e-01
9.942773729562759399e-02 -4.318550825119018555e-01
9.941253066062927246e-02 -4.320827126502990723e-01
9.939739108085632324e-02 -4.323099851608276367e-01
9.938231855630874634e-02 -4.325369596481323242e-01
9.936731308698654175e-02 -4.327636063098907471e-01
9.935237467288970947e-02 -4.329899251461029053e-01
9.933750331401824951e-02 -4.332159161567687988e-01
9.932270646095275879e-02 -4.334415495395660400e-01
9.930797666311264038e-02 -4.336668848991394043e-01
9.929331392049789429e-02 -4.338918626308441162e-01
9.927872568368911743e-02 -4.341165125370025635e-01
9.926421195268630981e-02 -4.343408346176147461e-01
9.924976527690887451e-02 -4.345647990703582764e-01
9.923539310693740845e-02 -4.347884356975555420e-01
9.922108799219131470e-02 -4.350117444992065430e-01
9.920686483383178711e-02 -4.352347254753112793e-01
9.919270873069763184e-02 -4.354573488235473633e-01
9.917862713336944580e-02 -4.356796145439147949e-01
9.916462004184722900e-02 -4.359015524387359619e-01
9.915069490671157837e-02 -4.361231625080108643e-01
9.913683682680130005e-02 -4.363443851470947266e-01
9.912306070327758789e-02 -4.365653097629547119e-01
9.910935908555984497e-02 -4.367858469486236572e-01
9.909573942422866821e-02 -4.370060563087463379e-01
9.908219426870346069e-02 -4.372259080410003662e-01
9.906872361898422241e-02 -4.374454319477081299e-01
9.905534237623214722e-02 -4.376645684242248535e-01
9.904202818870544434e-02 -4.378833770751953125e-01
9.902880340814590454e-02 -4.381018280982971191e-01
9.901565313339233398e-02 -4.383199214935302734e-01
9.900259226560592651e-02 -4.385376572608947754e-01
9.898960590362548828e-02 -4.387550354003906250e-01
9.897670149803161621e-02 -4.389720559120178223e-01
9.896387904882431030e-02 -4.391887187957763672e-01
9.895114600658416748e-02 -4.394050240516662598e-01
9.893848747014999390e-02 -4.396209716796875000e-01
9.892591834068298340e-02 -4.398365318775177002e-01
9.891343861818313599e-02 -4.400517344474792480e-01
9.890103340148925781e-02 -4.402666091918945312e-01
9.888872504234313965e-02 -4.404810667037963867e-01
9.887649118900299072e-02 -4.406951963901519775e-01
9.886435419321060181e-02 -4.409089386463165283e-01
9.885229915380477905e-02 -4.411223232746124268e-01
9.884033352136611938e-02 -4.413353204727172852e-01
9.882845729589462280e-02 -4.415479600429534912e-01
9.881667047739028931e-02 -4.417602419853210449e-01
9.880496561527252197e-02 -4.419721364974975586e-01
9.879335761070251465e-02 -4.421836435794830322e-01
9.878183901309967041e-02 -4.423947930335998535e-01
9.877040982246398926e-02 -4.426055550575256348e-01
9.875907748937606812e-02 -4.428159296512603760e-01
9.874782711267471313e-02 -4.430259466171264648e-01
9.873668104410171509e-02 -4.432355761528015137e-01
9.872561693191528320e-02 -4.434448182582855225e-01
9.871464967727661133e-02 -4.436536729335784912e-01
9.870377928018569946e-02 -4.438621401786804199e-01
9.869300574064254761e-02 -4.440702497959136963e-01
9.868232160806655884e-02 -4.442779719829559326e-01
9.867173433303833008e-02 -4.444852769374847412e-01
9.866124391555786133e-02 -4.446922242641448975e-01
9.865085035562515259e-02 -4.448987543582916260e-01
9.864055365324020386e-02 -4.451049268245697021e-01
9.863035380840301514e-02 -4.453106820583343506e-01
9.862025082111358643e-02 -4.455160796642303467e-01
9.861025214195251465e-02 -4.457210600376129150e-01
9.860035032033920288e-02 -4.459256231784820557e-01
9.859054535627365112e-02 -4.461298286914825439e-01
9.858084470033645630e-02 -4.463336169719696045e-01
9.857124090194702148e-02 -4.465370178222656250e-01
9.856174141168594360e-02 -4.467400312423706055e-01
9.855233877897262573e-02 -4.469426274299621582e-01
9.854304045438766479e-02 -4.471448361873626709e-01
9.853384643793106079e-02 -4.473466277122497559e-01
9.852475672960281372e-02 -4.475480318069458008e-01
9.851577132940292358e-02 -4.477490186691284180e-01
9.850689023733139038e-02 -4.479495882987976074e-01
9.849811345338821411e-02 -4.481497704982757568e-01
9.848944097757339478e-02 -4.483495354652404785e-01
9.848087280988693237e-02 -4.485489130020141602e-01
9.847241640090942383e-02 -4.487478733062744141e-01
9.846406430006027222e-02 -4.489464163780212402e-01
9.845581650733947754e-02 -4.491445422172546387e-01
9.844768047332763672e-02 -4.493422806262969971e-01
9.843964874744415283e-02 -4.495395720005035400e-01
9.843172878026962280e-02 -4.497364759445190430e-01
9.842392057180404663e-02 -4.499329328536987305e-01
9.841622412204742432e-02 -4.501290023326873779e-01
9.840863198041915894e-02 -4.503246545791625977e-01
9.840115159749984741e-02 -4.505198597908020020e-01
9.839379042387008667e-02 -4.507146775722503662e-01
9.838653355836868286e-02 -4.509090483188629150e-01
9.837938845157623291e-02 -4.511030018329620361e-01
9.837236255407333374e-02 -4.512965381145477295e-01
9.836544841527938843e-02 -4.514896571636199951e-01
9.835864603519439697e-02 -4.516823291778564453e-01
9.835196286439895630e-02 -4.518745839595794678e-01
9.834539145231246948e-02 -4.520664215087890625e-01
9.833893924951553345e-02 -4.522578120231628418e-01
9.833259880542755127e-02 -4.524487853050231934e-01
9.832637757062911987e-02 -4.526393115520477295e-01
9.832027554512023926e-02 -4.528294205665588379e-01
9.831429272890090942e-02 -4.530191123485565186e-01
9.830842167139053345e-02 -4.532083272933959961e-01
9.830267727375030518e-02 -4.533971548080444336e-01
9.829704463481903076e-02 -4.535855054855346680e-01
9.829153865575790405e-02 -4.537734389305114746e-01
9.828614443540573120e-02 -4.539609253406524658e-01
9.828087687492370605e-02 -4.541479647159576416e-01
9.827573597431182861e-02 -4.543345868587493896e-01
9.827070683240890503e-02 -4.545207619667053223e-01
9.826581180095672607e-02 -4.547064900398254395e-01
9.826102852821350098e-02 -4.548917710781097412e-01
9.825637936592102051e-02 -4.550766050815582275e-01
9.825184196233749390e-02 -4.552609920501708984e-01
9.824743866920471191e-02 -4.554449319839477539e-01
9.824316203594207764e-02 -4.556284248828887939e-01
9.823900461196899414e-02 -4.558114409446716309e-01
9.823497384786605835e-02 -4.559940397739410400e-01
9.823106974363327026e-02 -4.561761915683746338e-01
9.822729974985122681e-02 -4.563578665256500244e-01
9.822364896535873413e-02 -4.565390944480895996e-01
9.822013229131698608e-02 -4.567198753356933594e-01
9.821674227714538574e-02 -4.569002091884613037e-01
9.821347892284393311e-02 -4.570800662040710449e-01
9.821034967899322510e-02 -4.572594761848449707e-01
9.820734709501266479e-02 -4.574384093284606934e-01
9.820447862148284912e-02 -4.576168954372406006e-01
9.820173680782318115e-02 -4.577949345111846924e-01
9.819913655519485474e-02 -4.579724967479705811e-01
9.819666296243667603e-02 -4.581495821475982666e-01
9.819431602954864502e-02 -4.583262205123901367e-01
9.819211065769195557e-02 -4.585023820400238037e-01
9.819003939628601074e-02 -4.586780965328216553e-01
9.818809479475021362e-02 -4.588533341884613037e-01
9.818629175424575806e-02 -4.590280950069427490e-01
9.818462282419204712e-02 -4.592023789882659912e-01
9.818309545516967773e-02 -4.593762159347534180e-01
9.818169474601745605e-02 -4.595495462417602539e-01
9.818043559789657593e-02 -4.597224295139312744e-01
9.817931801080703735e-02 -4.598948359489440918e-01
9.817833453416824341e-02 -4.600667357444763184e-01
9.817749261856079102e-02 -4.602381885051727295e-01
9.817678481340408325e-02 -4.604091644287109375e-01
9.817621856927871704e-02 -4.605796635150909424e-01
9.817579388618469238e-02 -4.607496559619903564e-01
9.817551076412200928e-02 -4.609192013740539551e-01
9.817536920309066772e-02 -4.610882401466369629e-01
9.817536175251007080e-02 -4.612568020820617676e-01
9.817550331354141235e-02 -4.614248871803283691e-01
9.817578643560409546e-02 -4.615924656391143799e-01
9.817621856927871704e-02 -4.617595970630645752e-01
9.817678481340408325e-02 -4.619261920452117920e-01
9.817750006914138794e-02 -4.620923399925231934e-01
9.817836433649063110e-02 -4.622579813003540039e-01
9.817936271429061890e-02 -4.624231159687042236e-01
9.818051755428314209e-02 -4.625877737998962402e-01
9.818181395530700684e-02 -4.627519547939300537e-01
9.818325936794281006e-02 -4.629156291484832764e-01
9.818485379219055176e-02 -4.630787968635559082e-01
9.818658977746963501e-02 -4.632414579391479492e-01
9.818848222494125366e-02 -4.634036421775817871e-01
9.819051623344421387e-02 -4.635653197765350342e-01
9.819270670413970947e-02 -4.637265205383300781e-01
9.819504618644714355e-02 -4.638871848583221436e-01
9.819753468036651611e-02 -4.640473723411560059e-01
9.820017218589782715e-02 -4.642070531845092773e-01
9.820295870304107666e-02 -4.643662273883819580e-01
9.820590168237686157e-02 -4.645248949527740479e-01
9.820900112390518188e-02 -4.646830558776855469e-01
9.821224957704544067e-02 -4.648407101631164551e-01
9.821564704179763794e-02 -4.649978578090667725e-01
9.821920841932296753e-02 -4.651544988155364990e-01
9.822291880846023560e-02 -4.653106033802032471e-01
9.822678565979003906e-02 -4.654662311077117920e-01
9.823080897331237793e-02 -4.656213223934173584e-01
9.823498874902725220e-02 -4.657759070396423340e-01
9.823932498693466187e-02 -4.659299850463867188e-01
9.824381768703460693e-02 -4.660835564136505127e-01
9.824846684932708740e-02 -4.662365913391113281e-01
9.825327247381210327e-02 -4.663891196250915527e-01
9.825824201107025146e-02 -4.665411114692687988e-01
9.826336801052093506e-02 -4.666925966739654541e-01
9.826865792274475098e-02 -4.668435454368591309e-01
9.827410429716110229e-02 -4.669939875602722168e-01
9.827971458435058594e-02 -4.671438932418823242e-01
9.828548133373260498e-02 -4.672932922840118408e-01
9.829141944646835327e-02 -4.674421548843383789e-01
9.829751402139663696e-02 -4.675904810428619385e-01
9.830377250909805298e-02 -4.677383005619049072e-01
9.831018745899200439e-02 -4.678855836391448975e-01
9.831677377223968506e-02 -4.680323302745819092e-01
9.832352399826049805e-02 -4.681785404682159424e-01
9.833043813705444336e-02 -4.683242142200469971e-01
9.833752363920211792e-02 -4.684693813323974609e-01
9.834477305412292480e-02 -4.686139822006225586e-01
9.835218638181686401e-02 -4.687580764293670654e-01
9.835976362228393555e-02 -4.689016342163085938e-01
9.836751222610473633e-02 -4.690446257591247559e-01
9.837543219327926636e-02 -4.691871106624603271e-01
9.838351607322692871e-02 -4.693290293216705322e-01
9.839177131652832031e-02 -4.694704115390777588e-01
9.840019792318344116e-02 -4.696112573146820068e-01
9.840878844261169434e-02 -4.697515666484832764e-01
9.841755777597427368e-02 -4.698913097381591797e-01
9.842649102210998535e-02 -4.700305461883544922e-01
9.843560308218002319e-02 -4.701691865921020508e-01
9.844488650560379028e-02 -4.703073203563690186e-01
9.845434129238128662e-02 -4.704448878765106201e-01
9.846396744251251221e-02 -4.705819189548492432e-01
9.847377240657806396e-02 -4.707183837890625000e-01
9.848374873399734497e-02 -4.708542823791503906e-01
9.849389642477035522e-02 -4.709896445274353027e-01
9.850422292947769165e-02 -4.711244702339172363e-01
9.851472824811935425e-02 -4.712587296962738037e-01
9.852540493011474609e-02 -4.713924229145050049e-01
9.853626042604446411e-02 -4.715255498886108398e-01
9.854729473590850830e-02 -4.716581404209136963e-01
9.855850785970687866e-02 -4.717901647090911865e-01
9.856989979743957520e-02 -4.719216227531433105e-01
9.858147054910659790e-02 -4.720525443553924561e-01
9.859322011470794678e-02 -4.721828699111938477e-01
9.860514849424362183e-02 -4.723126590251922607e-01
9.861725568771362305e-02 -4.724418520927429199e-01
9.862954914569854736e-02 -4.725705087184906006e-01
9.864202141761779785e-02 -4.726985692977905273e-01
9.865467995405197144e-02 -4.728260934352874756e-01
9.866751730442047119e-02 -4.729530215263366699e-01
9.868054091930389404e-02 -4.730793833732604980e-01
9.869374334812164307e-02 -4.732051789760589600e-01
9.870713204145431519e-02 -4.733304083347320557e-01
9.872070699930191040e-02 -4.734550714492797852e-01
9.873446822166442871e-02 -4.735791385173797607e-01
9.874841570854187012e-02 -4.737026393413543701e-01
9.876254945993423462e-02 -4.738255739212036133e-01
9.877686947584152222e-02 -4.739479124546051025e-01
9.879137575626373291e-02 -4.740696847438812256e-01
9.880606830120086670e-02 -4.741908609867095947e-01
9.882095456123352051e-02 -4.743114709854125977e-01
9.883602708578109741e-02 -4.744314849376678467e-01
9.885128587484359741e-02 -4.745509326457977295e-01
9.886673837900161743e-02 -4.746697843074798584e-01
9.888237714767456055e-02 -4.747880399227142334e-01
9.889820963144302368e-02 -4.749057292938232422e-01
9.891423583030700684e-02 -4.750228226184844971e-01
9.893045574426651001e-02 -4.751393198966979980e-01
9.894686192274093628e-02 -4.752552509307861328e-01
9.896346926689147949e-02 -4.753705561161041260e-01
9.898026287555694580e-02 -4.754852950572967529e-01
9.899725764989852905e-02 -4.755994379520416260e-01
9.901443868875503540e-02 -4.757129848003387451e-01
9.903182089328765869e-02 -4.758259356021881104e-01
9.904939681291580200e-02 -4.759382605552673340e-01
9.906717389822006226e-02 -4.760500192642211914e-01
9.908513724803924561e-02 -4.761611819267272949e-01
9.910330921411514282e-02 -4.762717485427856445e-01
9.912167489528656006e-02 -4.763816893100738525e-01
9.914023429155349731e-02 -4.764910638332366943e-01
9.915899485349655151e-02 -4.765998125076293945e-01
9.917795658111572266e-02 -4.767079353332519531e-01
9.919711947441101074e-02 -4.768154919147491455e-01
9.921648353338241577e-02 -4.769224226474761963e-01
9.923604130744934082e-02 -4.770287573337554932e-01
9.925580769777297974e-02 -4.771344661712646484e-01
9.927577525377273560e-02 -4.772395789623260498e-01
9.929594397544860840e-02 -4.773440659046173096e-01
9.931631386280059814e-02 -4.774479568004608154e-01
9.933688491582870483e-02 -4.775512218475341797e-01
9.935766458511352539e-02 -4.776538908481597900e-01
9.937865287065505981e-02 -4.777559340000152588e-01
9.939983487129211426e-02 -4.778573513031005859e-01
9.942123293876647949e-02 -4.779581725597381592e-01
9.944283217191696167e-02 -4.780583679676055908e-01
9.946464002132415771e-02 -4.781579375267028809e-01
9.948665648698806763e-02 -4.782568812370300293e-01
9.950887411832809448e-02 -4.783552289009094238e-01
9.953130781650543213e-02 -4.784529209136962891e-01
9.955394268035888672e-02 -4.785500168800354004e-01
9.957679361104965210e-02 -4.786464869976043701e-01
9.959985315799713135e-02 -4.787423014640808105e-01
9.962312132120132446e-02 -4.788375198841094971e-01
9.964659810066223145e-02 -4.789321124553680420e-01
9.967029094696044922e-02 -4.790260493755340576e-01
9.969419240951538086e-02 -4.791193604469299316e-01
9.971830248832702637e-02 -4.792120754718780518e-01
9.974263608455657959e-02 -4.793041050434112549e-01
9.976717084646224976e-02 -4.793955385684967041e-01
9.979192912578582764e-02 -4.794863164424896240e-01
9.981689602136611938e-02 -4.795764684677124023e-01
9.984207898378372192e-02 -4.796659946441650391e-01
9.986747801303863525e-02 -4.797548651695251465e-01
9.989309310913085938e-02 -4.798431098461151123e-01
9.991893172264099121e-02 -4.799306988716125488e-01
9.994497895240783691e-02 -4.800176620483398438e-01
9.997124224901199341e-02 -4.801039993762969971e-01
9.999772906303405762e-02 -4.801896512508392334e-01
1.000244319438934326e-01 -4.802746772766113281e-01
1.000513508915901184e-01 -4.803590774536132812e-01
1.000784933567047119e-01 -4.804427921772003174e-01
1.001058593392372131e-01 -4.805258810520172119e-01
1.001334413886070251e-01 -4.806083440780639648e-01
1.001612469553947449e-01 -4.806901216506958008e-01
1.001892685890197754e-01 -4.807712733745574951e-01
1.002175211906433105e-01 -4.808517396450042725e-01
1.002459898591041565e-01 -4.809315800666809082e-01
1.002746820449829102e-01 -4.810107648372650146e-01
1.003035977482795715e-01 -4.810892939567565918e-01
1.003327444195747375e-01 -4.811671376228332520e-01
1.003621071577072144e-01 -4.812443554401397705e-01
1.003917008638381958e-01 -4.813209176063537598e-01
1.004215180873870850e-01 -4.813967943191528320e-01
1.004515662789344788e-01 -4.814720451831817627e-01
1.004818379878997803e-01 -4.815466105937957764e-01
1.005123332142829895e-01 -4.816205203533172607e-01
1.005430594086647034e-01 -4.816937446594238281e-01
1.005740165710449219e-01 -4.817663431167602539e-01
1.006051972508430481e-01 -4.818382561206817627e-01
1.006366163492202759e-01 -4.819094836711883545e-01
1.006682589650154114e-01 -4.819800555706024170e-01
1.007001325488090515e-01 -4.820499718189239502e-01
1.007322371006011963e-01 -4.821192026138305664e-01
1.007645726203918457e-01 -4.821877777576446533e-01
1.007971391081809998e-01 -4.822556674480438232e-01
1.008299440145492554e-01 -4.823228716850280762e-01
1.008629798889160156e-01 -4.823894202709197998e-01
1.008962467312812805e-01 -4.824552834033966064e-01
1.009297445416450500e-01 -4.825204908847808838e-01
1.009634807705879211e-01 -4.825849831104278564e-01
1.009974554181098938e-01 -4.826488196849822998e-01
1.010316610336303711e-01 -4.827119708061218262e-01
1.010661050677299500e-01 -4.827744364738464355e-01
1.011007875204086304e-01 -4.828362464904785156e-01
1.011357083916664124e-01 -4.828973412513732910e-01
1.011708602309226990e-01 -4.829577505588531494e-01
1.012062579393386841e-01 -4.830175042152404785e-01
1.012418866157531738e-01 -4.830765426158905029e-01
1.012777611613273621e-01 -4.831348955631256104e-01
1.013138741254806519e-01 -4.831925630569458008e-01
1.013502255082130432e-01 -4.832495450973510742e-01
1.013868227601051331e-01 -4.833058416843414307e-01
1.014236509799957275e-01 -4.833614528179168701e-01
1.014607325196266174e-01 -4.834163486957550049e-01
1.014980524778366089e-01 -4.834705591201782227e-01
1.015356108546257019e-01 -4.835240840911865234e-01
1.015734151005744934e-01 -4.835768938064575195e-01
1.016114652156829834e-01 -4.836290180683135986e-01
1.016497611999511719e-01 -4.836804270744323730e-01
1.016883030533790588e-01 -4.837311506271362305e-01
1.017270907759666443e-01 -4.837811589241027832e-01
1.017661169171333313e-01 -4.838304817676544189e-01
1.018053963780403137e-01 -4.838791191577911377e-01
1.018449217081069946e-01 -4.839270114898681641e-01
1.018846929073333740e-01 -4.839742183685302734e-01
1.019247174263000488e-01 -4.840207099914550781e-01
1.019649803638458252e-01 -4.840665161609649658e-01
1.020055040717124939e-01 -4.841116070747375488e-01
1.020462736487388611e-01 -4.841559827327728271e-01
1.020872890949249268e-01 -4.841996431350708008e-01
1.021285578608512878e-01 -4.842425882816314697e-01
1.021700799465179443e-01 -4.842848181724548340e-01
1.022118479013442993e-01 -4.843263328075408936e-01
1.022538766264915466e-01 -4.843671619892120361e-01
1.022961512207984924e-01 -4.844072461128234863e-01
1.023386865854263306e-01 -4.844466149806976318e-01
1.023814678192138672e-01 -4.844852685928344727e-01
1.024245098233222961e-01 -4.845232069492340088e-01
1.024678051471710205e-01 -4.845604300498962402e-01
1.025113537907600403e-01 -4.845969378948211670e-01
1.025551557540893555e-01 -4.846327006816864014e-01
1.025992184877395630e-01 -4.846677482128143311e-01
1.026435345411300659e-01 -4.847020804882049561e-01
1.026881113648414612e-01 -4.847356677055358887e-01
1.027329415082931519e-01 -4.847685694694519043e-01
1.027780249714851379e-01 -4.848007261753082275e-01
1.028233617544174194e-01 -4.848321974277496338e-01
1.028689518570899963e-01 -4.848629236221313477e-01
1.029147952795028687e-01 -4.848929643630981445e-01
1.029608994722366333e-01 -4.849222600460052490e-01
1.030072495341300964e-01 -4.849508702754974365e-01
1.030538529157638550e-01 -4.849787652492523193e-01
1.031007096171379089e-01 -4.850059449672698975e-01
1.031478121876716614e-01 -4.850324392318725586e-01
1.031951755285263062e-01 -4.850582182407379150e-01
1.032427847385406494e-01 -4.850832819938659668e-01
1.032906398177146912e-01 -4.851076602935791016e-01
1.033387556672096252e-01 -4.851313531398773193e-01
1.033871099352836609e-01 -4.851543307304382324e-01
1.034357175230979919e-01 -4.851765930652618408e-01
1.034845784306526184e-01 -4.851981997489929199e-01
1.035336777567863464e-01 -4.852190911769866943e-01
1.035830304026603699e-01 -4.852392971515655518e-01
1.036326363682746887e-01 -4.852588176727294922e-01
1.036824807524681091e-01 -4.852776229381561279e-01
1.037325710058212280e-01 -4.852957725524902344e-01
1.037829145789146423e-01 -4.853132069110870361e-01
1.038334965705871582e-01 -4.853299856185913086e-01
1.038843318819999695e-01 -4.853460788726806641e-01
1.039354056119918823e-01 -4.853614866733551025e-01
1.039867252111434937e-01 -4.853762090206146240e-01
1.040382906794548035e-01 -4.853902459144592285e-01
1.040901020169258118e-01 -4.854036271572113037e-01
1.041421517729759216e-01 -4.854163229465484619e-01
1.041944473981857300e-01 -4.854283332824707031e-01
1.042469814419746399e-01 -4.854396879673004150e-01
1.042997613549232483e-01 -4.854503870010375977e-01
1.043527796864509583e-01 -4.854604005813598633e-01
1.044060438871383667e-01 -4.854697287082672119e-01
1.044595465064048767e-01 -4.854784011840820312e-01
1.045132875442504883e-01 -4.854864180088043213e-01
1.045672744512557983e-01 -4.854937791824340820e-01
1.046214997768402100e-01 -4.855004847049713135e-01
1.046759560704231262e-01 -4.855065047740936279e-01
1.047306582331657410e-01 -4.855118989944458008e-01
1.047855988144874573e-01 -4.855166077613830566e-01
1.048407778143882751e-01 -4.855206608772277832e-01
1.048961877822875977e-01 -4.855240881443023682e-01
1.049518436193466187e-01 -4.855268299579620361e-01
1.050077304244041443e-01 -4.855289459228515625e-01
1.050638556480407715e-01 -4.855304062366485596e-01
1.051202118396759033e-01 -4.855312407016754150e-01
1.051768139004707336e-01 -4.855313897132873535e-01
1.052336394786834717e-01 -4.855309128761291504e-01
1.052907109260559082e-01 -4.855298101902008057e-01
1.053480058908462524e-01 -4.855280518531799316e-01
1.054055392742156982e-01 -4.855256378650665283e-01
1.054633110761642456e-01 -4.855225980281829834e-01
1.055213063955307007e-01 -4.855189323425292969e-01
1.055795401334762573e-01 -4.855146110057830811e-01
1.056380048394203186e-01 -4.855096936225891113e-01
1.056967005133628845e-01 -4.855041205883026123e-01
1.057556346058845520e-01 -4.854978919029235840e-01
1.058147922158241272e-01 -4.854910671710968018e-01
1.058741807937622070e-01 -4.854836165904998779e-01
1.059338003396987915e-01 -4.854755103588104248e-01
1.059936508536338806e-01 -4.854668080806732178e-01
1.060537248849868774e-01 -4.854574799537658691e-01
1.061140373349189758e-01 -4.854475259780883789e-01
1.061745733022689819e-01 -4.854369461536407471e-01
1.062353327870368958e-01 -4.854257702827453613e-01
1.062963306903839111e-01 -4.854139685630798340e-01
1.063575446605682373e-01 -4.854015409946441650e-01
1.064189895987510681e-01 -4.853884875774383545e-01
1.064806655049324036e-01 -4.853748679161071777e-01
1.065425649285316467e-01 -4.853605926036834717e-01
1.066046878695487976e-01 -4.853457212448120117e-01
1.066670343279838562e-01 -4.853302538394927979e-01
1.067296117544174194e-01 -4.853141605854034424e-01
1.067924052476882935e-01 -4.852975010871887207e-01
1.068554297089576721e-01 -4.852802157402038574e-01
1.069186776876449585e-01 -4.852623045444488525e-01
1.069821417331695557e-01 -4.852438271045684814e-01
1.070458367466926575e-01 -4.852247536182403564e-01
1.071097478270530701e-01 -4.852050542831420898e-01
1.071738824248313904e-01 -4.851847887039184570e-01
1.072382405400276184e-01 -4.851639270782470703e-01
1.073028221726417542e-01 -4.851424396038055420e-01
1.073676198720932007e-01 -4.851203858852386475e-01
1.074326410889625549e-01 -4.850977659225463867e-01
1.074978783726692200e-01 -4.850745201110839844e-01
1.075633317232131958e-01 -4.850507080554962158e-01
1.076290160417556763e-01 -4.850263297557830811e-01
1.076949089765548706e-01 -4.850013256072998047e-01
1.077610254287719727e-01 -4.849757850170135498e-01
1.078273504972457886e-01 -4.849496185779571533e-01
1.078939065337181091e-01 -4.849229156970977783e-01
1.079606711864471436e-01 -4.848956167697906494e-01
1.080276519060134888e-01 -4.848677515983581543e-01
1.080948486924171448e-01 -4.848392903804779053e-01
1.081622689962387085e-01 -4.848102629184722900e-01
1.082298979163169861e-01 -4.847806990146636963e-01
1.082977429032325745e-01 -4.847505390644073486e-01
1.083657965064048767e-01 -4.847198128700256348e-01
1.084340736269950867e-01 -4.846885204315185547e-01
1.085025593638420105e-01 -4.846566617488861084e-01
1.085712611675262451e-01 -4.846242368221282959e-01
1.086401715874671936e-01 -4.845912456512451172e-01
1.087092980742454529e-01 -4.845577180385589600e-01
1.087786331772804260e-01 -4.845236241817474365e-01
1.088481843471527100e-01 -4.844889640808105469e-01
1.089179441332817078e-01 -4.844537675380706787e-01
1.089879125356674194e-01 -4.844180047512054443e-01
1.090580970048904419e-01 -4.843816757202148438e-01
1.091284900903701782e-01 -4.843448102474212646e-01
1.091990843415260315e-01 -4.843074083328247070e-01
1.092698946595191956e-01 -4.842694401741027832e-01
1.093409135937690735e-01 -4.842309355735778809e-01
1.094121411442756653e-01 -4.841918945312500000e-01
1.094835773110389709e-01 -4.841522872447967529e-01
1.095552220940589905e-01 -4.841121435165405273e-01
1.096270680427551270e-01 -4.840714633464813232e-01
1.096991226077079773e-01 -4.840302765369415283e-01
1.097713857889175415e-01 -4.839885234832763672e-01
1.098438501358032227e-01 -4.839462339878082275e-01
1.099165305495262146e-01 -4.839034080505371094e-01
1.099894046783447266e-01 -4.838600456714630127e-01
1.100624874234199524e-01 -4.838161766529083252e-01
1.101357787847518921e-01 -4.837717711925506592e-01
1.102092638611793518e-01 -4.837268292903900146e-01
1.102829575538635254e-01 -4.836813509464263916e-01
1.103568598628044128e-01 -4.836353659629821777e-01
1.104309558868408203e-01 -4.835888445377349854e-01
1.105052605271339417e-01 -4.835418164730072021e-01
1.105797588825225830e-01 -4.834942519664764404e-01
1.106544658541679382e-01 -4.834461808204650879e-01
1.107293739914894104e-01 -4.833976030349731445e-01
1.108044758439064026e-01 -4.833484888076782227e-01
1.108797863125801086e-01 -4.832988977432250977e-01
1.109552904963493347e-01 -4.832487404346466064e-01
1.110309958457946777e-01 -4.831981062889099121e-01
1.111069023609161377e-01 -4.831469655036926270e-01
1.111830025911331177e-01 -4.830953180789947510e-01
1.112593039870262146e-01 -4.830431342124938965e-01
1.113357990980148315e-01 -4.829904735088348389e-01
1.114124953746795654e-01 -4.829373061656951904e-01
1.114893853664398193e-01 -4.828836321830749512e-01
1.115664765238761902e-01 -4.828294515609741211e-01
1.116437613964080811e-01 -4.827747941017150879e-01
1.117212399840354919e-01 -4.827196300029754639e-01
1.117989122867584229e-01 -4.826639592647552490e-01
1.118767857551574707e-01 -4.826078116893768311e-01
1.119548454880714417e-01 -4.825511574745178223e-01
1.120331063866615295e-01 -4.824939966201782227e-01
1.121115535497665405e-01 -4.824363887310028076e-01
1.121902018785476685e-01 -4.823782742023468018e-01
1.122690364718437195e-01 -4.823196530342102051e-01
1.123480647802352905e-01 -4.822605848312377930e-01
1.124272868037223816e-01 -4.822010099887847900e-01
1.125066950917243958e-01 -4.821409583091735840e-01
1.125863045454025269e-01 -4.820804297924041748e-01
1.126660928130149841e-01 -4.820193946361541748e-01
1.127460822463035583e-01 -4.819579124450683594e-01
1.128262504935264587e-01 -4.818959534168243408e-01
1.129066199064254761e-01 -4.818335175514221191e-01
1.129871681332588196e-01 -4.817706048488616943e-01
1.130679100751876831e-01 -4.817072153091430664e-01
1.131488382816314697e-01 -4.816433787345886230e-01
1.132299527525901794e-01 -4.815790653228759766e-01
1.133112609386444092e-01 -4.815142750740051270e-01
1.133927479386329651e-01 -4.814490377902984619e-01
1.134744286537170410e-01 -4.813833236694335938e-01
1.135562881827354431e-01 -4.813171625137329102e-01
1.136383414268493652e-01 -4.812505245208740234e-01
1.137205734848976135e-01 -4.811834096908569336e-01
1.138029918074607849e-01 -4.811158776283264160e-01
1.138855963945388794e-01 -4.810478687286376953e-01
1.139683797955513000e-01 -4.809794127941131592e-01
1.140513494610786438e-01 -4.809105098247528076e-01
1.141345053911209106e-01 -4.808411300182342529e-01
1.142178401350975037e-01 -4.807713329792022705e-01
1.143013611435890198e-01 -4.807010889053344727e-01
1.143850609660148621e-01 -4.806303679943084717e-01
1.144689470529556274e-01 -4.805592298507690430e-01
1.145530119538307190e-01 -4.804876148700714111e-01
1.146372556686401367e-01 -4.804155826568603516e-01
1.147216781973838806e-01 -4.803431332111358643e-01
1.148062795400619507e-01 -4.802702069282531738e-01
1.148910671472549438e-01 -4.801968634128570557e-01
1.149760335683822632e-01 -4.801230728626251221e-01
1.150611713528633118e-01 -4.800488650798797607e-01
1.151464954018592834e-01 -4.799742102622985840e-01
1.152319908142089844e-01 -4.798991084098815918e-01
1.153176650404930115e-01 -4.798236191272735596e-01
1.154035180807113647e-01 -4.797476828098297119e-01
1.154895424842834473e-01 -4.796712994575500488e-01
1.155757531523704529e-01 -4.795944988727569580e-01
1.156621277332305908e-01 -4.795173108577728271e-01
1.157486885786056519e-01 -4.794396758079528809e-01
1.158354207873344421e-01 -4.793615937232971191e-01
1.159223243594169617e-01 -4.792831242084503174e-01
1.160094067454338074e-01 -4.792042374610900879e-01
1.160966604948043823e-01 -4.791249334812164307e-01
1.161840856075286865e-01 -4.790452122688293457e-01
1.162716820836067200e-01 -4.789650738239288330e-01
1.163594573736190796e-01 -4.788845181465148926e-01
1.164473965764045715e-01 -4.788035750389099121e-01
1.165355145931243896e-01 -4.787222146987915039e-01
1.166238039731979370e-01 -4.786404371261596680e-01
1.167122572660446167e-01 -4.785582721233367920e-01
1.168008893728256226e-01 -4.784756898880004883e-01
1.168896853923797607e-01 -4.783927202224731445e-01
1.169786527752876282e-01 -4.783093333244323730e-01
1.170677915215492249e-01 -4.782255589962005615e-01
1.171570941805839539e-01 -4.781413674354553223e-01
1.172465682029724121e-01 -4.780568182468414307e-01
1.173362135887145996e-01 -4.779718518257141113e-01
1.174260228872299194e-01 -4.778864979743957520e-01
1.175159960985183716e-01 -4.778007268905639648e-01
1.176061406731605530e-01 -4.777145981788635254e-01
1.176964491605758667e-01 -4.776280820369720459e-01
1.177869290113449097e-01 -4.775411486625671387e-01
1.178775653243064880e-01 -4.774538576602935791e-01
1.179683730006217957e-01 -4.773661792278289795e-01
1.180593445897102356e-01 -4.772781133651733398e-01
1.181504800915718079e-01 -4.771896898746490479e-01
1.182417795062065125e-01 -4.771008491516113281e-01
1.183332428336143494e-01 -4.770116508007049561e-01
1.184248626232147217e-01 -4.769220948219299316e-01
1.185166537761688232e-01 -4.768321216106414795e-01
1.186086013913154602e-01 -4.767418205738067627e-01
1.187007129192352295e-01 -4.766511023044586182e-01
1.187929883599281311e-01 -4.765600562095642090e-01
1.188854202628135681e-01 -4.764686226844787598e-01
1.189780160784721375e-01 -4.763768315315246582e-01
1.190707683563232422e-01 -4.762846529483795166e-01
1.191636845469474792e-01 -4.761921465396881104e-01
1.192567571997642517e-01 -4.760992527008056641e-01
1.193499863147735596e-01 -4.760060012340545654e-01
1.194433793425559998e-01 -4.759123921394348145e-01
1.195369288325309753e-01 -4.758184254169464111e-01
1.196306347846984863e-01 -4.757241010665893555e-01
1.197244971990585327e-01 -4.756294488906860352e-01
1.198185235261917114e-01 -4.755344092845916748e-01
1.199126988649368286e-01 -4.754390418529510498e-01
1.200070306658744812e-01 -4.753433167934417725e-01
1.201015189290046692e-01 -4.752472341060638428e-01
1.201961636543273926e-01 -4.751507937908172607e-01
1.202909573912620544e-01 -4.750540256500244141e-01
1.203859150409698486e-01 -4.749569296836853027e-01
1.204810217022895813e-01 -4.748594760894775391e-01
1.205762773752212524e-01 -4.747616946697235107e-01
1.206716969609260559e-01 -4.746635556221008301e-01
1.207672581076622009e-01 -4.745650887489318848e-01
1.208629757165908813e-01 -4.744662642478942871e-01
1.209588497877120972e-01 -4.743671417236328125e-01
1.210548728704452515e-01 -4.742676615715026855e-01
1.211510449647903442e-01 -4.741678535938262939e-01
1.212473660707473755e-01 -4.740677177906036377e-01
1.213438436388969421e-01 -4.739672541618347168e-01
1.214404627680778503e-01 -4.738664627075195312e-01
1.215372383594512939e-01 -4.737653434276580811e-01
1.216341555118560791e-01 -4.736639261245727539e-01
1.217312291264533997e-01 -4.735621511936187744e-01
1.218284443020820618e-01 -4.734600782394409180e-01
1.219258159399032593e-01 -4.733576774597167969e-01
1.220233291387557983e-01 -4.732549786567687988e-01
1.221209913492202759e-01 -4.731519222259521484e-01
1.222187951207160950e-01 -4.730485975742340088e-01
1.223167479038238525e-01 -4.729449152946472168e-01
1.224148496985435486e-01 -4.728409647941589355e-01
1.225130930542945862e-01 -4.727366864681243896e-01
1.226114854216575623e-01 -4.726320803165435791e-01
1.227100118994712830e-01 -4.725271761417388916e-01
1.228086948394775391e-01 -4.724220037460327148e-01
1.229075118899345398e-01 -4.723164737224578857e-01
1.230064779520034790e-01 -4.722106754779815674e-01
1.231055855751037598e-01 -4.721045792102813721e-01
1.232048347592353821e-01 -4.719981551170349121e-01
1.233042255043983459e-01 -4.718914628028869629e-01
1.234037578105926514e-01 -4.717844724655151367e-01
1.235034391283988953e-01 -4.716771543025970459e-01
1.236032545566558838e-01 -4.715695679187774658e-01
1.237032040953636169e-01 -4.714617133140563965e-01
1.238033026456832886e-01 -4.713535308837890625e-01
1.239035353064537048e-01 -4.712450802326202393e-01
1.240039095282554626e-01 -4.711363315582275391e-01
1.241044253110885620e-01 -4.710273146629333496e-01
1.242050752043724060e-01 -4.709179997444152832e-01
1.243058666586875916e-01 -4.708083868026733398e-01
1.244067922234535217e-01 -4.706985056400299072e-01
1.245078518986701965e-01 -4.705883562564849854e-01
1.246090531349182129e-01 -4.704779386520385742e-01
1.247103884816169739e-01 -4.703672230243682861e-01
1.248118653893470764e-01 -4.702562391757965088e-01
1.249134689569473267e-01 -4.701449871063232422e-01
1.250152140855789185e-01 -4.700334668159484863e-01
1.251170933246612549e-01 -4.699216485023498535e-01
1.252191066741943359e-01 -4.698095917701721191e-01
1.253212541341781616e-01 -4.696972668170928955e-01
1.254235208034515381e-01 -4.695846736431121826e-01
1.255259364843368530e-01 -4.694718122482299805e-01
1.256284862756729126e-01 -4.693586826324462891e-01
1.257311552762985229e-01 -4.692452847957611084e-01
1.258339732885360718e-01 -4.691316485404968262e-01
1.259369105100631714e-01 -4.690177440643310547e-01
1.260399818420410156e-01 -4.689036011695861816e-01
1.261431723833084106e-01 -4.687891900539398193e-01
1.262465119361877441e-01 -4.686745107173919678e-01
1.263499706983566284e-01 -4.685595929622650146e-01
1.264535486698150635e-01 -4.684444367885589600e-01
1.265572756528854370e-01 -4.683290123939514160e-01
1.266611218452453613e-01 -4.682133495807647705e-01
1.267651021480560303e-01 -4.680974483489990234e-01
1.268692016601562500e-01 -4.679813086986541748e-01
1.269734203815460205e-01 -4.678649008274078369e-01
1.270777881145477295e-01 -4.677482545375823975e-01
1.271822601556777954e-01 -4.676313996315002441e-01
1.272868663072586060e-01 -4.675142765045166016e-01
1.273916065692901611e-01 -4.673969447612762451e-01
1.274964660406112671e-01 -4.672793447971343994e-01
1.276014447212219238e-01 -4.671615362167358398e-01
1.277065575122833252e-01 -4.670434892177581787e-01
1.278117895126342773e-01 -4.669252038002014160e-01
1.279171407222747803e-01 -4.668067097663879395e-01
1.280226260423660278e-01 -4.666879773139953613e-01
1.281282305717468262e-01 -4.665690064430236816e-01
1.282339543104171753e-01 -4.664498269557952881e-01
1.283397972583770752e-01 -4.663304388523101807e-01
1.284457594156265259e-01 -4.662108123302459717e-01
1.285518407821655273e-01 -4.660909473896026611e-01
1.286580562591552734e-01 -4.659709036350250244e-01
1.287643760442733765e-01 -4.658506214618682861e-01
1.288708299398422241e-01 -4.657301306724548340e-01
1.289774030447006226e-01 -4.656094312667846680e-01
1.290840804576873779e-01 -4.654884934425354004e-01
1.291908919811248779e-01 -4.653673768043518066e-01
1.292978078126907349e-01 -4.652460217475891113e-01
1.294048577547073364e-01 -4.651244878768920898e-01
1.295120120048522949e-01 -4.650027453899383545e-01
1.296192854642868042e-01 -4.648807942867279053e-01
1.297266781330108643e-01 -4.647586345672607422e-01
1.298341751098632812e-01 -4.646362662315368652e-01
1.299418061971664429e-01 -4.645137190818786621e-01
1.300495415925979614e-01 -4.643909633159637451e-01
1.301573961973190308e-01 -4.642680287361145020e-01
1.302653700113296509e-01 -4.641448557376861572e-01
1.303734481334686279e-01 -4.640215337276458740e-01
1.304816454648971558e-01 -4.638980031013488770e-01
1.305899471044540405e-01 -4.637742936611175537e-01
1.306983679533004761e-01 -4.636503756046295166e-01
1.308069080114364624e-01 -4.635262787342071533e-01
1.309155523777008057e-01 -4.634020030498504639e-01
1.310243010520935059e-01 -4.632775187492370605e-01
1.311331689357757568e-01 -4.631528854370117188e-01
1.312421560287475586e-01 -4.630280435085296631e-01
1.313512325286865234e-01 -4.629030525684356689e-01
1.314604431390762329e-01 -4.627778530120849609e-01
1.315697431564331055e-01 -4.626525044441223145e-01
1.316791623830795288e-01 -4.625269472599029541e-01
1.317886859178543091e-01 -4.624012410640716553e-01
1.318983137607574463e-01 -4.622753560543060303e-01
1.320080608129501343e-01 -4.621493220329284668e-01
1.321179121732711792e-01 -4.620230793952941895e-01
1.322278678417205811e-01 -4.618966877460479736e-01
1.323379278182983398e-01 -4.617701470851898193e-01
1.324480921030044556e-01 -4.616434276103973389e-01
1.325583755970001221e-01 -4.615165293216705322e-01
1.326687484979629517e-01 -4.613895118236541748e-01
1.327792406082153320e-01 -4.612622857093811035e-01
1.328898221254348755e-01 -4.611349403858184814e-01
1.330005228519439697e-01 -4.610074162483215332e-01
1.331113129854202271e-01 -4.608797430992126465e-01
1.332222223281860352e-01 -4.607519209384918213e-01
1.333332210779190063e-01 -4.606239497661590576e-01
1.334443241357803345e-01 -4.604958295822143555e-01
1.335555315017700195e-01 -4.603675305843353271e-01
1.336668431758880615e-01 -4.602391123771667480e-01
1.337782591581344604e-01 -4.601105451583862305e-01
1.338897645473480225e-01 -4.599818289279937744e-01
1.340013742446899414e-01 -4.598529934883117676e-01
1.341130882501602173e-01 -4.597239792346954346e-01
1.342249065637588501e-01 -4.595948457717895508e-01
1.343368142843246460e-01 -4.594655632972717285e-01
1.344488263130187988e-01 -4.593361616134643555e-01
1.345609277486801147e-01 -4.592066109180450439e-01
1.346731334924697876e-01 -4.590769410133361816e-01
1.347854435443878174e-01 -4.589471220970153809e-01
1.348978430032730103e-01 -4.588171839714050293e-01
1.350103318691253662e-01 -4.586871266365051270e-01
1.351229250431060791e-01 -4.585569202899932861e-01
1.352356225252151489e-01 -4.584265947341918945e-01
1.353484094142913818e-01 -4.582961499691009521e-01
1.354612857103347778e-01 -4.581655859947204590e-01
1.355742514133453369e-01 -4.580348730087280273e-01
1.356873214244842529e-01 -4.579040706157684326e-01
1.358004957437515259e-01 -4.577731490135192871e-01
1.359137445688247681e-01 -4.576421082019805908e-01
1.360270977020263672e-01 -4.575109481811523438e-01
1.361405402421951294e-01 -4.573796689510345459e-01
1.362540721893310547e-01 -4.572482705116271973e-01
1.363676935434341431e-01 -4.571167826652526855e-01
1.364814043045043945e-01 -4.569851756095886230e-01
1.365952193737030029e-01 -4.568534493446350098e-01
1.367091089487075806e-01 -4.567216336727142334e-01
1.368231028318405151e-01 -4.565897285938262939e-01
1.369371861219406128e-01 -4.564576745033264160e-01
1.370513439178466797e-01 -4.563255608081817627e-01
1.371656060218811035e-01 -4.561933279037475586e-01
1.372799426317214966e-01 -4.560610055923461914e-01
1.373943835496902466e-01 -4.559285938739776611e-01
1.375088989734649658e-01 -4.557960629463195801e-01
1.376235038042068481e-01 -4.556634426116943359e-01
1.377381980419158936e-01 -4.555307626724243164e-01
1.378529816865921021e-01 -4.553979635238647461e-01
1.379678547382354736e-01 -4.552650749683380127e-01
1.380828022956848145e-01 -4.551320970058441162e-01
1.381978392601013184e-01 -4.549990594387054443e-01
1.383129656314849854e-01 -4.548659026622772217e-01
1.384281665086746216e-01 -4.547326862812042236e-01
1.385434567928314209e-01 -4.545993804931640625e-01
1.386588364839553833e-01 -4.544660151004791260e-01
1.387742906808853149e-01 -4.543325304985046387e-01
1.388898342847824097e-01 -4.541989862918853760e-01
1.390054523944854736e-01 -4.540653824806213379e-01
1.391211599111557007e-01 -4.539316892623901367e-01
1.392369419336318970e-01 -4.537979364395141602e-01
1.393528133630752563e-01 -4.536640942096710205e-01
1.394687592983245850e-01 -4.535301923751831055e-01
1.395847797393798828e-01 -4.533962309360504150e-01
1.397008895874023438e-01 -4.532622098922729492e-01
1.398170739412307739e-01 -4.531280994415283203e-01
1.399333328008651733e-01 -4.529939591884613037e-01
1.400496810674667358e-01 -4.528597295284271240e-01
1.401661038398742676e-01 -4.527254402637481689e-01
1.402826011180877686e-01 -4.525910913944244385e-01
1.403991878032684326e-01 -4.524567127227783203e-01
1.405158340930938721e-01 -4.523222446441650391e-01
1.406325697898864746e-01 -4.521877467632293701e-01
1.407493799924850464e-01 -4.520531892776489258e-01
1.408662497997283936e-01 -4.519185721874237061e-01
1.409832090139389038e-01 -4.517839252948760986e-01
1.411002427339553833e-01 -4.516492187976837158e-01
1.412173509597778320e-01 -4.515144526958465576e-01
1.413345336914062500e-01 -4.513796567916870117e-01
1.414517909288406372e-01 -4.512448310852050781e-01
1.415691226720809937e-01 -4.511099457740783691e-01
1.416865140199661255e-01 -4.509750306606292725e-01
1.418039947748184204e-01 -4.508400857448577881e-01
1.419215351343154907e-01 -4.507050812244415283e-01
1.420391499996185303e-01 -4.505700469017028809e-01
1.421568393707275391e-01 -4.504349827766418457e-01
1.422746032476425171e-01 -4.502998888492584229e-01
1.423924267292022705e-01 -4.501647651195526123e-01
1.425103247165679932e-01 -4.500296115875244141e-01
1.426282972097396851e-01 -4.498944282531738281e-01
1.427463293075561523e-01 -4.497592151165008545e-01
1.428644359111785889e-01 -4.496239721775054932e-01
1.429826170206069946e-01 -4.494886994361877441e-01
1.431008577346801758e-01 -4.493534266948699951e-01
1.432191580533981323e-01 -4.492181241512298584e-01
1.433375477790832520e-01 -4.490828216075897217e-01
1.434559822082519531e-01 -4.489474892616271973e-01
1.435744911432266235e-01 -4.488121271133422852e-01
1.436930745840072632e-01 -4.486767649650573730e-01
1.438117176294326782e-01 -4.485413730144500732e-01
1.439304202795028687e-01 -4.484060108661651611e-01
1.440491825342178345e-01 -4.482705891132354736e-01
1.441680192947387695e-01 -4.481351971626281738e-01
1.442869156599044800e-01 -4.479997754096984863e-01
1.444058865308761597e-01 -4.478643834590911865e-01
1.445249021053314209e-01 -4.477289617061614990e-01
1.446439921855926514e-01 -4.475935399532318115e-01
1.447631418704986572e-01 -4.474581182003021240e-01
1.448823511600494385e-01 -4.473226964473724365e-01
1.450016200542449951e-01 -4.471872746944427490e-01
1.451209634542465210e-01 -4.470518827438354492e-01
1.452403515577316284e-01 -4.469164609909057617e-01
1.453597992658615112e-01 -4.467810690402984619e-01
1.454793214797973633e-01 -4.466456770896911621e-01
1.455988883972167969e-01 -4.465103149414062500e-01
1.457185298204421997e-01 -4.463749229907989502e-01
1.458382159471511841e-01 -4.462395906448364258e-01
1.459579616785049438e-01 -4.461042582988739014e-01
1.460777670145034790e-01 -4.459689259529113770e-01
1.461976319551467896e-01 -4.458336234092712402e-01
1.463175415992736816e-01 -4.456983506679534912e-01
1.464375257492065430e-01 -4.455630779266357422e-01
1.465575546026229858e-01 -4.454278647899627686e-01
1.466776430606842041e-01 -4.452926516532897949e-01
1.467977762222290039e-01 -4.451574385166168213e-01
1.469179838895797729e-01 -4.450222849845886230e-01
1.470382362604141235e-01 -4.448871612548828125e-01
1.471585333347320557e-01 -4.447520673274993896e-01
1.472788900136947632e-01 -4.446170032024383545e-01
1.473993062973022461e-01 -4.444819688796997070e-01
1.475197672843933105e-01 -4.443469643592834473e-01
1.476402878761291504e-01 -4.442120194435119629e-01
1.477608531713485718e-01 -4.440770745277404785e-01
1.478814780712127686e-01 -4.439421892166137695e-01
1.480021476745605469e-01 -4.438073635101318359e-01
1.481228619813919067e-01 -4.436725676059722900e-01
1.482436358928680420e-01 -4.435378015041351318e-01
1.483644545078277588e-01 -4.434030950069427490e-01
1.484853327274322510e-01 -4.432684481143951416e-01
1.486062407493591309e-01 -4.431338310241699219e-01
1.487272083759307861e-01 -4.429992735385894775e-01
1.488482207059860229e-01 -4.428647458553314209e-01
1.489692926406860352e-01 -4.427303075790405273e-01
1.490904092788696289e-01 -4.425958991050720215e-01
1.492115557193756104e-01 -4.424615502357482910e-01
1.493327617645263672e-01 -4.423272609710693359e-01
1.494540125131607056e-01 -4.421930313110351562e-01
1.495753079652786255e-01 -4.420588910579681396e-01
1.496966481208801270e-01 -4.419247806072235107e-01
1.498180329799652100e-01 -4.417907297611236572e-01
1.499394625425338745e-01 -4.416567683219909668e-01
1.500609368085861206e-01 -4.415228664875030518e-01
1.501824557781219482e-01 -4.413890242576599121e-01
1.503040194511413574e-01 -4.412552714347839355e-01
1.504256278276443481e-01 -4.411215782165527344e-01
1.505472660064697266e-01 -4.409879446029663086e-01
1.506689488887786865e-01 -4.408544003963470459e-01
1.507906913757324219e-01 -4.407209455966949463e-01
1.509124487638473511e-01 -4.405875504016876221e-01
1.510342657566070557e-01 -4.404542446136474609e-01
1.511561125516891479e-01 -4.403210282325744629e-01
1.512780040502548218e-01 -4.401878714561462402e-01
1.513999402523040771e-01 -4.400548040866851807e-01
1.515219062566757202e-01 -4.399218261241912842e-01
1.516439169645309448e-01 -4.397889375686645508e-01
1.517659723758697510e-01 -4.396561384201049805e-01
1.518880426883697510e-01 -4.395234286785125732e-01
1.520101726055145264e-01 -4.393908083438873291e-01
1.521323323249816895e-01 -4.392583072185516357e-01
1.522545218467712402e-01 -4.391258656978607178e-01
1.523767560720443726e-01 -4.389935433864593506e-01
1.524990200996398926e-01 -4.388613104820251465e-01
1.526213288307189941e-01 -4.387291669845581055e-01
1.527436673641204834e-01 -4.385971426963806152e-01
1.528660356998443604e-01 -4.384652078151702881e-01
1.529884487390518188e-01 -4.383333921432495117e-01
1.531108766794204712e-01 -4.382016658782958984e-01
1.532333493232727051e-01 -4.380700588226318359e-01
1.533558666706085205e-01 -4.379385411739349365e-01
1.534783989191055298e-01 -4.378071427345275879e-01
1.536009758710861206e-01 -4.376758635044097900e-01
1.537235677242279053e-01 -4.375447034835815430e-01
1.538462042808532715e-01 -4.374136328697204590e-01
1.539688706398010254e-01 -4.372827112674713135e-01
1.540915668010711670e-01 -4.371518790721893311e-01
1.542142927646636963e-01 -4.370211958885192871e-01
1.543370485305786133e-01 -4.368906021118164062e-01
1.544598340988159180e-01 -4.367601573467254639e-01
1.545826345682144165e-01 -4.366298317909240723e-01
1.547054797410964966e-01 -4.364996254444122314e-01
1.548283398151397705e-01 -4.363695383071899414e-01
1.549512445926666260e-01 -4.362396001815795898e-01
1.550741642713546753e-01 -4.361097812652587891e-01
1.551971137523651123e-01 -4.359800815582275391e-01
1.553200930356979370e-01 -4.358505308628082275e-01
1.554430872201919556e-01 -4.357210993766784668e-01
1.555661261081695557e-01 -4.355918169021606445e-01
1.556891649961471558e-01 -4.354626834392547607e-01
1.558122485876083374e-01 -4.353336691856384277e-01
1.559353470802307129e-01 -4.352048039436340332e-01
1.560584753751754761e-01 -4.350760877132415771e-01
1.561816185712814331e-01 -4.349475204944610596e-01
1.563047915697097778e-01 -4.348190724849700928e-01
1.564279943704605103e-01 -4.346908032894134521e-01
1.565511971712112427e-01 -4.345626533031463623e-01
1.566744446754455566e-01 -4.344346821308135986e-01
1.567977070808410645e-01 -4.343068301677703857e-01
1.569209843873977661e-01 -4.341791570186614990e-01
1.570442765951156616e-01 -4.340516328811645508e-01
1.571675986051559448e-01 -4.339242577552795410e-01
1.572909355163574219e-01 -4.337970614433288574e-01
1.574143022298812866e-01 -4.336699843406677246e-01
1.575376838445663452e-01 -4.335431158542633057e-01
1.576610803604125977e-01 -4.334163665771484375e-01
1.577844917774200439e-01 -4.332897961139678955e-01
1.579079180955886841e-01 -4.331634044647216797e-01
1.580313742160797119e-01 -4.330371916294097900e-01
1.581548452377319336e-01 -4.329111278057098389e-01
1.582783162593841553e-01 -4.327852129936218262e-01
1.584018170833587646e-01 -4.326595067977905273e-01
1.585253328084945679e-01 -4.325339496135711670e-01
1.586488634347915649e-01 -4.324085712432861328e-01
1.587724089622497559e-01 -4.322833716869354248e-01
1.588959693908691406e-01 -4.321583509445190430e-01
1.590195447206497192e-01 -4.320335090160369873e-01
1.591431349515914917e-01 -4.319088459014892578e-01
1.592667251825332642e-01 -4.317843914031982422e-01
1.593903452157974243e-01 -4.316600859165191650e-01
1.595139652490615845e-01 -4.315359890460968018e-01
1.596376001834869385e-01 -4.314120709896087646e-01
1.597612500190734863e-01 -4.312883317470550537e-01
1.598848998546600342e-01 -4.311647713184356689e-01
1.600085794925689697e-01 -4.310414493083953857e-01
1.601322591304779053e-01 -4.309182763099670410e-01
1.602559387683868408e-01 -4.307953119277954102e-01
1.603796482086181641e-01 -4.306725561618804932e-01
1.605033427476882935e-01 -4.305499792098999023e-01
1.606270670890808105e-01 -4.304276108741760254e-01
1.607507914304733276e-01 -4.303054511547088623e-01
1.608745157718658447e-01 -4.301834702491760254e-01
1.609982550144195557e-01 -4.300617277622222900e-01
1.611220091581344604e-01 -4.299401640892028809e-01
1.612457633018493652e-01 -4.298188090324401855e-01
1.613695174455642700e-01 -4.296976625919342041e-01
1.614932864904403687e-01 -4.295767247676849365e-01
1.616170555353164673e-01 -4.294560253620147705e-01
1.617408245801925659e-01 -4.293355047702789307e-01
1.618646085262298584e-01 -4.292152225971221924e-01
1.619883924722671509e-01 -4.290951490402221680e-01
1.621121764183044434e-01 -4.289752840995788574e-01
1.622359603643417358e-01 -4.288556277751922607e-01
1.623597592115402222e-01 -4.287362098693847656e-01
1.624835580587387085e-01 -4.286170303821563721e-01
1.626073569059371948e-01 -4.284980595111846924e-01
1.627311557531356812e-01 -4.283792972564697266e-01
1.628549546003341675e-01 -4.282608032226562500e-01
1.629787534475326538e-01 -4.281424880027770996e-01
1.631025522947311401e-01 -4.280244410037994385e-01
1.632263511419296265e-01 -4.279066026210784912e-01
1.633501499891281128e-01 -4.277890026569366455e-01
1.634739488363265991e-01 -4.276716411113739014e-01
1.635977476835250854e-01 -4.275545179843902588e-01
1.637215465307235718e-01 -4.274376332759857178e-01
1.638453453779220581e-01 -4.273209869861602783e-01
1.639691293239593506e-01 -4.272045791149139404e-01
1.640929281711578369e-01 -4.270884096622467041e-01
1.642167121171951294e-01 -4.269724786281585693e-01
1.643404960632324219e-01 -4.268568158149719238e-01
1.644642651081085205e-01 -4.267413914203643799e-01
1.645880341529846191e-01 -4.266262054443359375e-01
1.647118031978607178e-01 -4.265112578868865967e-01
1.648355722427368164e-01 -4.263965785503387451e-01
1.649593263864517212e-01 -4.262821674346923828e-01
1.650830805301666260e-01 -4.261679649353027344e-01
1.652068197727203369e-01 -4.260540604591369629e-01
1.653305590152740479e-01 -4.259403944015502930e-01
1.654542833566665649e-01 -4.258269965648651123e-01
1.655780076980590820e-01 -4.257138669490814209e-01
1.657017171382904053e-01 -4.256009757518768311e-01
1.658254265785217285e-01 -4.254883825778961182e-01
1.659491211175918579e-01 -4.253760278224945068e-01
1.660728007555007935e-01 -4.252639412879943848e-01
1.661964803934097290e-01 -4.251521229743957520e-01
1.663201451301574707e-01 -4.250405728816986084e-01
1.664437949657440186e-01 -4.249293208122253418e-01
1.665674448013305664e-01 -4.248183071613311768e-01
1.666910797357559204e-01 -4.247075915336608887e-01
1.668146997690200806e-01 -4.245971441268920898e-01
1.669383049011230469e-01 -4.244869649410247803e-01
1.670618951320648193e-01 -4.243770539760589600e-01
1.671854704618453979e-01 -4.242674410343170166e-01
1.673090457916259766e-01 -4.241581261157989502e-01
1.674325913190841675e-01 -4.240490794181823730e-01
1.675561368465423584e-01 -4.239403009414672852e-01
1.676796674728393555e-01 -4.238318502902984619e-01
1.678031682968139648e-01 -4.237236678600311279e-01
1.679266691207885742e-01 -4.236157536506652832e-01
1.680501401424407959e-01 -4.235081374645233154e-01
1.681735962629318237e-01 -4.234008491039276123e-01
1.682970374822616577e-01 -4.232938289642333984e-01
1.684204638004302979e-01 -4.231871068477630615e-01
1.685438752174377441e-01 -4.230806827545166016e-01
1.686672717332839966e-01 -4.229745566844940186e-01
1.687906384468078613e-01 -4.228687286376953125e-01
1.689139902591705322e-01 -4.227631986141204834e-01
1.690373271703720093e-01 -4.226579666137695312e-01
1.691606342792510986e-01 -4.225530624389648438e-01
1.692839264869689941e-01 -4.224484562873840332e-01
1.694072037935256958e-01 -4.223441481590270996e-01
1.695304512977600098e-01 -4.222401678562164307e-01
1.696536839008331299e-01 -4.221364855766296387e-01
1.697768867015838623e-01 -4.220331311225891113e-01
1.699000746011734009e-01 -4.219300746917724609e-01
1.700232326984405518e-01 -4.218273162841796875e-01
1.701463758945465088e-01 -4.217249155044555664e-01
1.702694892883300781e-01 -4.216228127479553223e-01
1.703925877809524536e-01 -4.215210378170013428e-01
1.705156415700912476e-01 -4.214195609092712402e-01
1.706386953592300415e-01 -4.213184416294097900e-01
1.707617044448852539e-01 -4.212176203727722168e-01
1.708846986293792725e-01 -4.211171567440032959e-01
1.710076630115509033e-01 -4.210169911384582520e-01
1.711305975914001465e-01 -4.209171533584594727e-01
1.712535172700881958e-01 -4.208176732063293457e-01
1.713764071464538574e-01 -4.207185208797454834e-01
1.714992672204971313e-01 -4.206196963787078857e-01
1.716220825910568237e-01 -4.205211997032165527e-01
1.717448830604553223e-01 -4.204230308532714844e-01
1.718676686286926270e-01 -4.203252196311950684e-01
1.719904094934463501e-01 -4.202277660369873047e-01
1.721131205558776855e-01 -4.201306104660034180e-01
1.722358018159866333e-01 -4.200338423252105713e-01
1.723584532737731934e-01 -4.199374020099639893e-01
1.724810749292373657e-01 -4.198412895202636719e-01
1.726036667823791504e-01 -4.197455346584320068e-01
1.727262288331985474e-01 -4.196501374244689941e-01
1.728487461805343628e-01 -4.195550978183746338e-01
1.729712486267089844e-01 -4.194603860378265381e-01
1.730937063694000244e-01 -4.193660616874694824e-01
1.732161343097686768e-01 -4.192720651626586914e-01
1.733385175466537476e-01 -4.191784262657165527e-01
1.734608858823776245e-01 -4.190851747989654541e-01
1.735832095146179199e-01 -4.189922511577606201e-01
1.737054884433746338e-01 -4.188997149467468262e-01
1.738277524709701538e-01 -4.188075363636016846e-01
1.739499717950820923e-01 -4.187157154083251953e-01
1.740721464157104492e-01 -4.186242520809173584e-01
1.741942912340164185e-01 -4.185331761837005615e-01
1.743163913488388062e-01 -4.184424579143524170e-01
1.744384616613388062e-01 -4.183520972728729248e-01
1.745605021715164185e-01 -4.182621240615844727e-01
1.746824979782104492e-01 -4.181725382804870605e-01
1.748044490814208984e-01 -4.180833101272583008e-01
1.749263703823089600e-01 -4.179944694042205811e-01
1.750482469797134399e-01 -4.179059863090515137e-01
1.751700788736343384e-01 -4.178179204463958740e-01
1.752918660640716553e-01 -4.177302122116088867e-01
1.754136234521865845e-01 -4.176428914070129395e-01
1.755353361368179321e-01 -4.175559580326080322e-01
1.756570041179656982e-01 -4.174693822860717773e-01
1.757786422967910767e-01 -4.173832237720489502e-01
1.759002208709716797e-01 -4.172974526882171631e-01
1.760217696428298950e-01 -4.172120690345764160e-01
1.761432737112045288e-01 -4.171271026134490967e-01
1.762647330760955811e-01 -4.170424938201904297e-01
1.763861477375030518e-01 -4.169583022594451904e-01
1.765075176954269409e-01 -4.168744981288909912e-01
1.766288280487060547e-01 -4.167910814285278320e-01
1.767501085996627808e-01 -4.167080819606781006e-01
1.768713444471359253e-01 -4.166254699230194092e-01
1.769925355911254883e-01 -4.165432751178741455e-01
1.771136671304702759e-01 -4.164614975452423096e-01
1.772347688674926758e-01 -4.163801074028015137e-01
1.773558109998703003e-01 -4.162991046905517578e-01
1.774768084287643433e-01 -4.162185490131378174e-01
1.775977611541748047e-01 -4.161383807659149170e-01
1.777186542749404907e-01 -4.160586297512054443e-01
1.778395026922225952e-01 -4.159792959690093994e-01
1.779603064060211182e-01 -4.159003794193267822e-01
1.780810654163360596e-01 -4.158218801021575928e-01
1.782017648220062256e-01 -4.157437980175018311e-01
1.783224195241928101e-01 -4.156661331653594971e-01
1.784430146217346191e-01 -4.155889153480529785e-01
1.785635650157928467e-01 -4.155120849609375000e-01
1.786840558052062988e-01 -4.154357016086578369e-01
1.788045018911361694e-01 -4.153597354888916016e-01
1.789248883724212646e-01 -4.152841866016387939e-01
1.790452301502227783e-01 -4.152090847492218018e-01
1.791655123233795166e-01 -4.151344001293182373e-01
1.792857348918914795e-01 -4.150601625442504883e-01
1.794059127569198608e-01 -4.149863421916961670e-01
1.795260459184646606e-01 -4.149129688739776611e-01
1.796461045742034912e-01 -4.148400127887725830e-01
1.797661185264587402e-01 -4.147675335407257080e-01
1.798860728740692139e-01 -4.146954715251922607e-01
1.800059676170349121e-01 -4.146238267421722412e-01
1.801258027553558350e-01 -4.145526587963104248e-01
1.802455931901931763e-01 -4.144819378852844238e-01
1.803653091192245483e-01 -4.144116342067718506e-01
1.804849803447723389e-01 -4.143418073654174805e-01
1.806045919656753540e-01 -4.142724275588989258e-01
1.807241439819335938e-01 -4.142034649848937988e-01
1.808436363935470581e-01 -4.141349792480468750e-01
1.809630542993545532e-01 -4.140669703483581543e-01
1.810824275016784668e-01 -4.139993786811828613e-01
1.812017410993576050e-01 -4.139322638511657715e-01
1.813209950923919678e-01 -4.138655960559844971e-01
1.814401745796203613e-01 -4.137994050979614258e-01
1.815592944622039795e-01 -4.137336611747741699e-01
1.816783696413040161e-01 -4.136683940887451172e-01
1.817973703145980835e-01 -4.136035740375518799e-01
1.819162964820861816e-01 -4.135392308235168457e-01
1.820351779460906982e-01 -4.134753346443176270e-01
1.821539849042892456e-01 -4.134119451045989990e-01
1.822727322578430176e-01 -4.133490025997161865e-01
1.823914051055908203e-01 -4.132865369319915771e-01
1.825100332498550415e-01 -4.132245481014251709e-01
1.826285719871520996e-01 -4.131630361080169678e-01
1.827470660209655762e-01 -4.131019711494445801e-01
1.828654855489730835e-01 -4.130414128303527832e-01
1.829838305711746216e-01 -4.129813313484191895e-01
1.831021159887313843e-01 -4.129217267036437988e-01
1.832203269004821777e-01 -4.128626286983489990e-01
1.833384782075881958e-01 -4.128039777278900146e-01
1.834565550088882446e-01 -4.127458333969116211e-01
1.835745722055435181e-01 -4.126881659030914307e-01
1.836925148963928223e-01 -4.126310050487518311e-01
1.838103830814361572e-01 -4.125743210315704346e-01
1.839281916618347168e-01 -4.125181436538696289e-01
1.840459108352661133e-01 -4.124624431133270264e-01
1.841635704040527344e-01 -4.124072492122650146e-01
1.842811703681945801e-01 -4.123525321483612061e-01
1.843986809253692627e-01 -4.122983515262603760e-01
1.845161318778991699e-01 -4.122446477413177490e-01
1.846334934234619141e-01 -4.121914207935333252e-01
1.847507953643798828e-01 -4.121387302875518799e-01
1.848680227994918823e-01 -4.120865464210510254e-01
1.849851757287979126e-01 -4.120348393917083740e-01
1.851022541522979736e-01 -4.119836688041687012e-01
1.852192580699920654e-01 -4.119330048561096191e-01
1.853361874818801880e-01 -4.118828177452087402e-01
1.854530423879623413e-01 -4.118331968784332275e-01
1.855698227882385254e-01 -4.117840528488159180e-01
1.856865286827087402e-01 -4.117354154586791992e-01
1.858031451702117920e-01 -4.116873145103454590e-01
1.859196871519088745e-01 -4.116397202014923096e-01
1.860361695289611816e-01 -4.115926623344421387e-01
1.861525475978851318e-01 -4.115461111068725586e-01
1.862688660621643066e-01 -4.115000963211059570e-01
1.863851100206375122e-01 -4.114545881748199463e-01
1.865012645721435547e-01 -4.114096164703369141e-01
1.866173297166824341e-01 -4.113651812076568604e-01
1.867333352565765381e-01 -4.113212823867797852e-01
1.868492513895034790e-01 -4.112778902053833008e-01
1.869650781154632568e-01 -4.112350344657897949e-01
1.870808303356170654e-01 -4.111927151679992676e-01
1.871965080499649048e-01 -4.111509323120117188e-01
1.873120963573455811e-01 -4.111096858978271484e-01
1.874276101589202881e-01 -4.110689759254455566e-01
1.875430345535278320e-01 -4.110288023948669434e-01
1.876583695411682129e-01 -4.109891653060913086e-01
1.877736300230026245e-01 -4.109500944614410400e-01
1.878888010978698730e-01 -4.109115302562713623e-01
1.880038976669311523e-01 -4.108735620975494385e-01
1.881189048290252686e-01 -4.108361005783081055e-01
1.882338225841522217e-01 -4.107992053031921387e-01
1.883486509323120117e-01 -4.107628464698791504e-01
1.884634047746658325e-01 -4.107270538806915283e-01
1.885780543088912964e-01 -4.106917977333068848e-01
1.886926293373107910e-01 -4.106571078300476074e-01
1.888071149587631226e-01 -4.106229841709136963e-01
1.889215111732482910e-01 -4.105894267559051514e-01
1.890358328819274902e-01 -4.105564057826995850e-01
1.891500502824783325e-01 -4.105239510536193848e-01
1.892641782760620117e-01 -4.104920625686645508e-01
1.893782317638397217e-01 -4.104607403278350830e-01
1.894921809434890747e-01 -4.104299843311309814e-01
1.896060407161712646e-01 -4.103997647762298584e-01
1.897198110818862915e-01 -4.103701412677764893e-01
1.898334920406341553e-01 -4.103411138057708740e-01
1.899470835924148560e-01 -4.103126227855682373e-01
1.900605857372283936e-01 -4.102846980094909668e-01
1.901739835739135742e-01 -4.102573692798614502e-01
1.902873069047927856e-01 -4.102306067943572998e-01
1.904005259275436401e-01 -4.102044403553009033e-01
1.905136555433273315e-01 -4.101788401603698730e-01
1.906266808509826660e-01 -4.101538360118865967e-01
1.907396167516708374e-01 -4.101293981075286865e-01
1.908524632453918457e-01 -4.101055264472961426e-01
1.909652054309844971e-01 -4.100822806358337402e-01
1.910778582096099854e-01 -4.100596010684967041e-01
1.911904215812683105e-01 -4.100375175476074219e-01
1.913028806447982788e-01 -4.100160002708435059e-01
1.914152354001998901e-01 -4.099951088428497314e-01
1.915275007486343384e-01 -4.099747836589813232e-01
1.916396766901016235e-01 -4.099550545215606689e-01
1.917517483234405518e-01 -4.099359512329101562e-01
1.918637156486511230e-01 -4.099174141883850098e-01
1.919755935668945312e-01 -4.098995029926300049e-01
1.920873671770095825e-01 -4.098821580410003662e-01
1.921990364789962769e-01 -4.098654389381408691e-01
1.923106014728546143e-01 -4.098493158817291260e-01
1.924220770597457886e-01 -4.098338186740875244e-01
1.925334483385086060e-01 -4.098189175128936768e-01
1.926447153091430664e-01 -4.098046123981475830e-01
1.927558928728103638e-01 -4.097909331321716309e-01
1.928669512271881104e-01 -4.097778499126434326e-01
1.929779201745986938e-01 -4.097653925418853760e-01
1.930887848138809204e-01 -4.097535610198974609e-01
1.931995451450347900e-01 -4.097423255443572998e-01
1.933101862668991089e-01 -4.097317159175872803e-01
1.934207379817962646e-01 -4.097217023372650146e-01
1.935311853885650635e-01 -4.097123444080352783e-01
1.936415284872055054e-01 -4.097035825252532959e-01
1.937517523765563965e-01 -4.096954762935638428e-01
1.938618868589401245e-01 -4.096879661083221436e-01
1.939719021320343018e-01 -4.096811115741729736e-01
1.940818279981613159e-01 -4.096748530864715576e-01
1.941916346549987793e-01 -4.096692502498626709e-01
1.943013370037078857e-01 -4.096642732620239258e-01
1.944109201431274414e-01 -4.096599221229553223e-01
1.945203989744186401e-01 -4.096561968326568604e-01
1.946297883987426758e-01 -4.096531271934509277e-01
1.947390437126159668e-01 -4.096506834030151367e-01
1.948482096195220947e-01 -4.096488952636718750e-01
1.949572563171386719e-01 -4.096477329730987549e-01
1.950661838054656982e-01 -4.096471965312957764e-01
1.951750069856643677e-01 -4.096473455429077148e-01
1.952837258577346802e-01 -4.096481204032897949e-01
1.953923255205154419e-01 -4.096495211124420166e-01
1.955008208751678467e-01 -4.096516072750091553e-01
1.956091970205307007e-01 -4.096543192863464355e-01
1.957174539566040039e-01 -4.096576869487762451e-01
1.958256065845489502e-01 -4.096617102622985840e-01
1.959336400032043457e-01 -4.096663892269134521e-01
1.960415691137313843e-01 -4.096717238426208496e-01
1.961493790149688721e-01 -4.096777141094207764e-01
1.962570697069168091e-01 -4.096843600273132324e-01
1.963646560907363892e-01 -4.096916913986206055e-01
1.964721083641052246e-01 -4.096996486186981201e-01
1.965794563293457031e-01 -4.097082912921905518e-01
1.966866850852966309e-01 -4.097175896167755127e-01
1.967937946319580078e-01 -4.097275733947753906e-01
1.969007998704910278e-01 -4.097382128238677979e-01
1.970076709985733032e-01 -4.097495079040527344e-01
1.971144378185272217e-01 -4.097614884376525879e-01
1.972210705280303955e-01 -4.097741544246673584e-01
1.973275989294052124e-01 -4.097874760627746582e-01
1.974339932203292847e-01 -4.098014831542968750e-01
1.975402832031250000e-01 -4.098161756992340088e-01
1.976464390754699707e-01 -4.098315238952636719e-01
1.977524757385253906e-01 -4.098475873470306396e-01
1.978583931922912598e-01 -4.098643064498901367e-01
1.979641914367675781e-01 -4.098817110061645508e-01
1.980698704719543457e-01 -4.098998010158538818e-01
1.981754302978515625e-01 -4.099186062812805176e-01
1.982808560132980347e-01 -4.099380671977996826e-01
1.983861625194549561e-01 -4.099582135677337646e-01
1.984913498163223267e-01 -4.099790751934051514e-01
1.985964030027389526e-01 -4.100006222724914551e-01
1.987013369798660278e-01 -4.100228548049926758e-01
1.988061517477035522e-01 -4.100458025932312012e-01
1.989108473062515259e-01 -4.100694358348846436e-01
1.990153938531875610e-01 -4.100937545299530029e-01
1.991198360919952393e-01 -4.101187884807586670e-01
1.992241442203521729e-01 -4.101445376873016357e-01
1.993283182382583618e-01 -4.101709723472595215e-01
1.994323730468750000e-01 -4.101981222629547119e-01
1.995362937450408936e-01 -4.102259576320648193e-01
1.996400952339172363e-01 -4.102545082569122314e-01
1.997437626123428345e-01 -4.102837741374969482e-01
1.998473107814788818e-01 -4.103137552738189697e-01
1.999507099390029907e-01 -4.103444516658782959e-01
2.000539898872375488e-01 -4.103758633136749268e-01
2.001571506261825562e-01 -4.104079902172088623e-01
2.002601623535156250e-01 -4.104408323764801025e-01
2.003630548715591431e-01 -4.104743897914886475e-01
2.004658132791519165e-01 -4.105086922645568848e-01
2.005684375762939453e-01 -4.105436801910400391e-01
2.006709277629852295e-01 -4.105794131755828857e-01
2.007732838392257690e-01 -4.106158614158630371e-01
2.008755207061767578e-01 -4.106530547142028809e-01
2.009776085615158081e-01 -4.106909632682800293e-01
2.010795623064041138e-01 -4.107295870780944824e-01
2.011813968420028687e-01 -4.107689559459686279e-01
2.012830823659896851e-01 -4.108090698719024658e-01
2.013846337795257568e-01 -4.108498990535736084e-01
2.014860659837722778e-01 -4.108914732933044434e-01
2.015873491764068604e-01 -4.109337925910949707e-01
2.016884982585906982e-01 -4.109768271446228027e-01
2.017894983291625977e-01 -4.110206067562103271e-01
2.018903791904449463e-01 -4.110651612281799316e-01
2.019911110401153564e-01 -4.111104309558868408e-01
2.020917087793350220e-01 -4.111564457416534424e-01
2.021921724081039429e-01 -4.112032055854797363e-01
2.022924870252609253e-01 -4.112507402896881104e-01
2.023926675319671631e-01 -4.112989902496337891e-01
2.024927139282226562e-01 -4.113480150699615479e-01
2.025926113128662109e-01 -4.113977849483489990e-01
2.026923745870590210e-01 -4.114482998847961426e-01
2.027919888496398926e-01 -4.114995896816253662e-01
2.028914690017700195e-01 -4.115516245365142822e-01
2.029908150434494019e-01 -4.116044044494628906e-01
2.030900120735168457e-01 -4.116579592227935791e-01
2.031890600919723511e-01 -4.117122888565063477e-01
2.032879739999771118e-01 -4.117673635482788086e-01
2.033867388963699341e-01 -4.118232131004333496e-01
2.034853547811508179e-01 -4.118798375129699707e-01
2.035838365554809570e-01 -4.119372069835662842e-01
2.036821693181991577e-01 -4.119953811168670654e-01
2.037803530693054199e-01 -4.120543003082275391e-01
2.038784027099609375e-01 -4.121139943599700928e-01
2.039762884378433228e-01 -4.121744632720947266e-01
2.040740400552749634e-01 -4.122357070446014404e-01
2.041716426610946655e-01 -4.122977256774902344e-01
2.042691111564636230e-01 -4.123605191707611084e-01
2.043664157390594482e-01 -4.124241173267364502e-01
2.044635713100433350e-01 -4.124884903430938721e-01
2.045605927705764771e-01 -4.125536382198333740e-01
2.046574503183364868e-01 -4.126195609569549561e-01
2.047541737556457520e-01 -4.126862883567810059e-01
2.048507332801818848e-01 -4.127537906169891357e-01
2.049471586942672729e-01 -4.128220975399017334e-01
2.050434201955795288e-01 -4.128911793231964111e-01
2.051395326852798462e-01 -4.129610657691955566e-01
2.052354961633682251e-01 -4.130317270755767822e-01
2.053313106298446655e-01 -4.131031930446624756e-01
2.054269611835479736e-01 -4.131754636764526367e-01
2.055224776268005371e-01 -4.132485389709472656e-01
2.056178301572799683e-01 -4.133224189281463623e-01
2.057130336761474609e-01 -4.133970737457275391e-01
2.058080732822418213e-01 -4.134725630283355713e-01
2.059029638767242432e-01 -4.135488271713256836e-01
2.059977054595947266e-01 -4.136259257793426514e-01
2.060922980308532715e-01 -4.137037992477416992e-01
2.061867266893386841e-01 -4.137825071811676025e-01
2.062809914350509644e-01 -4.138620197772979736e-01
2.063751071691513062e-01 -4.139423370361328125e-01
2.064690738916397095e-01 -4.140234589576721191e-01
2.065628916025161743e-01 -4.141053855419158936e-01
2.066565454006195068e-01 -4.141881167888641357e-01
2.067500501871109009e-01 -4.142716526985168457e-01
2.068434059619903564e-01 -4.143559634685516357e-01
2.069365978240966797e-01 -4.144410789012908936e-01
2.070296555757522583e-01 -4.145269989967346191e-01
2.071225494146347046e-01 -4.146137237548828125e-01
2.072152942419052124e-01 -4.147012233734130859e-01
2.073078900575637817e-01 -4.147895276546478271e-01
2.074003368616104126e-01 -4.148786067962646484e-01
2.074926346540451050e-01 -4.149684607982635498e-01
2.075847685337066650e-01 -4.150591194629669189e-01
2.076767683029174805e-01 -4.151505529880523682e-01
2.077686190605163574e-01 -4.152427911758422852e-01
2.078603059053421021e-01 -4.153357744216918945e-01
2.079518586397171021e-01 -4.154295623302459717e-01
2.080432623624801636e-01 -4.155241250991821289e-01
2.081345170736312866e-01 -4.156194627285003662e-01
2.082256227731704712e-01 -4.157155752182006836e-01
2.083165943622589111e-01 -4.158124625682830811e-01
2.084074020385742188e-01 -4.159101247787475586e-01
2.084980756044387817e-01 -4.160085320472717285e-01
2.085886001586914062e-01 -4.161077439785003662e-01
2.086789757013320923e-01 -4.162077009677886963e-01
2.087692171335220337e-01 -4.163084328174591064e-01
2.088593095541000366e-01 -4.164099097251892090e-01
2.089492529630661011e-01 -4.165121614933013916e-01
2.090390622615814209e-01 -4.166151583194732666e-01
2.091287225484848022e-01 -4.167189300060272217e-01
2.092182338237762451e-01 -4.168234765529632568e-01
2.093076109886169434e-01 -4.169287383556365967e-01
2.093968391418457031e-01 -4.170347750186920166e-01
2.094859331846237183e-01 -4.171415865421295166e-01
2.095748931169509888e-01 -4.172491133213043213e-01
2.096636891365051270e-01 -4.173574149608612061e-01
2.097523659467697144e-01 -4.174664318561553955e-01
2.098408937454223633e-01 -4.175762236118316650e-01
2.099292874336242676e-01 -4.176867604255676270e-01
2.100175321102142334e-01 -4.177980124950408936e-01
2.101056426763534546e-01 -4.179100394248962402e-01
2.101936191320419312e-01 -4.180227816104888916e-01
2.102814614772796631e-01 -4.181362688541412354e-01
2.103691548109054565e-01 -4.182505011558532715e-01
2.104567140340805054e-01 -4.183654487133026123e-01
2.105441391468048096e-01 -4.184811413288116455e-01
2.106314301490783691e-01 -4.185975790023803711e-01
2.107185721397399902e-01 -4.187147319316864014e-01
2.108055949211120605e-01 -4.188326001167297363e-01
2.108924686908721924e-01 -4.189512133598327637e-01
2.109792083501815796e-01 -4.190705716609954834e-01
2.110658138990402222e-01 -4.191906154155731201e-01
2.111523002386093140e-01 -4.193114042282104492e-01
2.112386375665664673e-01 -4.194329082965850830e-01
2.113248407840728760e-01 -4.195551276206970215e-01
2.114109247922897339e-01 -4.196780622005462646e-01
2.114968597888946533e-01 -4.198017120361328125e-01
2.115826755762100220e-01 -4.199260771274566650e-01
2.116683572530746460e-01 -4.200511574745178223e-01
2.117538899183273315e-01 -4.201769530773162842e-01
2.118393182754516602e-01 -4.203034639358520508e-01
2.119245976209640503e-01 -4.204306602478027344e-01
2.120097428560256958e-01 -4.205586016178131104e-01
2.120947688817977905e-01 -4.206871986389160156e-01
2.121796607971191406e-01 -4.208165407180786133e-01
2.122644335031509399e-01 -4.209465682506561279e-01
2.123490720987319946e-01 -4.210772812366485596e-01
2.124335765838623047e-01 -4.212087094783782959e-01
2.125179469585418701e-01 -4.213408231735229492e-01
2.126021981239318848e-01 -4.214736521244049072e-01
2.126863300800323486e-01 -4.216071665287017822e-01
2.127703279256820679e-01 -4.217413663864135742e-01
2.128541916608810425e-01 -4.218762516975402832e-01
2.129379361867904663e-01 -4.220118224620819092e-01
2.130215615034103394e-01 -4.221480786800384521e-01
2.131050527095794678e-01 -4.222850501537322998e-01
2.131884247064590454e-01 -4.224226772785186768e-01
2.132716625928878784e-01 -4.225609898567199707e-01
2.133547812700271606e-01 -4.226999878883361816e-01
2.134377807378768921e-01 -4.228396713733673096e-01
2.135206460952758789e-01 -4.229800403118133545e-01
2.136033922433853149e-01 -4.231210649013519287e-01
2.136860191822052002e-01 -4.232627749443054199e-01
2.137685269117355347e-01 -4.234051704406738281e-01
2.138509005308151245e-01 -4.235482215881347656e-01
2.139331698417663574e-01 -4.236919283866882324e-01
2.140153050422668457e-01 -4.238363206386566162e-01
2.140973210334777832e-01 -4.239813685417175293e-01
2.141792178153991699e-01 -4.241271018981933594e-01
2.142609953880310059e-01 -4.242734909057617188e-01
2.143426537513732910e-01 -4.244205355644226074e-01
2.144241929054260254e-01 -4.245682358741760254e-01
2.145055979490280151e-01 -4.247165918350219727e-01
2.145868986845016479e-01 -4.248656332492828369e-01
2.146680802106857300e-01 -4.250153005123138428e-01
2.147491574287414551e-01 -4.251656234264373779e-01
2.148301005363464355e-01 -4.253166317939758301e-01
2.149109244346618652e-01 -4.254682660102844238e-01
2.149916440248489380e-01 -4.256205260753631592e-01
2.150722295045852661e-01 -4.257734715938568115e-01
2.151527106761932373e-01 -4.259270429611206055e-01
2.152330875396728516e-01 -4.260812699794769287e-01
2.153133302927017212e-01 -4.262361228466033936e-01
2.153934687376022339e-01 -4.263916313648223877e-01
2.154734879732131958e-01 -4.265477657318115234e-01
2.155534029006958008e-01 -4.267045557498931885e-01
2.156331837177276611e-01 -4.268619716167449951e-01
2.157128751277923584e-01 -4.270200431346893311e-01
2.157924324274063110e-01 -4.271787106990814209e-01
2.158718854188919067e-01 -4.273380339145660400e-01
2.159512341022491455e-01 -4.274979829788208008e-01
2.160304635763168335e-01 -4.276585578918457031e-01
2.161095887422561646e-01 -4.278197586536407471e-01
2.161885946989059448e-01 -4.279815852642059326e-01
2.162674963474273682e-01 -4.281440377235412598e-01
2.163462787866592407e-01 -4.283071160316467285e-01
2.164249569177627563e-01 -4.284708201885223389e-01
2.165035307407379150e-01 -4.286351203918457031e-01
2.165819853544235229e-01 -4.288000464439392090e-01
2.166603356599807739e-01 -4.289655983448028564e-01
2.167385816574096680e-01 -4.291317462921142578e-01
2.168167233467102051e-01 -4.292985200881958008e-01
2.168947458267211914e-01 -4.294659197330474854e-01
2.169726639986038208e-01 -4.296339154243469238e-01
2.170504778623580933e-01 -4.298025071620941162e-01
2.171281874179840088e-01 -4.299717247486114502e-01
2.172057926654815674e-01 -4.301415383815765381e-01
2.172832936048507690e-01 -4.303119480609893799e-01
2.173606902360916138e-01 -4.304829537868499756e-01
2.174379676580429077e-01 -4.306545555591583252e-01
2.175151556730270386e-01 -4.308267831802368164e-01
2.175922244787216187e-01 -4.309996068477630615e-01
2.176692038774490356e-01 -4.311729967594146729e-01
2.177460789680480957e-01 -4.313469827175140381e-01
2.178228497505187988e-01 -4.315215945243835449e-01
2.178995162248611450e-01 -4.316967725753784180e-01
2.179760783910751343e-01 -4.318725466728210449e-01
2.180525362491607666e-01 -4.320488870143890381e-01
2.181289047002792358e-01 -4.322258234024047852e-01
2.182051539421081543e-01 -4.324033558368682861e-01
2.182813137769699097e-01 -4.325814843177795410e-01
2.183573693037033081e-01 -4.327601492404937744e-01
2.184333354234695435e-01 -4.329394400119781494e-01
2.185091972351074219e-01 -4.331192672252655029e-01
2.185849547386169434e-01 -4.332996904850006104e-01
2.186606228351593018e-01 -4.334806799888610840e-01
2.187361866235733032e-01 -4.336622655391693115e-01
2.188116461038589478e-01 -4.338443875312805176e-01
2.188870161771774292e-01 -4.340271055698394775e-01
2.189622819423675537e-01 -4.342103898525238037e-01
2.190374583005905151e-01 -4.343942403793334961e-01
2.191125452518463135e-01 -4.345786273479461670e-01
2.191875278949737549e-01 -4.347636103630065918e-01
2.192624062299728394e-01 -4.349491298198699951e-01
2.193371951580047607e-01 -4.351352453231811523e-01
2.194118946790695190e-01 -4.353218972682952881e-01
2.194865047931671143e-01 -4.355090856552124023e-01
2.195610105991363525e-01 -4.356968700885772705e-01
2.196354269981384277e-01 -4.358851611614227295e-01
2.197097390890121460e-01 -4.360740482807159424e-01
2.197839766740798950e-01 -4.362634718418121338e-01
2.198581099510192871e-01 -4.364534318447113037e-01
2.199321538209915161e-01 -4.366439580917358398e-01
2.200061082839965820e-01 -4.368350207805633545e-01
2.200799733400344849e-01 -4.370266199111938477e-01
2.201537340879440308e-01 -4.372187554836273193e-01
2.202274203300476074e-01 -4.374114573001861572e-01
2.203010022640228271e-01 -4.376046955585479736e-01
2.203745096921920776e-01 -4.377984404563903809e-01
2.204479128122329712e-01 -4.379927515983581543e-01
2.205212265253067017e-01 -4.381875991821289062e-01
2.205944657325744629e-01 -4.383829534053802490e-01
2.206676006317138672e-01 -4.385788738727569580e-01
2.207406610250473022e-01 -4.387753009796142578e-01
2.208136320114135742e-01 -4.389722645282745361e-01
2.208865135908126831e-01 -4.391697347164154053e-01
2.209593057632446289e-01 -4.393677413463592529e-01
2.210320085287094116e-01 -4.395662844181060791e-01
2.211046367883682251e-01 -4.397653341293334961e-01
2.211771756410598755e-01 -4.399649202823638916e-01
2.212496250867843628e-01 -4.401650130748748779e-01
2.213219851255416870e-01 -4.403656423091888428e-01
2.213942706584930420e-01 -4.405667483806610107e-01
2.214664667844772339e-01 -4.407683908939361572e-01
2.215385735034942627e-01 -4.409705698490142822e-01
2.216106057167053223e-01 -4.411732256412506104e-01
2.216825485229492188e-01 -4.413763880729675293e-01
2.217544168233871460e-01 -4.415800869464874268e-01
2.218261957168579102e-01 -4.417842626571655273e-01
2.218979001045227051e-01 -4.419889748096466064e-01
2.219695299863815308e-01 -4.421941637992858887e-01
2.220410555601119995e-01 -4.423998594284057617e-01
2.221125215291976929e-01 -4.426060616970062256e-01
2.221838980913162231e-01 -4.428127408027648926e-01
2.222552001476287842e-01 -4.430199563503265381e-01
2.223264127969741821e-01 -4.432276189327239990e-01
2.223975509405136108e-01 -4.434358179569244385e-01
2.224686145782470703e-01 -4.436444640159606934e-01
2.225395888090133667e-01 -4.438536465167999268e-01
2.226104885339736938e-01 -4.440632760524749756e-01
2.226813137531280518e-01 -4.442734122276306152e-01
2.227520644664764404e-01 -4.444840550422668457e-01
2.228227406740188599e-01 -4.446951448917388916e-01
2.228933423757553101e-01 -4.449067413806915283e-01
2.229638546705245972e-01 -4.451188147068023682e-01
2.230343073606491089e-01 -4.453313648700714111e-01
2.231046706438064575e-01 -4.455443918704986572e-01
2.231749594211578369e-01 -4.457578957080841064e-01
2.232451885938644409e-01 -4.459718465805053711e-01
2.233153283596038818e-01 -4.461863040924072266e-01
2.233853936195373535e-01 -4.464012384414672852e-01
2.234553992748260498e-01 -4.466166198253631592e-01
2.235253155231475830e-01 -4.468324780464172363e-01
2.235951721668243408e-01 -4.470487833023071289e-01
2.236649543046951294e-01 -4.472655653953552246e-01
2.237346619367599487e-01 -4.474828243255615234e-01
2.238042950630187988e-01 -4.477005302906036377e-01
2.238738685846328735e-01 -4.479187130928039551e-01
2.239433526992797852e-01 -4.481373429298400879e-01
2.240127772092819214e-01 -4.483564198017120361e-01
2.240821421146392822e-01 -4.485759735107421875e-01
2.241514176130294800e-01 -4.487959742546081543e-01
2.242206335067749023e-01 -4.490164220333099365e-01
2.242897897958755493e-01 -4.492373168468475342e-01
2.243588715791702271e-01 -4.494586586952209473e-01
2.244278788566589355e-01 -4.496804475784301758e-01
2.244968116283416748e-01 -4.499026834964752197e-01
2.245656996965408325e-01 -4.501253664493560791e-01
2.246344983577728271e-01 -4.503484964370727539e-01
2.247032523155212402e-01 -4.505720436573028564e-01
2.247719168663024902e-01 -4.507960677146911621e-01
2.248405367136001587e-01 -4.510205090045928955e-01
2.249090820550918579e-01 -4.512453973293304443e-01
2.249775528907775879e-01 -4.514707028865814209e-01
2.250459790229797363e-01 -4.516964554786682129e-01
2.251143306493759155e-01 -4.519226253032684326e-01
2.251826077699661255e-01 -4.521492421627044678e-01
2.252508401870727539e-01 -4.523762762546539307e-01
2.253189980983734131e-01 -4.526037275791168213e-01
2.253870964050292969e-01 -4.528316259384155273e-01
2.254551351070404053e-01 -4.530599117279052734e-01
2.255231142044067383e-01 -4.532886445522308350e-01
2.255910187959671021e-01 -4.535177946090698242e-01
2.256588786840438843e-01 -4.537473917007446289e-01
2.257266640663146973e-01 -4.539773762226104736e-01
2.257943898439407349e-01 -4.542077779769897461e-01
2.258620709180831909e-01 -4.544385969638824463e-01
2.259296774864196777e-01 -4.546698033809661865e-01
2.259972244501113892e-01 -4.549014568328857422e-01
2.260647267103195190e-01 -4.551334977149963379e-01
2.261321544647216797e-01 -4.553659558296203613e-01
2.261995375156402588e-01 -4.555988311767578125e-01
2.262668460607528687e-01 -4.558320939540863037e-01
2.263341099023818970e-01 -4.560657441616058350e-01
2.264013141393661499e-01 -4.562998414039611816e-01
2.264684736728668213e-01 -4.565342962741851807e-01
2.265355587005615234e-01 -4.567691683769226074e-01
2.266025990247726440e-01 -4.570044279098510742e-01
2.266695797443389893e-01 -4.572400748729705811e-01
2.267365008592605591e-01 -4.574761390686035156e-01
2.268033772706985474e-01 -4.577125906944274902e-01
2.268701940774917603e-01 -4.579494297504425049e-01
2.269369512796401978e-01 -4.581866264343261719e-01
2.270036637783050537e-01 -4.584242403507232666e-01
2.270703166723251343e-01 -4.586622416973114014e-01
2.271369248628616333e-01 -4.589006304740905762e-01
2.272034734487533569e-01 -4.591393768787384033e-01
2.272699773311614990e-01 -4.593785107135772705e-01
2.273364216089248657e-01 -4.596180319786071777e-01
2.274028211832046509e-01 -4.598579406738281250e-01
2.274691760540008545e-01 -4.600982069969177246e-01
2.275354713201522827e-01 -4.603388607501983643e-01
2.276017069816589355e-01 -4.605798721313476562e-01
2.276679128408432007e-01 -4.608212411403656006e-01
2.277340590953826904e-01 -4.610630273818969727e-01
2.278001457452774048e-01 -4.613051414489746094e-01
2.278662025928497314e-01 -4.615476429462432861e-01
2.279321998357772827e-01 -4.617905020713806152e-01
2.279981523752212524e-01 -4.620337188243865967e-01
2.280640602111816406e-01 -4.622772932052612305e-01
2.281299233436584473e-01 -4.625212252140045166e-01
2.281957417726516724e-01 -4.627655148506164551e-01
2.282615005970001221e-01 -4.630101919174194336e-01
2.283272296190261841e-01 -4.632551968097686768e-01
2.283928990364074707e-01 -4.635005593299865723e-01
2.284585237503051758e-01 -4.637462794780731201e-01
2.285241186618804932e-01 -4.639923274517059326e-01
2.285896539688110352e-01 -4.642387628555297852e-01
2.286551594734191895e-01 -4.644855260848999023e-01
2.287206053733825684e-01 -4.647326171398162842e-01
2.287860214710235596e-01 -4.649800658226013184e-01
2.288513928651809692e-01 -4.652278721332550049e-01
2.289167195558547974e-01 -4.654760062694549561e-01
2.289820015430450439e-01 -4.657244682312011719e-01
2.290472388267517090e-01 -4.659732878208160400e-01
2.291124463081359863e-01 -4.662224352359771729e-01
2.291776090860366821e-01 -4.664719104766845703e-01
2.292427271604537964e-01 -4.667217135429382324e-01
2.293078005313873291e-01 -4.669718742370605469e-01
2.293728440999984741e-01 -4.672223329544067383e-01
2.294378429651260376e-01 -4.674731492996215820e-01
2.295028120279312134e-01 -4.677242636680603027e-01
2.295677214860916138e-01 -4.679757356643676758e-01
2.296326160430908203e-01 -4.682275056838989258e-01
2.296974658966064453e-01 -4.684796035289764404e-01
2.297622710466384888e-01 -4.687320291996002197e-01
2.298270463943481445e-01 -4.689847528934478760e-01
2.298917770385742188e-01 -4.692378044128417969e-01
2.299564778804779053e-01 -4.694911837577819824e-01
2.300211489200592041e-01 -4.697448611259460449e-01
2.300857752561569214e-01 -4.699988663196563721e-01
2.301503717899322510e-01 -4.702531695365905762e-01
2.302149236202239990e-01 -4.705077707767486572e-01
2.302794456481933594e-01 -4.707626998424530029e-01
2.303439378738403320e-01 -4.710179269313812256e-01
2.304084002971649170e-01 -4.712734520435333252e-01
2.304728180170059204e-01 -4.715292751789093018e-01
2.305372208356857300e-01 -4.717854261398315430e-01
2.306015789508819580e-01 -4.720418453216552734e-01
2.306659072637557983e-01 -4.722985923290252686e-01
2.307301908731460571e-01 -4.725556075572967529e-01
2.307944595813751221e-01 -4.728129208087921143e-01
2.308586984872817993e-01 -4.730705618858337402e-01
2.309228926897048950e-01 -4.733284711837768555e-01
2.309870719909667969e-01 -4.735866487026214600e-01
2.310512065887451172e-01 -4.738451540470123291e-01
2.311153262853622437e-01 -4.741038978099822998e-01
2.311794161796569824e-01 -4.743629693984985352e-01
2.312434613704681396e-01 -4.746223092079162598e-01
2.313074916601181030e-01 -4.748819172382354736e-01
2.313714921474456787e-01 -4.751418232917785645e-01
2.314354628324508667e-01 -4.754020273685455322e-01
2.314994186162948608e-01 -4.756624698638916016e-01
2.315633296966552734e-01 -4.759232103824615479e-01
2.316272258758544922e-01 -4.761842191219329834e-01
2.316910922527313232e-01 -4.764454960823059082e-01
2.317549288272857666e-01 -4.767070412635803223e-01
2.318187505006790161e-01 -4.769688546657562256e-01
2.318825423717498779e-01 -4.772309362888336182e-01
2.319463044404983521e-01 -4.774933159351348877e-01
2.320100516080856323e-01 -4.777559340000152588e-01
2.320737689733505249e-01 -4.780187904834747314e-01
2.321374714374542236e-01 -4.782819449901580811e-01
2.322011440992355347e-01 -4.785453379154205322e-01
2.322647869586944580e-01 -4.788089990615844727e-01
2.323284149169921875e-01 -4.790729284286499023e-01
2.323920279741287231e-01 -4.793370962142944336e-01
2.324556112289428711e-01 -4.796015024185180664e-01
2.325191795825958252e-01 -4.798661768436431885e-01
2.325827181339263916e-01 -4.801311194896697998e-01
2.326462417840957642e-01 -4.803963005542755127e-01
2.327097505331039429e-01 -4.806617200374603271e-01
2.327732294797897339e-01 -4.809273779392242432e-01
2.328367084264755249e-01 -4.811932742595672607e-01
2.329001426696777344e-01 -4.814594388008117676e-01
2.329635769128799438e-01 -4.817258417606353760e-01
2.330269962549209595e-01 -4.819924533367156982e-01
2.330903857946395874e-01 -4.822593331336975098e-01
2.331537604331970215e-01 -4.825264513492584229e-01
2.332171201705932617e-01 -4.827937781810760498e-01
2.332804650068283081e-01 -4.830613434314727783e-01
2.333437949419021606e-01 -4.833291471004486084e-01
2.334071099758148193e-01 -4.835971891880035400e-01
2.334703952074050903e-01 -4.838654398918151855e-01
2.335336804389953613e-01 -4.841339290142059326e-01
2.335969507694244385e-01 -4.844026565551757812e-01
2.336602061986923218e-01 -4.846715927124023438e-01
2.337234467267990112e-01 -4.849407374858856201e-01
2.337866723537445068e-01 -4.852101206779479980e-01
2.338498830795288086e-01 -4.854797124862670898e-01
2.339130938053131104e-01 -4.857495129108428955e-01
2.339762747287750244e-01 -4.860195517539978027e-01
2.340394556522369385e-01 -4.862897694110870361e-01
2.341026216745376587e-01 -4.865602254867553711e-01
2.341657727956771851e-01 -4.868308901786804199e-01
2.342289239168167114e-01 -4.871017634868621826e-01
2.342920601367950439e-01 -4.873728454113006592e-01
2.343551814556121826e-01 -4.876441359519958496e-01
2.344183027744293213e-01 -4.879156053066253662e-01
2.344814091920852661e-01 -4.881873130798339844e-01
2.345445007085800171e-01 -4.884591996669769287e-01
2.346075922250747681e-01 -4.887312650680541992e-01
2.346706837415695190e-01 -4.890035688877105713e-01
2.347337454557418823e-01 -4.892760515213012695e-01
2.347968220710754395e-01 -4.895487129688262939e-01
2.348598837852478027e-01 -4.898215830326080322e-01
2.349229305982589722e-01 -4.900946617126464844e-01
2.349859774112701416e-01 -4.903679192066192627e-01
2.350490242242813110e-01 -4.906413555145263672e-01
2.351120561361312866e-01 -4.909149706363677979e-01
2.351750880479812622e-01 -4.911887943744659424e-01
2.352381199598312378e-01 -4.914627671241760254e-01
2.353011369705200195e-01 -4.917369484901428223e-01
2.353641688823699951e-01 -4.920113086700439453e-01
2.354271858930587769e-01 -4.922858476638793945e-01
2.354901880025863647e-01 -4.925605654716491699e-01
2.355532050132751465e-01 -4.928354620933532715e-01
2.356162220239639282e-01 -4.931105077266693115e-01
2.356792241334915161e-01 -4.933857321739196777e-01
2.357422262430191040e-01 -4.936611354351043701e-01
2.358052283525466919e-01 -4.939367175102233887e-01
2.358682453632354736e-01 -4.942124485969543457e-01
2.359312474727630615e-01 -4.944883584976196289e-01
2.359942495822906494e-01 -4.947644472122192383e-01
2.360572516918182373e-01 -4.950406551361083984e-01
2.361202538013458252e-01 -4.953170716762542725e-01
2.361832708120346069e-01 -4.955936074256896973e-01
2.362462729215621948e-01 -4.958703219890594482e-01
2.363092899322509766e-01 -4.961471855640411377e-01
2.363722920417785645e-01 -4.964242279529571533e-01
2.364353090524673462e-01 -4.967013895511627197e-01
2.364983409643173218e-01 -4.969787299633026123e-01
2.365613579750061035e-01 -4.972561895847320557e-01
2.366243898868560791e-01 -4.975338280200958252e-01
2.366874217987060547e-01 -4.978115856647491455e-01
2.367504537105560303e-01 -4.980895221233367920e-01
2.368135005235671997e-01 -4.983675777912139893e-01
2.368765473365783691e-01 -4.986457824707031250e-01
2.369395941495895386e-01 -4.989241063594818115e-01
2.370026558637619019e-01 -4.992026090621948242e-01
2.370657175779342651e-01 -4.994812309741973877e-01
2.371287941932678223e-01 -4.997599720954895020e-01
2.371918708086013794e-01 -5.000388622283935547e-01
2.372549623250961304e-01 -5.003178715705871582e-01
2.373180538415908813e-01 -5.005970597267150879e-01
2.373811602592468262e-01 -5.008763074874877930e-01
2.374442666769027710e-01 -5.011557340621948242e-01
2.375073879957199097e-01 -5.014352798461914062e-01
2.375705242156982422e-01 -5.017149448394775391e-01
2.376336753368377686e-01 -5.019947290420532227e-01
2.376968264579772949e-01 -5.022746324539184570e-01
2.377599924802780151e-01 -5.025546550750732422e-01
2.378231585025787354e-01 -5.028347969055175781e-01
2.378863543272018433e-01 -5.031150579452514648e-01
2.379495501518249512e-01 -5.033954381942749023e-01
2.380127608776092529e-01 -5.036758780479431152e-01
2.380759865045547485e-01 -5.039564967155456543e-01
2.381392270326614380e-01 -5.042372345924377441e-01
2.382024675607681274e-01 -5.045180320739746094e-01
2.382657378911972046e-01 -5.047989487648010254e-01
2.383290231227874756e-01 -5.050799846649169922e-01
2.383923083543777466e-01 -5.053611397743225098e-01
2.384556233882904053e-01 -5.056423544883728027e-01
2.385189384222030640e-01 -5.059236884117126465e-01
2.385822832584381104e-01 -5.062051415443420410e-01
2.386456429958343506e-01 -5.064866542816162109e-01
2.387090176343917847e-01 -5.067682862281799316e-01
2.387724071741104126e-01 -5.070500373840332031e-01
2.388358116149902344e-01 -5.073318481445312500e-01
2.388992309570312500e-01 -5.076137185096740723e-01
2.389626801013946533e-01 -5.078957676887512207e-01
2.390261441469192505e-01 -5.081778168678283691e-01
2.390896230936050415e-01 -5.084599852561950684e-01
2.391531169414520264e-01 -5.087422728538513184e-01
2.392166405916213989e-01 -5.090246200561523438e-01
2.392801791429519653e-01 -5.093070268630981445e-01
2.393437474966049194e-01 -5.095894932746887207e-01
2.394073307514190674e-01 -5.098720788955688477e-01
2.394709289073944092e-01 -5.101547837257385254e-01
2.395345568656921387e-01 -5.104374885559082031e-01
2.395981997251510620e-01 -5.107203125953674316e-01
2.396618574857711792e-01 -5.110031962394714355e-01
2.397255599498748779e-01 -5.112861394882202148e-01
2.397892624139785767e-01 -5.115691423416137695e-01
2.398530095815658569e-01 -5.118522047996520996e-01
2.399167716503143311e-01 -5.121353864669799805e-01
2.399805486202239990e-01 -5.124185681343078613e-01
2.400443702936172485e-01 -5.127018690109252930e-01
2.401082068681716919e-01 -5.129851698875427246e-01
2.401720583438873291e-01 -5.132685899734497070e-01
2.402359545230865479e-01 -5.135520696640014648e-01
2.402998656034469604e-01 -5.138355493545532227e-01
2.403638064861297607e-01 -5.141191482543945312e-01
2.404277622699737549e-01 -5.144027471542358398e-01
2.404917627573013306e-01 -5.146864056587219238e-01
2.405557781457901001e-01 -5.149701237678527832e-01
2.406198382377624512e-01 -5.152539014816284180e-01
2.406839132308959961e-01 -5.155377388000488281e-01
2.407480180263519287e-01 -5.158215761184692383e-01
2.408121526241302490e-01 -5.161054730415344238e-01
2.408763170242309570e-01 -5.163894295692443848e-01
2.409405112266540527e-01 -5.166733860969543457e-01
2.410047352313995361e-01 -5.169574618339538574e-01
2.410690039396286011e-01 -5.172414779663085938e-01
2.411332875490188599e-01 -5.175256133079528809e-01
2.411976009607315063e-01 -5.178097486495971680e-01
2.412619590759277344e-01 -5.180938839912414551e-01
2.413263469934463501e-01 -5.183780789375305176e-01
2.413907647132873535e-01 -5.186623334884643555e-01
2.414552122354507446e-01 -5.189465284347534180e-01
2.415196895599365234e-01 -5.192308425903320312e-01
2.415842115879058838e-01 -5.195151567459106445e-01
2.416487634181976318e-01 -5.197994709014892578e-01
2.417133450508117676e-01 -5.200837850570678711e-01
2.417779713869094849e-01 -5.203681588172912598e-01
2.418426275253295898e-01 -5.206525325775146484e-01
2.419073134660720825e-01 -5.209369659423828125e-01
2.419720441102981567e-01 -5.212213397026062012e-01
2.420368045568466187e-01 -5.215057730674743652e-01
2.421016097068786621e-01 -5.217902064323425293e-01
2.421664446592330933e-01 -5.220746994018554688e-01
2.422313243150711060e-01 -5.223591327667236328e-01
2.422962337732315063e-01 -5.226436257362365723e-01
2.423611879348754883e-01 -5.229280591011047363e-01
2.424261868000030518e-01 -5.232125520706176758e-01
2.424912154674530029e-01 -5.234969854354858398e-01
2.425562888383865356e-01 -5.237814784049987793e-01
2.426213920116424561e-01 -5.240659713745117188e-01
2.426865547895431519e-01 -5.243504643440246582e-01
2.427517473697662354e-01 -5.246348977088928223e-01
2.428169697523117065e-01 -5.249193906784057617e-01
2.428822517395019531e-01 -5.252038240432739258e-01
2.429475635290145874e-01 -5.254882574081420898e-01
2.430129200220108032e-01 -5.257726907730102539e-01
2.430783212184906006e-01 -5.260571241378784180e-01
2.431437671184539795e-01 -5.263415575027465820e-01
2.432092577219009399e-01 -5.266259312629699707e-01
2.432747930288314819e-01 -5.269103050231933594e-01
2.433403581380844116e-01 -5.271946787834167480e-01
2.434059828519821167e-01 -5.274789929389953613e-01
2.434716522693634033e-01 -5.277633070945739746e-01
2.435373663902282715e-01 -5.280476212501525879e-01
2.436031103134155273e-01 -5.283318758010864258e-01
2.436689138412475586e-01 -5.286161303520202637e-01
2.437347620725631714e-01 -5.289003252983093262e-01
2.438006699085235596e-01 -5.291845202445983887e-01
2.438666075468063354e-01 -5.294686555862426758e-01
2.439326047897338867e-01 -5.297527909278869629e-01
2.439986318349838257e-01 -5.300368666648864746e-01
2.440647184848785400e-01 -5.303209424018859863e-01
2.441308647394180298e-01 -5.306049585342407227e-01
2.441970407962799072e-01 -5.308889150619506836e-01
2.442632764577865601e-01 -5.311728715896606445e-01
2.443295568227767944e-01 -5.314567089080810547e-01
2.443958967924118042e-01 -5.317406058311462402e-01
2.444622814655303955e-01 -5.320243835449218750e-01
2.445287257432937622e-01 -5.323081612586975098e-01
2.445952147245407104e-01 -5.325918197631835938e-01
2.446617484092712402e-01 -5.328754782676696777e-01
2.447283416986465454e-01 -5.331590771675109863e-01
2.447949796915054321e-01 -5.334426164627075195e-01
2.448616772890090942e-01 -5.337261557579040527e-01
2.449284344911575317e-01 -5.340095758438110352e-01
2.449952363967895508e-01 -5.342929363250732422e-01
2.450620979070663452e-01 -5.345762968063354492e-01
2.451290190219879150e-01 -5.348595380783081055e-01
2.451959848403930664e-01 -5.351427197456359863e-01
2.452630102634429932e-01 -5.354258418083190918e-01
2.453300803899765015e-01 -5.357089042663574219e-01
2.453972250223159790e-01 -5.359919071197509766e-01
2.454644143581390381e-01 -5.362748503684997559e-01
2.455316632986068726e-01 -5.365576744079589844e-01
2.455989718437194824e-01 -5.368404984474182129e-01
2.456663250923156738e-01 -5.371232032775878906e-01
2.457337528467178345e-01 -5.374057888984680176e-01
2.458012253046035767e-01 -5.376883745193481445e-01
2.458687722682952881e-01 -5.379708409309387207e-01
2.459363639354705811e-01 -5.382532477378845215e-01
2.460040301084518433e-01 -5.385355353355407715e-01
2.460717409849166870e-01 -5.388177633285522461e-01
2.461395114660263062e-01 -5.390999317169189453e-01
2.462073564529418945e-01 -5.393819808959960938e-01
2.462752610445022583e-01 -5.396639704704284668e-01
2.463432103395462036e-01 -5.399458408355712891e-01
2.464112341403961182e-01 -5.402276515960693359e-01
2.464793175458908081e-01 -5.405093431472778320e-01
2.465474754571914673e-01 -5.407909154891967773e-01
2.466156780719757080e-01 -5.410724282264709473e-01
2.466839551925659180e-01 -5.413538217544555664e-01
2.467522919178009033e-01 -5.416351556777954102e-01
2.468206882476806641e-01 -5.419163107872009277e-01
2.468891590833663940e-01 -5.421974658966064453e-01
2.469576895236968994e-01 -5.424784421920776367e-01
2.470262795686721802e-01 -5.427592992782592773e-01
2.470949441194534302e-01 -5.430400967597961426e-01
2.471636682748794556e-01 -5.433207750320434570e-01
2.472324669361114502e-01 -5.436013340950012207e-01
2.473013252019882202e-01 -5.438817739486694336e-01
2.473702579736709595e-01 -5.441621541976928711e-01
2.474392503499984741e-01 -5.444423556327819824e-01
2.475083172321319580e-01 -5.447224974632263184e-01
2.475774437189102173e-01 -5.450024604797363281e-01
2.476466447114944458e-01 -5.452823042869567871e-01
2.477159202098846436e-01 -5.455620884895324707e-01
2.477852553129196167e-01 -5.458416938781738281e-01
2.478546649217605591e-01 -5.461211800575256348e-01
2.479241490364074707e-01 -5.464005470275878906e-01
2.479936927556991577e-01 -5.466797947883605957e-01
2.480633109807968140e-01 -5.469589233398437500e-01
2.481330037117004395e-01 -5.472378730773925781e-01
2.482027709484100342e-01 -5.475167036056518555e-01
2.482725977897644043e-01 -5.477954149246215820e-01
2.483425140380859375e-01 -5.480740070343017578e-01
2.484124898910522461e-01 -5.483524799346923828e-01
2.484825402498245239e-01 -5.486307740211486816e-01
2.485526800155639648e-01 -5.489088892936706543e-01
2.486228793859481812e-01 -5.491869449615478516e-01
2.486931532621383667e-01 -5.494648218154907227e-01
2.487635016441345215e-01 -5.497425198554992676e-01
2.488339394330978394e-01 -5.500200986862182617e-01
2.489044368267059326e-01 -5.502975583076477051e-01
2.489750087261199951e-01 -5.505748391151428223e-01
2.490456700325012207e-01 -5.508519411087036133e-01
2.491164058446884155e-01 -5.511289238929748535e-01
2.491872012615203857e-01 -5.514057278633117676e-01
2.492581009864807129e-01 -5.516824126243591309e-01
2.493290603160858154e-01 -5.519589185714721680e-01
2.494000941514968872e-01 -5.522352457046508789e-01
2.494712173938751221e-01 -5.525114536285400391e-01
2.495424151420593262e-01 -5.527874231338500977e-01
2.496137022972106934e-01 -5.530632734298706055e-01
2.496850639581680298e-01 -5.533390045166015625e-01
2.497565001249313354e-01 -5.536144971847534180e-01
2.498280107975006104e-01 -5.538898706436157227e-01
2.498996257781982422e-01 -5.541650652885437012e-01
2.499713003635406494e-01 -5.544400215148925781e-01
2.500430643558502197e-01 -5.547148585319519043e-01
2.501149177551269531e-01 -5.549895167350769043e-01
2.501868307590484619e-01 -5.552639961242675781e-01
2.502588629722595215e-01 -5.555382966995239258e-01
2.503309547901153564e-01 -5.558124184608459473e-01
2.504031360149383545e-01 -5.560863614082336426e-01
2.504753768444061279e-01 -5.563601255416870117e-01
2.505477368831634521e-01 -5.566337108612060547e-01
2.506201565265655518e-01 -5.569070577621459961e-01
2.506926655769348145e-01 -5.571802258491516113e-01
2.507652938365936279e-01 -5.574532747268676758e-01
2.508379817008972168e-01 -5.577260851860046387e-01
2.509107589721679688e-01 -5.579986572265625000e-01
2.509835958480834961e-01 -5.582711100578308105e-01
2.510565519332885742e-01 -5.585433244705200195e-01
2.511295974254608154e-01 -5.588153600692749023e-01
2.512027025222778320e-01 -5.590871572494506836e-01
2.512759268283843994e-01 -5.593588352203369141e-01
2.513492107391357422e-01 -5.596302151679992676e-01
2.514226138591766357e-01 -5.599014759063720703e-01
2.514961063861846924e-01 -5.601724386215209961e-01
2.515696585178375244e-01 -5.604432821273803711e-01
2.516433298587799072e-01 -5.607138872146606445e-01
2.517170608043670654e-01 -5.609842538833618164e-01
2.517909109592437744e-01 -5.612544417381286621e-01
2.518648505210876465e-01 -5.615243911743164062e-01
2.519388496875762939e-01 -5.617941021919250488e-01
2.520129680633544922e-01 -5.620636343955993652e-01
2.520871758460998535e-01 -5.623329281806945801e-01
2.521614730358123779e-01 -5.626020431518554688e-01
2.522358894348144531e-01 -5.628709197044372559e-01
2.523103654384613037e-01 -5.631395578384399414e-01
2.523849308490753174e-01 -5.634079575538635254e-01
2.524596154689788818e-01 -5.636761188507080078e-01
2.525343894958496094e-01 -5.639441013336181641e-01
2.526092529296875000e-01 -5.642118453979492188e-01
2.526842057704925537e-01 -5.644793510437011719e-01
2.527592778205871582e-01 -5.647466182708740234e-01
2.528344392776489258e-01 -5.650136470794677734e-01
2.529096901416778564e-01 -5.652804374694824219e-01
2.529850304126739502e-01 -5.655469894409179688e-01
2.530604600906372070e-01 -5.658133029937744141e-01
2.531360089778900146e-01 -5.660793781280517578e-01
2.532116472721099854e-01 -5.663452148437500000e-01
2.532873749732971191e-01 -5.666108131408691406e-01
2.533632218837738037e-01 -5.668761134147644043e-01
2.534391582012176514e-01 -5.671412348747253418e-01
2.535151839256286621e-01 -5.674060583114624023e-01
2.535913288593292236e-01 -5.676707029342651367e-01
2.536675631999969482e-01 -5.679349899291992188e-01
2.537439167499542236e-01 -5.681990981101989746e-01
2.538203597068786621e-01 -5.684629678726196289e-01
2.538968920707702637e-01 -5.687265396118164062e-01
2.539735436439514160e-01 -5.689898133277893066e-01
2.540502846240997314e-01 -5.692529082298278809e-01
2.541271150112152100e-01 -5.695157051086425781e-01
2.542040646076202393e-01 -5.697782039642333984e-01
2.542811334133148193e-01 -5.700405240058898926e-01
2.543582916259765625e-01 -5.703024864196777344e-01
2.544355392456054688e-01 -5.705642104148864746e-01
2.545129060745239258e-01 -5.708256959915161133e-01
2.545903921127319336e-01 -5.710868835449218750e-01
2.546679675579071045e-01 -5.713478326797485352e-01
2.547456622123718262e-01 -5.716084837913513184e-01
2.548234462738037109e-01 -5.718688368797302246e-01
2.549013495445251465e-01 -5.721289515495300293e-01
2.549793422222137451e-01 -5.723887681961059570e-01
2.550574541091918945e-01 -5.726482868194580078e-01
2.551356852054595947e-01 -5.729075074195861816e-01
2.552140057086944580e-01 -5.731664896011352539e-01
2.552924454212188721e-01 -5.734251737594604492e-01
2.553709745407104492e-01 -5.736835598945617676e-01
2.554496228694915771e-01 -5.739416480064392090e-01
2.555283904075622559e-01 -5.741994976997375488e-01
2.556072771549224854e-01 -5.744569897651672363e-01
2.556862533092498779e-01 -5.747142434120178223e-01
2.557653486728668213e-01 -5.749711990356445312e-01
2.558445632457733154e-01 -5.752277970314025879e-01
2.559238672256469727e-01 -5.754841566085815430e-01
2.560033202171325684e-01 -5.757402181625366211e-01
2.560828626155853271e-01 -5.759959220886230469e-01
2.561624944210052490e-01 -5.762513875961303711e-01
2.562422752380371094e-01 -5.765064954757690430e-01
2.563221454620361328e-01 -5.767613053321838379e-01
2.564021348953247070e-01 -5.770158171653747559e-01
2.564822435379028320e-01 -5.772700309753417969e-01
2.565624713897705078e-01 -5.775239467620849609e-01
2.566428184509277344e-01 -5.777775049209594727e-01
2.567232847213745117e-01 -5.780307650566101074e-01
2.568038403987884521e-01 -5.782837271690368652e-01
2.568845450878143311e-01 -5.785363912582397461e-01
2.569653391838073730e-01 -5.787886977195739746e-01
2.570462524890899658e-01 -5.790407061576843262e-01
2.571272850036621094e-01 -5.792923569679260254e-01
2.572084367275238037e-01 -5.795437097549438477e-01
2.572897076606750488e-01 -5.797947645187377930e-01
2.573710978031158447e-01 -5.800454616546630859e-01
2.574526071548461914e-01 -5.802958011627197266e-01
2.575342655181884766e-01 -5.805458426475524902e-01
2.576160132884979248e-01 -5.807955861091613770e-01
2.576978802680969238e-01 -5.810449123382568359e-01
2.577798664569854736e-01 -5.812940001487731934e-01
2.578619718551635742e-01 -5.815426707267761230e-01
2.579441964626312256e-01 -5.817910432815551758e-01
2.580265700817108154e-01 -5.820390582084655762e-01
2.581090331077575684e-01 -5.822867751121520996e-01
2.581916153430938721e-01 -5.825340747833251953e-01
2.582743465900421143e-01 -5.827810764312744141e-01
2.583571970462799072e-01 -5.830277204513549805e-01
2.584401667118072510e-01 -5.832740664482116699e-01
2.585232555866241455e-01 -5.835199952125549316e-01
2.586064636707305908e-01 -5.837656259536743164e-01
2.586897909641265869e-01 -5.840108394622802734e-01
2.587732672691345215e-01 -5.842557549476623535e-01
2.588568627834320068e-01 -5.845003128051757812e-01
2.589405775070190430e-01 -5.847445130348205566e-01
2.590244114398956299e-01 -5.849882960319519043e-01
2.591083943843841553e-01 -5.852317810058593750e-01
2.591924667358398438e-01 -5.854749083518981934e-01
2.592766880989074707e-01 -5.857176184654235840e-01
2.593610584735870361e-01 -5.859600305557250977e-01
2.594455182552337646e-01 -5.862020254135131836e-01
2.595301270484924316e-01 -5.864436626434326172e-01
2.596148848533630371e-01 -5.866849422454833984e-01
2.596997320652008057e-01 -5.869258046150207520e-01
2.597847282886505127e-01 -5.871663689613342285e-01
2.598698437213897705e-01 -5.874065160751342773e-01
2.599551081657409668e-01 -5.876463055610656738e-01
2.600404918193817139e-01 -5.878856778144836426e-01
2.601260244846343994e-01 -5.881246924400329590e-01
2.602116465568542480e-01 -5.883633494377136230e-01
2.602974474430084229e-01 -5.886015892028808594e-01
2.603833377361297607e-01 -5.888394713401794434e-01
2.604694068431854248e-01 -5.890769362449645996e-01
2.605555653572082520e-01 -5.893140435218811035e-01
2.606418728828430176e-01 -5.895507931709289551e-01
2.607283294200897217e-01 -5.897870659828186035e-01
2.608149051666259766e-01 -5.900230407714843750e-01
2.609016299247741699e-01 -5.902585387229919434e-01
2.609884738922119141e-01 -5.904936790466308594e-01
2.610754668712615967e-01 -5.907284021377563477e-01
2.611625790596008301e-01 -5.909627676010131836e-01
2.612498402595520020e-01 -5.911967158317565918e-01
2.613372206687927246e-01 -5.914302468299865723e-01
2.614247500896453857e-01 -5.916634202003479004e-01
2.615124285221099854e-01 -5.918961167335510254e-01
2.616002261638641357e-01 -5.921284556388854980e-01
2.616881728172302246e-01 -5.923603773117065430e-01
2.617762386798858643e-01 -5.925918817520141602e-01
2.618644535541534424e-01 -5.928229689598083496e-01
2.619528174400329590e-01 -5.930536985397338867e-01
2.620413303375244141e-01 -5.932839512825012207e-01
2.621299624443054199e-01 -5.935137867927551270e-01
2.622187435626983643e-01 -5.937432646751403809e-01
2.623076438903808594e-01 -5.939722657203674316e-01
2.623967230319976807e-01 -5.942008495330810547e-01
2.624859213829040527e-01 -5.944290161132812500e-01
2.625752687454223633e-01 -5.946567654609680176e-01
2.626647353172302246e-01 -5.948840975761413574e-01
2.627543807029724121e-01 -5.951110124588012695e-01
2.628441452980041504e-01 -5.953375101089477539e-01
2.629340589046478271e-01 -5.955635309219360352e-01
2.630241215229034424e-01 -5.957891345024108887e-01
2.631143033504486084e-01 -5.960143208503723145e-01
2.632046639919281006e-01 -5.962390303611755371e-01
2.632951438426971436e-01 -5.964633822441101074e-01
2.633858025074005127e-01 -5.966872572898864746e-01
2.634765803813934326e-01 -5.969106554985046387e-01
2.635675072669982910e-01 -5.971336364746093750e-01
2.636585831642150879e-01 -5.973562002182006836e-01
2.637498080730438232e-01 -5.975782871246337891e-01
2.638411521911621094e-01 -5.977999567985534668e-01
2.639326751232147217e-01 -5.980211496353149414e-01
2.640243470668792725e-01 -5.982418656349182129e-01
2.641161680221557617e-01 -5.984622240066528320e-01
2.642081081867218018e-01 -5.986820459365844727e-01
2.643002271652221680e-01 -5.989014506340026855e-01
2.643924951553344727e-01 -5.991203784942626953e-01
2.644849121570587158e-01 -5.993388891220092773e-01
2.645774781703948975e-01 -5.995569229125976562e-01
2.646701633930206299e-01 -5.997744798660278320e-01
2.647630274295806885e-01 -5.999915599822998047e-01
2.648560404777526855e-01 -6.002082228660583496e-01
2.649492025375366211e-01 -6.004244089126586914e-01
2.650425434112548828e-01 -6.006401181221008301e-01
2.651360034942626953e-01 -6.008553504943847656e-01
2.652296423912048340e-01 -6.010701060295104980e-01
2.653234004974365234e-01 -6.012843847274780273e-01
2.654173374176025391e-01 -6.014982461929321289e-01
2.655114233493804932e-01 -6.017115712165832520e-01
2.656056582927703857e-01 -6.019244194030761719e-01
2.657000422477722168e-01 -6.021368503570556641e-01
2.657946050167083740e-01 -6.023487448692321777e-01
2.658893167972564697e-01 -6.025602221488952637e-01
2.659841775894165039e-01 -6.027711629867553711e-01
2.660791873931884766e-01 -6.029816269874572754e-01
2.661743462085723877e-01 -6.031916141510009766e-01
2.662696838378906250e-01 -6.034011244773864746e-01
2.663651704788208008e-01 -6.036100983619689941e-01
2.664608061313629150e-01 -6.038185954093933105e-01
2.665566205978393555e-01 -6.040266156196594238e-01
2.666525840759277344e-01 -6.042341589927673340e-01
2.667486965656280518e-01 -6.044412255287170410e-01
2.668449878692626953e-01 -6.046477556228637695e-01
2.669414281845092773e-01 -6.048538088798522949e-01
2.670380473136901855e-01 -6.050593256950378418e-01
2.671347856521606445e-01 -6.052643656730651855e-01
2.672317326068878174e-01 -6.054688692092895508e-01
2.673287987709045410e-01 -6.056728959083557129e-01
2.674260437488555908e-01 -6.058764457702636719e-01
2.675234675407409668e-01 -6.060794591903686523e-01
2.676210403442382812e-01 -6.062819361686706543e-01
2.677187621593475342e-01 -6.064839363098144531e-01
2.678166627883911133e-01 -6.066854596138000488e-01
2.679147124290466309e-01 -6.068863868713378906e-01
2.680129408836364746e-01 -6.070868372917175293e-01
2.681113481521606445e-01 -6.072868108749389648e-01
2.682099044322967529e-01 -6.074861884117126465e-01
2.683086097240447998e-01 -6.076850891113281250e-01
2.684074938297271729e-01 -6.078834533691406250e-01
2.685065567493438721e-01 -6.080812811851501465e-01
2.686057686805725098e-01 -6.082786321640014648e-01
2.687051594257354736e-01 -6.084754467010498047e-01
2.688046991825103760e-01 -6.086716651916503906e-01
2.689044177532196045e-01 -6.088674068450927734e-01
2.690043151378631592e-01 -6.090626120567321777e-01
2.691043615341186523e-01 -6.092572808265686035e-01
2.692045867443084717e-01 -6.094514131546020508e-01
2.693049907684326172e-01 -6.096450090408325195e-01
2.694055438041687012e-01 -6.098380684852600098e-01
2.695062756538391113e-01 -6.100305914878845215e-01
2.696071863174438477e-01 -6.102225780487060547e-01
2.697082459926605225e-01 -6.104140281677246094e-01
2.698094844818115234e-01 -6.106048822402954102e-01
2.699109017848968506e-01 -6.107952594757080078e-01
2.700124979019165039e-01 -6.109850406646728516e-01
2.701142430305480957e-01 -6.111742854118347168e-01
2.702161669731140137e-01 -6.113629937171936035e-01
2.703182697296142578e-01 -6.115511059761047363e-01
2.704205513000488281e-01 -6.117386817932128906e-01
2.705230116844177246e-01 -6.119257211685180664e-01
2.706256508827209473e-01 -6.121122241020202637e-01
2.707284390926361084e-01 -6.122981309890747070e-01
2.708314061164855957e-01 -6.124835014343261719e-01
2.709345519542694092e-01 -6.126682758331298828e-01
2.710378766059875488e-01 -6.128525137901306152e-01
2.711413800716400146e-01 -6.130361557006835938e-01
2.712450623512268066e-01 -6.132192611694335938e-01
2.713489234447479248e-01 -6.134018301963806152e-01
2.714529335498809814e-01 -6.135837435722351074e-01
2.715571522712707520e-01 -6.137651205062866211e-01
2.716615498065948486e-01 -6.139459609985351562e-01
2.717660963535308838e-01 -6.141262054443359375e-01
2.718708515167236328e-01 -6.143058538436889648e-01
2.719757556915283203e-01 -6.144849658012390137e-01
2.720808684825897217e-01 -6.146634817123413086e-01
2.721861600875854492e-01 -6.148414015769958496e-01
2.722916007041931152e-01 -6.150187253952026367e-01
2.723972499370574951e-01 -6.151954531669616699e-01
2.725030779838562012e-01 -6.153716444969177246e-01
2.726090848445892334e-01 -6.155472397804260254e-01
2.727152705192565918e-01 -6.157222390174865723e-01
2.728216350078582764e-01 -6.158966422080993652e-01
2.729281783103942871e-01 -6.160704493522644043e-01
2.730349004268646240e-01 -6.162436604499816895e-01
2.731418311595916748e-01 -6.164162755012512207e-01
2.732489407062530518e-01 -6.165882945060729980e-01
2.733561992645263672e-01 -6.167597174644470215e-01
2.734636962413787842e-01 -6.169305443763732910e-01
2.735713422298431396e-01 -6.171007752418518066e-01
2.736791670322418213e-01 -6.172704100608825684e-01
2.737872004508972168e-01 -6.174393892288208008e-01
2.738954126834869385e-01 -6.176078319549560547e-01
2.740038037300109863e-01 -6.177756190299987793e-01
2.741123735904693604e-01 -6.179428100585937500e-01
2.742211520671844482e-01 -6.181094050407409668e-01
2.743301093578338623e-01 -6.182753443717956543e-01
2.744392454624176025e-01 -6.184406876564025879e-01
2.745485901832580566e-01 -6.186054348945617676e-01
2.746581137180328369e-01 -6.187695860862731934e-01
2.747678160667419434e-01 -6.189330816268920898e-01
2.748777270317077637e-01 -6.190959215164184570e-01
2.749878168106079102e-01 -6.192581653594970703e-01
2.750980854034423828e-01 -6.194198131561279297e-01
2.752085626125335693e-01 -6.195808053016662598e-01
2.753192186355590820e-01 -6.197412014007568359e-01
2.754300534725189209e-01 -6.199009418487548828e-01
2.755410969257354736e-01 -6.200600862503051758e-01
2.756523489952087402e-01 -6.202185750007629395e-01
2.757637798786163330e-01 -6.203764081001281738e-01
2.758753895759582520e-01 -6.205336451530456543e-01
2.759872078895568848e-01 -6.206902265548706055e-01
2.760992050170898438e-01 -6.208461523056030273e-01
2.762114107608795166e-01 -6.210014224052429199e-01
2.763237953186035156e-01 -6.211560964584350586e-01
2.764363884925842285e-01 -6.213101148605346680e-01
2.765491902828216553e-01 -6.214634776115417480e-01
2.766621708869934082e-01 -6.216162443161010742e-01
2.767753303050994873e-01 -6.217682957649230957e-01
2.768886983394622803e-01 -6.219197511672973633e-01
2.770022749900817871e-01 -6.220704913139343262e-01
2.771160304546356201e-01 -6.222206354141235352e-01
2.772299945354461670e-01 -6.223701238632202148e-01
2.773441672325134277e-01 -6.225188970565795898e-01
2.774585187435150146e-01 -6.226670742034912109e-01
2.775730788707733154e-01 -6.228145956993103027e-01
2.776878476142883301e-01 -6.229614019393920898e-01
2.778027951717376709e-01 -6.231076121330261230e-01
2.779179513454437256e-01 -6.232531070709228516e-01
2.780333161354064941e-01 -6.233979463577270508e-01
2.781488597393035889e-01 -6.235421299934387207e-01
2.782646119594573975e-01 -6.236856579780578613e-01
2.783805727958679199e-01 -6.238284707069396973e-01
2.784967422485351562e-01 -6.239706277847290039e-01
2.786130905151367188e-01 -6.241121292114257812e-01
2.787296772003173828e-01 -6.242529749870300293e-01
2.788464426994323730e-01 -6.243931055068969727e-01
2.789634168148040771e-01 -6.245325803756713867e-01
2.790805697441101074e-01 -6.246713399887084961e-01
2.791979610919952393e-01 -6.248094439506530762e-01
2.793155312538146973e-01 -6.249468922615051270e-01
2.794333100318908691e-01 -6.250836253166198730e-01
2.795513272285461426e-01 -6.252196431159973145e-01
2.796695232391357422e-01 -6.253550052642822266e-01
2.797879278659820557e-01 -6.254897117614746094e-01
2.799065113067626953e-01 -6.256237030029296875e-01
2.800253331661224365e-01 -6.257569789886474609e-01
2.801443636417388916e-01 -6.258895397186279297e-01
2.802636027336120605e-01 -6.260214447975158691e-01
2.803830206394195557e-01 -6.261526346206665039e-01
2.805026769638061523e-01 -6.262831687927246094e-01
2.806225121021270752e-01 -6.264129877090454102e-01
2.807425856590270996e-01 -6.265420913696289062e-01
2.808628678321838379e-01 -6.266704797744750977e-01
2.809833288192749023e-01 -6.267981529235839844e-01
2.811040282249450684e-01 -6.269251704216003418e-01
2.812249362468719482e-01 -6.270514130592346191e-01
2.813460528850555420e-01 -6.271770000457763672e-01
2.814673781394958496e-01 -6.273018717765808105e-01
2.815889120101928711e-01 -6.274259686470031738e-01
2.817106544971466064e-01 -6.275494098663330078e-01
2.818326056003570557e-01 -6.276721358299255371e-01
2.819547951221466064e-01 -6.277941465377807617e-01
2.820771634578704834e-01 -6.279153823852539062e-01
2.821997702121734619e-01 -6.280359625816345215e-01
2.823225855827331543e-01 -6.281557679176330566e-01
2.824456095695495605e-01 -6.282749176025390625e-01
2.825688421726226807e-01 -6.283932924270629883e-01
2.826923131942749023e-01 -6.285109519958496094e-01
2.828159928321838379e-01 -6.286278367042541504e-01
2.829398512840270996e-01 -6.287440657615661621e-01
2.830639779567718506e-01 -6.288595199584960938e-01
2.831882834434509277e-01 -6.289742588996887207e-01
2.833128273487091064e-01 -6.290882229804992676e-01
2.834375798702239990e-01 -6.292014718055725098e-01
2.835625410079956055e-01 -6.293140053749084473e-01
2.836877405643463135e-01 -6.294257640838623047e-01
2.838131487369537354e-01 -6.295368075370788574e-01
2.839387655258178711e-01 -6.296470761299133301e-01
2.840646207332611084e-01 -6.297566294670104980e-01
2.841906845569610596e-01 -6.298654675483703613e-01
2.843169867992401123e-01 -6.299735307693481445e-01
2.844434976577758789e-01 -6.300808191299438477e-01
2.845702171325683594e-01 -6.301873326301574707e-01
2.846971452236175537e-01 -6.302931308746337891e-01
2.848243415355682373e-01 -6.303982138633728027e-01
2.849517166614532471e-01 -6.305024623870849609e-01
2.850793302059173584e-01 -6.306059956550598145e-01
2.852071821689605713e-01 -6.307088136672973633e-01
2.853352427482604980e-01 -6.308107972145080566e-01
2.854635119438171387e-01 -6.309120655059814453e-01
2.855920195579528809e-01 -6.310125589370727539e-01
2.857207357883453369e-01 -6.311122179031372070e-01
2.858497202396392822e-01 -6.312112212181091309e-01
2.859788835048675537e-01 -6.313093900680541992e-01
2.861082851886749268e-01 -6.314067840576171875e-01
2.862379252910614014e-01 -6.315034031867980957e-01
2.863677740097045898e-01 -6.315993070602416992e-01
2.864978611469268799e-01 -6.316943764686584473e-01
2.866281867027282715e-01 -6.317887306213378906e-01
2.867587208747863770e-01 -6.318822503089904785e-01
2.868894934654235840e-01 -6.319749951362609863e-01
2.870204746723175049e-01 -6.320669651031494141e-01
2.871516942977905273e-01 -6.321581602096557617e-01
2.872831225395202637e-01 -6.322485804557800293e-01
2.874148190021514893e-01 -6.323382258415222168e-01
2.875466942787170410e-01 -6.324271559715270996e-01
2.876788377761840820e-01 -6.325152516365051270e-01
2.878111600875854492e-01 -6.326025724411010742e-01
2.879437506198883057e-01 -6.326891183853149414e-01
2.880765497684478760e-01 -6.327749490737915039e-01
2.882095575332641602e-01 -6.328599452972412109e-01
2.883428037166595459e-01 -6.329442262649536133e-01
2.884762585163116455e-01 -6.330277323722839355e-01
2.886099517345428467e-01 -6.331104636192321777e-01
2.887438535690307617e-01 -6.331924200057983398e-01
2.888779640197753906e-01 -6.332736015319824219e-01
2.890123128890991211e-01 -6.333540678024291992e-01
2.891469001770019531e-01 -6.334337592124938965e-01
2.892816662788391113e-01 -6.335126757621765137e-01
2.894166707992553711e-01 -6.335908770561218262e-01
2.895519137382507324e-01 -6.336683034896850586e-01
2.896873354911804199e-01 -6.337449550628662109e-01
2.898229956626892090e-01 -6.338208913803100586e-01
2.899588942527770996e-01 -6.338960528373718262e-01
2.900949716567993164e-01 -6.339704990386962891e-01
2.902312874794006348e-01 -6.340441703796386719e-01
2.903678119182586670e-01 -6.341170668601989746e-01
2.905045449733734131e-01 -6.341892480850219727e-01
2.906415164470672607e-01 -6.342607140541076660e-01
2.907786965370178223e-01 -6.343314051628112793e-01
2.909160852432250977e-01 -6.344013214111328125e-01
2.910536825656890869e-01 -6.344705224037170410e-01
2.911914885044097900e-01 -6.345390081405639648e-01
2.913295328617095947e-01 -6.346067190170288086e-01
2.914677560329437256e-01 -6.346737146377563477e-01
2.916062176227569580e-01 -6.347399950027465820e-01
2.917448580265045166e-01 -6.348055005073547363e-01
2.918837368488311768e-01 -6.348702907562255859e-01
2.920228242874145508e-01 -6.349343657493591309e-01
2.921621203422546387e-01 -6.349976658821105957e-01
2.923016250133514404e-01 -6.350603103637695312e-01
2.924413383007049561e-01 -6.351221799850463867e-01
2.925812602043151855e-01 -6.351832747459411621e-01
2.927213907241821289e-01 -6.352437138557434082e-01
2.928617298603057861e-01 -6.353034377098083496e-01
2.930022776126861572e-01 -6.353623867034912109e-01
2.931430339813232422e-01 -6.354206204414367676e-01
2.932839989662170410e-01 -6.354781389236450195e-01
2.934251725673675537e-01 -6.355349421501159668e-01
2.935665249824523926e-01 -6.355910897254943848e-01
2.937081158161163330e-01 -6.356464624404907227e-01
2.938498854637145996e-01 -6.357011198997497559e-01
2.939918935298919678e-01 -6.357550621032714844e-01
2.941340804100036621e-01 -6.358082890510559082e-01
2.942764759063720703e-01 -6.358608007431030273e-01
2.944190800189971924e-01 -6.359125971794128418e-01
2.945618629455566406e-01 -6.359637379646301270e-01
2.947048842906951904e-01 -6.360141038894653320e-01
2.948480844497680664e-01 -6.360638141632080078e-01
2.949914932250976562e-01 -6.361127495765686035e-01
2.951350808143615723e-01 -6.361610293388366699e-01
2.952789068222045898e-01 -6.362086534500122070e-01
2.954229116439819336e-01 -6.362555027008056641e-01
2.955670952796936035e-01 -6.363016963005065918e-01
2.957115173339843750e-01 -6.363471746444702148e-01
2.958561182022094727e-01 -6.363919377326965332e-01
2.960009276866912842e-01 -6.364359855651855469e-01
2.961459159851074219e-01 -6.364793777465820312e-01
2.962911128997802734e-01 -6.365221142768859863e-01
2.964365184307098389e-01 -6.365640759468078613e-01
2.965821027755737305e-01 -6.366053819656372070e-01
2.967278957366943359e-01 -6.366460323333740234e-01
2.968738675117492676e-01 -6.366859674453735352e-01
2.970200479030609131e-01 -6.367251873016357422e-01
2.971664071083068848e-01 -6.367637515068054199e-01
2.973129749298095703e-01 -6.368016004562377930e-01
2.974597513675689697e-01 -6.368387937545776367e-01
2.976067066192626953e-01 -6.368753314018249512e-01
2.977538406848907471e-01 -6.369111537933349609e-01
2.979011833667755127e-01 -6.369462609291076660e-01
2.980487048625946045e-01 -6.369807124137878418e-01
2.981964349746704102e-01 -6.370145082473754883e-01
2.983443439006805420e-01 -6.370476484298706055e-01
2.984924614429473877e-01 -6.370800733566284180e-01
2.986407577991485596e-01 -6.371118426322937012e-01
2.987892329692840576e-01 -6.371428966522216797e-01
2.989378869533538818e-01 -6.371733546257019043e-01
2.990867495536804199e-01 -6.372030973434448242e-01
2.992358207702636719e-01 -6.372321844100952148e-01
2.993850409984588623e-01 -6.372605562210083008e-01
2.995344698429107666e-01 -6.372883319854736328e-01
2.996840775012969971e-01 -6.373153924942016602e-01
2.998338937759399414e-01 -6.373418569564819336e-01
2.999838590621948242e-01 -6.373676061630249023e-01
3.001340329647064209e-01 -6.373926997184753418e-01
3.002843856811523438e-01 -6.374171376228332520e-01
3.004349172115325928e-01 -6.374409198760986328e-01
3.005856573581695557e-01 -6.374639868736267090e-01
3.007365763187408447e-01 -6.374864578247070312e-01
3.008876442909240723e-01 -6.375082731246948242e-01
3.010389208793640137e-01 -6.375294327735900879e-01
3.011903762817382812e-01 -6.375499367713928223e-01
3.013420403003692627e-01 -6.375697851181030273e-01
3.014938533306121826e-01 -6.375890374183654785e-01
3.016458451747894287e-01 -6.376075744628906250e-01
3.017980456352233887e-01 -6.376254558563232422e-01
3.019503951072692871e-01 -6.376427412033081055e-01
3.021029531955718994e-01 -6.376593708992004395e-01
3.022556602954864502e-01 -6.376753449440002441e-01
3.024085760116577148e-01 -6.376906633377075195e-01
3.025616407394409180e-01 -6.377053260803222656e-01
3.027149140834808350e-01 -6.377193927764892578e-01
3.028683364391326904e-01 -6.377328038215637207e-01
3.030219674110412598e-01 -6.377456188201904297e-01
3.031757473945617676e-01 -6.377577185630798340e-01
3.033297061920166016e-01 -6.377692222595214844e-01
3.034838736057281494e-01 -6.377801299095153809e-01
3.036381900310516357e-01 -6.377903819084167480e-01
3.037926852703094482e-01 -6.377999782562255859e-01
3.039473295211791992e-01 -6.378089785575866699e-01
3.041021823883056641e-01 -6.378173232078552246e-01
3.042571842670440674e-01 -6.378250122070312500e-01
3.044123947620391846e-01 -6.378321647644042969e-01
3.045677542686462402e-01 -6.378386020660400391e-01
3.047232925891876221e-01 -6.378445029258728027e-01
3.048789799213409424e-01 -6.378496885299682617e-01
3.050348758697509766e-01 -6.378543376922607422e-01
3.051909208297729492e-01 -6.378583312034606934e-01
3.053471148014068604e-01 -6.378616690635681152e-01
3.055035173892974854e-01 -6.378644704818725586e-01
3.056600689888000488e-01 -6.378666162490844727e-01
3.058167994022369385e-01 -6.378681063652038574e-01
3.059737086296081543e-01 -6.378690600395202637e-01
3.061307668685913086e-01 -6.378693580627441406e-01
3.062880039215087891e-01 -6.378690600395202637e-01
3.064453899860382080e-01 -6.378681063652038574e-01
3.066029548645019531e-01 -6.378666162490844727e-01
3.067606985569000244e-01 -6.378644704818725586e-01
3.069185912609100342e-01 -6.378617286682128906e-01
3.070766627788543701e-01 -6.378583908081054688e-01
3.072348833084106445e-01 -6.378544569015502930e-01
3.073932826519012451e-01 -6.378499269485473633e-01
3.075518310070037842e-01 -6.378447413444519043e-01
3.077105581760406494e-01 -6.378390192985534668e-01
3.078694343566894531e-01 -6.378327012062072754e-01
3.080284893512725830e-01 -6.378257274627685547e-01
3.081877231597900391e-01 -6.378182172775268555e-01
3.083470761775970459e-01 -6.378101110458374023e-01
3.085066080093383789e-01 -6.378013491630554199e-01
3.086663186550140381e-01 -6.377920508384704590e-01
3.088261783123016357e-01 -6.377821564674377441e-01
3.089861869812011719e-01 -6.377716660499572754e-01
3.091463744640350342e-01 -6.377605795860290527e-01
3.093067109584808350e-01 -6.377489566802978516e-01
3.094671964645385742e-01 -6.377366781234741211e-01
3.096278607845306396e-01 -6.377238631248474121e-01
3.097886741161346436e-01 -6.377104520797729492e-01
3.099496364593505859e-01 -6.376964449882507324e-01
3.101107478141784668e-01 -6.376819014549255371e-01
3.102720379829406738e-01 -6.376667022705078125e-01
3.104334771633148193e-01 -6.376509666442871094e-01
3.105950653553009033e-01 -6.376346945762634277e-01
3.107568323612213135e-01 -6.376178264617919922e-01
3.109187483787536621e-01 -6.376003623008728027e-01
3.110807836055755615e-01 -6.375823020935058594e-01
3.112429976463317871e-01 -6.375637054443359375e-01
3.114053905010223389e-01 -6.375445723533630371e-01
3.115679025650024414e-01 -6.375247836112976074e-01
3.117305636405944824e-01 -6.375045180320739746e-01
3.118934035301208496e-01 -6.374836564064025879e-01
3.120563626289367676e-01 -6.374621987342834473e-01
3.122195005416870117e-01 -6.374402046203613281e-01
3.123827874660491943e-01 -6.374176144599914551e-01
3.125462234020233154e-01 -6.373944878578186035e-01
3.127098083496093750e-01 -6.373708248138427734e-01
3.128735125064849854e-01 -6.373465657234191895e-01
3.130373954772949219e-01 -6.373217701911926270e-01
3.132014274597167969e-01 -6.372964382171630859e-01
3.133656084537506104e-01 -6.372705101966857910e-01
3.135299384593963623e-01 -6.372440457344055176e-01
3.136944174766540527e-01 -6.372170448303222656e-01
3.138590157032012939e-01 -6.371894478797912598e-01
3.140237927436828613e-01 -6.371613740921020508e-01
3.141886889934539795e-01 -6.371327042579650879e-01
3.143537640571594238e-01 -6.371034979820251465e-01
3.145189583301544189e-01 -6.370736956596374512e-01
3.146843016147613525e-01 -6.370434165000915527e-01
3.148497939109802246e-01 -6.370126008987426758e-01
3.150154352188110352e-01 -6.369811892509460449e-01
3.151811957359313965e-01 -6.369492411613464355e-01
3.153471052646636963e-01 -6.369168162345886230e-01
3.155131936073303223e-01 -6.368837952613830566e-01
3.156793713569641113e-01 -6.368502378463745117e-01
3.158457279205322266e-01 -6.368161439895629883e-01
3.160122036933898926e-01 -6.367815732955932617e-01
3.161788582801818848e-01 -6.367464065551757812e-01
3.163456022739410400e-01 -6.367107033729553223e-01
3.165125250816345215e-01 -6.366745233535766602e-01
3.166795670986175537e-01 -6.366378068923950195e-01
3.168467581272125244e-01 -6.366004943847656250e-01
3.170140683650970459e-01 -6.365627050399780273e-01
3.171815276145935059e-01 -6.365243792533874512e-01
3.173491358757019043e-01 -6.364855766296386719e-01
3.175168633460998535e-01 -6.364461779594421387e-01
3.176847398281097412e-01 -6.364063024520874023e-01
3.178527653217315674e-01 -6.363658905029296875e-01
3.180209100246429443e-01 -6.363249421119689941e-01
3.181891739368438721e-01 -6.362835168838500977e-01
3.183575868606567383e-01 -6.362415552139282227e-01
3.185261487960815430e-01 -6.361990571022033691e-01
3.186948299407958984e-01 -6.361560821533203125e-01
3.188636600971221924e-01 -6.361125707626342773e-01
3.190326094627380371e-01 -6.360685825347900391e-01
3.192016780376434326e-01 -6.360240578651428223e-01
3.193708956241607666e-01 -6.359789967536926270e-01
3.195402324199676514e-01 -6.359334588050842285e-01
3.197097182273864746e-01 -6.358873844146728516e-01
3.198793232440948486e-01 -6.358408331871032715e-01
3.200490772724151611e-01 -6.357938051223754883e-01
3.202189505100250244e-01 -6.357462406158447266e-01
3.203889429569244385e-01 -6.356981396675109863e-01
3.205590546131134033e-01 -6.356496214866638184e-01
3.207293152809143066e-01 -6.356005072593688965e-01
3.208996951580047607e-01 -6.355509757995605469e-01
3.210702240467071533e-01 -6.355009078979492188e-01
3.212408423423767090e-01 -6.354503631591796875e-01
3.214116096496582031e-01 -6.353992819786071777e-01
3.215825259685516357e-01 -6.353477835655212402e-01
3.217535316944122314e-01 -6.352957487106323242e-01
3.219246864318847656e-01 -6.352432370185852051e-01
3.220959305763244629e-01 -6.351901888847351074e-01
3.222673237323760986e-01 -6.351367235183715820e-01
3.224388659000396729e-01 -6.350827217102050781e-01
3.226104974746704102e-01 -6.350282430648803711e-01
3.227822482585906982e-01 -6.349732875823974609e-01
3.229541480541229248e-01 -6.349178552627563477e-01
3.231261670589447021e-01 -6.348619461059570312e-01
3.232982754707336426e-01 -6.348055601119995117e-01
3.234705328941345215e-01 -6.347486376762390137e-01
3.236429095268249512e-01 -6.346912980079650879e-01
3.238154053688049316e-01 -6.346334815025329590e-01
3.239880204200744629e-01 -6.345751881599426270e-01
3.241607546806335449e-01 -6.345164179801940918e-01
3.243336081504821777e-01 -6.344571113586425781e-01
3.245065808296203613e-01 -6.343973875045776367e-01
3.246796727180480957e-01 -6.343372464179992676e-01
3.248528838157653809e-01 -6.342765688896179199e-01
3.250262141227722168e-01 -6.342154145240783691e-01
3.251996636390686035e-01 -6.341538429260253906e-01
3.253732025623321533e-01 -6.340917944908142090e-01
3.255468904972076416e-01 -6.340292692184448242e-01
3.257206678390502930e-01 -6.339662671089172363e-01
3.258945941925048828e-01 -6.339027881622314453e-01
3.260686099529266357e-01 -6.338388919830322266e-01
3.262427449226379395e-01 -6.337745189666748047e-01
3.264169991016387939e-01 -6.337097287178039551e-01
3.265913426876068115e-01 -6.336444616317749023e-01
3.267658352851867676e-01 -6.335787177085876465e-01
3.269404172897338867e-01 -6.335124969482421875e-01
3.271151185035705566e-01 -6.334458589553833008e-01
3.272899389266967773e-01 -6.333788037300109863e-01
3.274648487567901611e-01 -6.333112716674804688e-01
3.276398777961730957e-01 -6.332432627677917480e-01
3.278150260448455811e-01 -6.331748366355895996e-01
3.279902935028076172e-01 -6.331059336662292480e-01
3.281656503677368164e-01 -6.330366134643554688e-01
3.283411264419555664e-01 -6.329668164253234863e-01
3.285166919231414795e-01 -6.328966021537780762e-01
3.286924064159393311e-01 -6.328259706497192383e-01
3.288681805133819580e-01 -6.327548623085021973e-01
3.290441036224365234e-01 -6.326833367347717285e-01
3.292201161384582520e-01 -6.326113939285278320e-01
3.293962180614471436e-01 -6.325389742851257324e-01
3.295724391937255859e-01 -6.324661374092102051e-01
3.297487795352935791e-01 -6.323928833007812500e-01
3.299252092838287354e-01 -6.323191523551940918e-01
3.301017582416534424e-01 -6.322450041770935059e-01
3.302783966064453125e-01 -6.321704983711242676e-01
3.304551243782043457e-01 -6.320954561233520508e-01
3.306319713592529297e-01 -6.320200562477111816e-01
3.308089375495910645e-01 -6.319442391395568848e-01
3.309859931468963623e-01 -6.318679451942443848e-01
3.311631381511688232e-01 -6.317912340164184570e-01
3.313404023647308350e-01 -6.317141652107238770e-01
3.315177559852600098e-01 -6.316366195678710938e-01
3.316952288150787354e-01 -6.315586566925048828e-01
3.318727612495422363e-01 -6.314802765846252441e-01
3.320504426956176758e-01 -6.314014792442321777e-01
3.322281837463378906e-01 -6.313222646713256836e-01
3.324060440063476562e-01 -6.312426924705505371e-01
3.325839936733245850e-01 -6.311626434326171875e-01
3.327620625495910645e-01 -6.310821771621704102e-01
3.329401910305023193e-01 -6.310013532638549805e-01
3.331184387207031250e-01 -6.309200525283813477e-01
3.332967758178710938e-01 -6.308383941650390625e-01
3.334752321243286133e-01 -6.307563185691833496e-01
3.336537778377532959e-01 -6.306738257408142090e-01
3.338323831558227539e-01 -6.305909752845764160e-01
3.340111076831817627e-01 -6.305076479911804199e-01
3.341899216175079346e-01 -6.304239630699157715e-01
3.343688547611236572e-01 -6.303398609161376953e-01
3.345478475093841553e-01 -6.302554011344909668e-01
3.347269594669342041e-01 -6.301705241203308105e-01
3.349061310291290283e-01 -6.300852298736572266e-01
3.350854218006134033e-01 -6.299995183944702148e-01
3.352648019790649414e-01 -6.299134492874145508e-01
3.354442715644836426e-01 -6.298269629478454590e-01
3.356238305568695068e-01 -6.297401189804077148e-01
3.358034789562225342e-01 -6.296528577804565430e-01
3.359832167625427246e-01 -6.295652389526367188e-01
3.361630439758300781e-01 -6.294772028923034668e-01
3.363429307937622070e-01 -6.293888092041015625e-01
3.365229368209838867e-01 -6.292999982833862305e-01
3.367030322551727295e-01 -6.292108297348022461e-01
3.368832170963287354e-01 -6.291212439537048340e-01
3.370634913444519043e-01 -6.290313005447387695e-01
3.372438251972198486e-01 -6.289409995079040527e-01
3.374242782592773438e-01 -6.288502812385559082e-01
3.376047909259796143e-01 -6.287592053413391113e-01
3.377854228019714355e-01 -6.286677122116088867e-01
3.379661142826080322e-01 -6.285759210586547852e-01
3.381468951702117920e-01 -6.284837126731872559e-01
3.383277356624603271e-01 -6.283910870552062988e-01
3.385086953639984131e-01 -6.282981634140014648e-01
3.386897146701812744e-01 -6.282048225402832031e-01
3.388708233833312988e-01 -6.281111240386962891e-01
3.390520215034484863e-01 -6.280170679092407227e-01
3.392333090305328369e-01 -6.279226541519165039e-01
3.394146561622619629e-01 -6.278278827667236328e-01
3.395960927009582520e-01 -6.277327537536621094e-01
3.397776186466217041e-01 -6.276372075080871582e-01
3.399592339992523193e-01 -6.275413632392883301e-01
3.401409089565277100e-01 -6.274451017379760742e-01
3.403226435184478760e-01 -6.273484826087951660e-01
3.405044972896575928e-01 -6.272515654563903809e-01
3.406864106655120850e-01 -6.271542310714721680e-01
3.408683836460113525e-01 -6.270565986633300781e-01
3.410504758358001709e-01 -6.269585490226745605e-01
3.412326276302337646e-01 -6.268602013587951660e-01
3.414148390293121338e-01 -6.267614960670471191e-01
3.415971398353576660e-01 -6.266624331474304199e-01
3.417795002460479736e-01 -6.265630125999450684e-01
3.419619500637054443e-01 -6.264632344245910645e-01
3.421444892883300781e-01 -6.263630986213684082e-01
3.423270881175994873e-01 -6.262626647949218750e-01
3.425097465515136719e-01 -6.261618733406066895e-01
3.426924943923950195e-01 -6.260607242584228516e-01
3.428753018379211426e-01 -6.259592175483703613e-01
3.430581986904144287e-01 -6.258574128150939941e-01
3.432411551475524902e-01 -6.257552504539489746e-01
3.434242010116577148e-01 -6.256527304649353027e-01
3.436073064804077148e-01 -6.255499124526977539e-01
3.437904715538024902e-01 -6.254467368125915527e-01
3.439737260341644287e-01 -6.253432631492614746e-01
3.441570401191711426e-01 -6.252394318580627441e-01
3.443404138088226318e-01 -6.251352429389953613e-01
3.445238769054412842e-01 -6.250307559967041016e-01
3.447073996067047119e-01 -6.249259114265441895e-01
3.448909819126129150e-01 -6.248207688331604004e-01
3.450746536254882812e-01 -6.247153282165527344e-01
3.452583849430084229e-01 -6.246095299720764160e-01
3.454421460628509521e-01 -6.245033740997314453e-01
3.456260263919830322e-01 -6.243969202041625977e-01
3.458099365234375000e-01 -6.242901682853698730e-01
3.459939360618591309e-01 -6.241831183433532715e-01
3.461779952049255371e-01 -6.240757107734680176e-01
3.463620841503143311e-01 -6.239679455757141113e-01
3.465462923049926758e-01 -6.238599419593811035e-01
3.467305302619934082e-01 -6.237515807151794434e-01
3.469148278236389160e-01 -6.236429214477539062e-01
3.470992147922515869e-01 -6.235339641571044922e-01
3.472836315631866455e-01 -6.234246492385864258e-01
3.474681377410888672e-01 -6.233150959014892578e-01
3.476526737213134766e-01 -6.232051849365234375e-01
3.478372991085052490e-01 -6.230949759483337402e-01
3.480219841003417969e-01 -6.229844689369201660e-01
3.482066988945007324e-01 -6.228736042976379395e-01
3.483915030956268311e-01 -6.227625012397766113e-01
3.485763669013977051e-01 -6.226511001586914062e-01
3.487612605094909668e-01 -6.225393414497375488e-01
3.489462435245513916e-01 -6.224273443222045898e-01
3.491312861442565918e-01 -6.223149895668029785e-01
3.493163585662841797e-01 -6.222023963928222656e-01
3.495014905929565430e-01 -6.220895051956176758e-01
3.496867120265960693e-01 -6.219762563705444336e-01
3.498719632625579834e-01 -6.218627691268920898e-01
3.500572741031646729e-01 -6.217489838600158691e-01
3.502426445484161377e-01 -6.216349005699157715e-01
3.504280447959899902e-01 -6.215205192565917969e-01
3.506135344505310059e-01 -6.214058399200439453e-01
3.507990539073944092e-01 -6.212909221649169922e-01
3.509846329689025879e-01 -6.211757063865661621e-01
3.511702716350555420e-01 -6.210601925849914551e-01
3.513559401035308838e-01 -6.209443807601928711e-01
3.515416979789733887e-01 -6.208283305168151855e-01
3.517274856567382812e-01 -6.207119226455688477e-01
3.519133329391479492e-01 -6.205952763557434082e-01
3.520992100238800049e-01 -6.204783916473388672e-01
3.522851467132568359e-01 -6.203612089157104492e-01
3.524711430072784424e-01 -6.202437281608581543e-01
3.526571989059448242e-01 -6.201260089874267578e-01
3.528432846069335938e-01 -6.200079917907714844e-01
3.530294001102447510e-01 -6.198896765708923340e-01
3.532156050205230713e-01 -6.197711229324340820e-01
3.534018397331237793e-01 -6.196523308753967285e-01
3.535881042480468750e-01 -6.195332407951354980e-01
3.537744283676147461e-01 -6.194138526916503906e-01
3.539608120918273926e-01 -6.192942261695861816e-01
3.541472256183624268e-01 -6.191743612289428711e-01
3.543336987495422363e-01 -6.190541982650756836e-01
3.545202016830444336e-01 -6.189337968826293945e-01
3.547067344188690186e-01 -6.188131570816040039e-01
3.548933267593383789e-01 -6.186922192573547363e-01
3.550799787044525146e-01 -6.185710430145263672e-01
3.552666604518890381e-01 -6.184495687484741211e-01
3.554533720016479492e-01 -6.183278560638427734e-01
3.556401431560516357e-01 -6.182059049606323242e-01
3.558269441127777100e-01 -6.180837154388427734e-01
3.560138046741485596e-01 -6.179612874984741211e-01
3.562006950378417969e-01 -6.178385615348815918e-01
3.563876152038574219e-01 -6.177155971527099609e-01
3.565745949745178223e-01 -6.175923943519592285e-01
3.567616045475006104e-01 -6.174689531326293945e-01
3.569486439228057861e-01 -6.173452734947204590e-01
3.571357429027557373e-01 -6.172213554382324219e-01
3.573228716850280762e-01 -6.170971393585205078e-01
3.575100302696228027e-01 -6.169727444648742676e-01
3.576972186565399170e-01 -6.168481111526489258e-01
3.578844666481018066e-01 -6.167231798171997070e-01
3.580717444419860840e-01 -6.165980696678161621e-01
3.582590520381927490e-01 -6.164727210998535156e-01
3.584463894367218018e-01 -6.163470745086669922e-01
3.586337566375732422e-01 -6.162212491035461426e-01
3.588211834430694580e-01 -6.160951852798461914e-01
3.590086400508880615e-01 -6.159688830375671387e-01
3.591960966587066650e-01 -6.158423423767089844e-01
3.593836128711700439e-01 -6.157156229019165039e-01
3.595711588859558105e-01 -6.155886054039001465e-01
3.597587347030639648e-01 -6.154614090919494629e-01
3.599463701248168945e-01 -6.153339743614196777e-01
3.601340055465698242e-01 -6.152063012123107910e-01
3.603216707706451416e-01 -6.150784492492675781e-01
3.605093657970428467e-01 -6.149503588676452637e-01
3.606971204280853271e-01 -6.148220300674438477e-01
3.608848750591278076e-01 -6.146934628486633301e-01
3.610726594924926758e-01 -6.145647168159484863e-01
3.612604737281799316e-01 -6.144357323646545410e-01
3.614483475685119629e-01 -6.143065690994262695e-01
3.616362214088439941e-01 -6.141771674156188965e-01
3.618241250514984131e-01 -6.140475273132324219e-01
3.620120584964752197e-01 -6.139177083969116211e-01
3.621999919414520264e-01 -6.137877106666564941e-01
3.623879849910736084e-01 -6.136574745178222656e-01
3.625760078430175781e-01 -6.135269999504089355e-01
3.627640306949615479e-01 -6.133963465690612793e-01
3.629520833492279053e-01 -6.132655143737792969e-01
3.631401658058166504e-01 -6.131344437599182129e-01
3.633282780647277832e-01 -6.130031943321228027e-01
3.635164201259613037e-01 -6.128717064857482910e-01
3.637045621871948242e-01 -6.127400994300842285e-01
3.638927340507507324e-01 -6.126081943511962891e-01
3.640809357166290283e-01 -6.124761700630187988e-01
3.642691671848297119e-01 -6.123439073562622070e-01
3.644573986530303955e-01 -6.122114658355712891e-01
3.646456599235534668e-01 -6.120788455009460449e-01
3.648339211940765381e-01 -6.119459867477416992e-01
3.650222420692443848e-01 -6.118130087852478027e-01
3.652105629444122314e-01 -6.116797924041748047e-01
3.653988838195800781e-01 -6.115463972091674805e-01
3.655872642993927002e-01 -6.114128232002258301e-01
3.657756149768829346e-01 -6.112790107727050781e-01
3.659640252590179443e-01 -6.111450791358947754e-01
3.661524355411529541e-01 -6.110109686851501465e-01
3.663408458232879639e-01 -6.108766198158264160e-01
3.665292859077453613e-01 -6.107421517372131348e-01
3.667177557945251465e-01 -6.106074452400207520e-01
3.669062256813049316e-01 -6.104726195335388184e-01
3.670947253704071045e-01 -6.103375554084777832e-01
3.672832250595092773e-01 -6.102023720741271973e-01
3.674717247486114502e-01 -6.100670099258422852e-01
3.676602542400360107e-01 -6.099314689636230469e-01
3.678488135337829590e-01 -6.097956895828247070e-01
3.680373728275299072e-01 -6.096598505973815918e-01
3.682259321212768555e-01 -6.095237731933593750e-01
3.684145212173461914e-01 -6.093875169754028320e-01
3.686031103134155273e-01 -6.092511415481567383e-01
3.687916994094848633e-01 -6.091145873069763184e-01
3.689803183078765869e-01 -6.089778542518615723e-01
3.691689372062683105e-01 -6.088409423828125000e-01
3.693575859069824219e-01 -6.087039113044738770e-01
3.695462048053741455e-01 -6.085667014122009277e-01
3.697348535060882568e-01 -6.084293723106384277e-01
3.699235320091247559e-01 -6.082918047904968262e-01
3.701121807098388672e-01 -6.081541180610656738e-01
3.703008592128753662e-01 -6.080163121223449707e-01
3.704895377159118652e-01 -6.078783273696899414e-01
3.706782162189483643e-01 -6.077401638031005859e-01
3.708669245243072510e-01 -6.076018810272216797e-01
3.710556030273437500e-01 -6.074634194374084473e-01
3.712443113327026367e-01 -6.073248386383056641e-01
3.714330196380615234e-01 -6.071861386299133301e-01
3.716217279434204102e-01 -6.070472002029418945e-01
3.718104362487792969e-01 -6.069082021713256836e-01
3.719991743564605713e-01 -6.067690253257751465e-01
3.721878826618194580e-01 -6.066297292709350586e-01
3.723766207695007324e-01 -6.064902544021606445e-01
3.725653290748596191e-01 -6.063506603240966797e-01
3.727540671825408936e-01 -6.062109470367431641e-01
3.729428052902221680e-01 -6.060710549354553223e-01
3.731315135955810547e-01 -6.059310436248779297e-01
3.733202517032623291e-01 -6.057909131050109863e-01
3.735089898109436035e-01 -6.056506037712097168e-01
3.736976981163024902e-01 -6.055102348327636719e-01
3.738864362239837646e-01 -6.053696870803833008e-01
3.740751445293426514e-01 -6.052290201187133789e-01
3.742638826370239258e-01 -6.050882339477539062e-01
3.744525909423828125e-01 -6.049472689628601074e-01
3.746412992477416992e-01 -6.048062443733215332e-01
3.748300373554229736e-01 -6.046650409698486328e-01
3.750187456607818604e-01 -6.045237779617309570e-01
3.752074539661407471e-01 -6.043823361396789551e-01
3.753961324691772461e-01 -6.042407751083374023e-01
3.755848407745361328e-01 -6.040991544723510742e-01
3.757735192775726318e-01 -6.039573550224304199e-01
3.759621977806091309e-01 -6.038154363632202148e-01
3.761508762836456299e-01 -6.036734580993652344e-01
3.763395547866821289e-01 -6.035313010215759277e-01
3.765282034873962402e-01 -6.033890843391418457e-01
3.767168819904327393e-01 -6.032467484474182129e-01
3.769055306911468506e-01 -6.031042933464050293e-01
3.770941495895385742e-01 -6.029617190361022949e-01
3.772827684879302979e-01 -6.028190255165100098e-01
3.774713873863220215e-01 -6.026762127876281738e-01
3.776600062847137451e-01 -6.025333404541015625e-01
3.778485953807830811e-01 -6.023903489112854004e-01
3.780371844768524170e-01 -6.022472381591796875e-01
3.782257735729217529e-01 -6.021040678024291992e-01
3.784143328666687012e-01 -6.019607782363891602e-01
3.786028921604156494e-01 -6.018173694610595703e-01
3.787914216518402100e-01 -6.016738414764404297e-01
3.789799511432647705e-01 -6.015302538871765137e-01
3.791684508323669434e-01 -6.013865470886230469e-01
3.793569505214691162e-01 -6.012427806854248047e-01
3.795454204082489014e-01 -6.010988950729370117e-01
3.797338902950286865e-01 -6.009549498558044434e-01
3.799223601818084717e-01 -6.008108854293823242e-01
3.801108002662658691e-01 -6.006667017936706543e-01
3.802992105484008789e-01 -6.005224585533142090e-01
3.804876208305358887e-01 -6.003781557083129883e-01
3.806760013103485107e-01 -6.002337336540222168e-01
3.808643519878387451e-01 -6.000892519950866699e-01
3.810527026653289795e-01 -5.999446511268615723e-01
3.812410533428192139e-01 -5.998000502586364746e-01
3.814293444156646729e-01 -5.996552705764770508e-01
3.816176354885101318e-01 -5.995104908943176270e-01
3.818059265613555908e-01 -5.993655920028686523e-01
3.819941878318786621e-01 -5.992205739021301270e-01
3.821824193000793457e-01 -5.990755558013916016e-01
3.823706209659576416e-01 -5.989304184913635254e-01
3.825587928295135498e-01 -5.987852215766906738e-01
3.827469646930694580e-01 -5.986399650573730469e-01
3.829351067543029785e-01 -5.984946489334106445e-01
3.831232190132141113e-01 -5.983492136001586914e-01
3.833113312721252441e-01 -5.982037782669067383e-01
3.834994137287139893e-01 -5.980582237243652344e-01
3.836874365806579590e-01 -5.979126095771789551e-01
3.838754892349243164e-01 -5.977669358253479004e-01
3.840634822845458984e-01 -5.976212024688720703e-01
3.842514455318450928e-01 -5.974754095077514648e-01
3.844393789768218994e-01 -5.973295569419860840e-01
3.846273124217987061e-01 -5.971836447715759277e-01
3.848152160644531250e-01 -5.970377326011657715e-01
3.850030601024627686e-01 -5.968917012214660645e-01
3.851909041404724121e-01 -5.967456102371215820e-01
3.853787183761596680e-01 -5.965994596481323242e-01
3.855665028095245361e-01 -5.964533090591430664e-01
3.857542574405670166e-01 -5.963070392608642578e-01
3.859419524669647217e-01 -5.961607694625854492e-01
3.861296474933624268e-01 -5.960144400596618652e-01
3.863173127174377441e-01 -5.958680510520935059e-01
3.865049481391906738e-01 -5.957216024398803711e-01
3.866925537586212158e-01 -5.955751538276672363e-01
3.868800997734069824e-01 -5.954286456108093262e-01
3.870676457881927490e-01 -5.952820777893066406e-01
3.872551321983337402e-01 -5.951354503631591797e-01
3.874426186084747314e-01 -5.949888229370117188e-01
3.876300454139709473e-01 -5.948421359062194824e-01
3.878174424171447754e-01 -5.946954488754272461e-01
3.880048096179962158e-01 -5.945487022399902344e-01
3.881921470165252686e-01 -5.944018959999084473e-01
3.883794248104095459e-01 -5.942550897598266602e-01
3.885666728019714355e-01 -5.941082239151000977e-01
3.887538909912109375e-01 -5.939613580703735352e-01
3.889410793781280518e-01 -5.938144326210021973e-01
3.891282379627227783e-01 -5.936675071716308594e-01
3.893153369426727295e-01 -5.935205221176147461e-01
3.895024061203002930e-01 -5.933735370635986328e-01
3.896894454956054688e-01 -5.932264924049377441e-01
3.898764252662658691e-01 -5.930794477462768555e-01
3.900634050369262695e-01 -5.929324030876159668e-01
3.902502954006195068e-01 -5.927852988243103027e-01
3.904371857643127441e-01 -5.926381945610046387e-01
3.906240165233612061e-01 -5.924910902976989746e-01
3.908107876777648926e-01 -5.923439264297485352e-01
3.909975588321685791e-01 -5.921967625617980957e-01
3.911842703819274902e-01 -5.920495986938476562e-01
3.913709223270416260e-01 -5.919024348258972168e-01
3.915575444698333740e-01 -5.917552113533020020e-01
3.917441070079803467e-01 -5.916079878807067871e-01
3.919306397438049316e-01 -5.914608240127563477e-01
3.921171426773071289e-01 -5.913136005401611328e-01
3.923035860061645508e-01 -5.911663174629211426e-01
3.924899697303771973e-01 -5.910190939903259277e-01
3.926763236522674561e-01 -5.908718705177307129e-01
3.928626477718353271e-01 -5.907246470451354980e-01
3.930489122867584229e-01 -5.905773639678955078e-01
3.932351171970367432e-01 -5.904301404953002930e-01
3.934212923049926758e-01 -5.902828574180603027e-01
3.936074078083038330e-01 -5.901356339454650879e-01
3.937934637069702148e-01 -5.899884104728698730e-01
3.939794898033142090e-01 -5.898411273956298828e-01
3.941654562950134277e-01 -5.896939039230346680e-01
3.943513631820678711e-01 -5.895466804504394531e-01
3.945372402667999268e-01 -5.893994569778442383e-01
3.947230577468872070e-01 -5.892522931098937988e-01
3.949088156223297119e-01 -5.891050696372985840e-01
3.950945436954498291e-01 -5.889579057693481445e-01
3.952802121639251709e-01 -5.888107419013977051e-01
3.954658210277557373e-01 -5.886635780334472656e-01
3.956513702869415283e-01 -5.885164141654968262e-01
3.958368897438049316e-01 -5.883693099021911621e-01
3.960223495960235596e-01 -5.882222056388854980e-01
3.962077200412750244e-01 -5.880751013755798340e-01
3.963930904865264893e-01 -5.879280567169189453e-01
3.965783715248107910e-01 -5.877810120582580566e-01
3.967635929584503174e-01 -5.876339673995971680e-01
3.969487845897674561e-01 -5.874869823455810547e-01
3.971338868141174316e-01 -5.873400568962097168e-01
3.973189592361450195e-01 -5.871930718421936035e-01
3.975039720535278320e-01 -5.870461463928222656e-01
3.976888954639434814e-01 -5.868992805480957031e-01
3.978737890720367432e-01 -5.867524147033691406e-01
3.980586230754852295e-01 -5.866056084632873535e-01
3.982433974742889404e-01 -5.864588618278503418e-01
3.984281122684478760e-01 -5.863121151924133301e-01
3.986127674579620361e-01 -5.861653685569763184e-01
3.987973332405090332e-01 -5.860186815261840820e-01
3.989818692207336426e-01 -5.858720541000366211e-01
3.991663455963134766e-01 -5.857254266738891602e-01
3.993507623672485352e-01 -5.855789184570312500e-01
3.995350897312164307e-01 -5.854324102401733398e-01
3.997193872928619385e-01 -5.852859020233154297e-01
3.999035954475402832e-01 -5.851395130157470703e-01
4.000877439975738525e-01 -5.849931240081787109e-01
4.002718329429626465e-01 -5.848467946052551270e-01
4.004558622837066650e-01 -5.847004652023315430e-01
4.006398320198059082e-01 -5.845542550086975098e-01
4.008237123489379883e-01 -5.844080448150634766e-01
4.010075330734252930e-01 -5.842619538307189941e-01
4.011912941932678223e-01 -5.841158628463745117e-01
4.013749957084655762e-01 -5.839698314666748047e-01
4.015586376190185547e-01 -5.838238596916198730e-01
4.017421901226043701e-01 -5.836779475212097168e-01
4.019256830215454102e-01 -5.835320949554443359e-01
4.021091163158416748e-01 -5.833863019943237305e-01
4.022924602031707764e-01 -5.832406282424926758e-01
4.024757444858551025e-01 -5.830949544906616211e-01
4.026589691638946533e-01 -5.829493403434753418e-01
4.028421044349670410e-01 -5.828037858009338379e-01
4.030251801013946533e-01 -5.826583504676818848e-01
4.032081961631774902e-01 -5.825129151344299316e-01
4.033911228179931641e-01 -5.823675990104675293e-01
4.035739898681640625e-01 -5.822223424911499023e-01
4.037567675113677979e-01 -5.820771455764770508e-01
4.039394855499267578e-01 -5.819320082664489746e-01
4.041221141815185547e-01 -5.817869901657104492e-01
4.043046832084655762e-01 -5.816420316696166992e-01
4.044871926307678223e-01 -5.814971327781677246e-01
4.046696126461029053e-01 -5.813522934913635254e-01
4.048519432544708252e-01 -5.812075734138488770e-01
4.050342142581939697e-01 -5.810629129409790039e-01
4.052163958549499512e-01 -5.809183120727539062e-01
4.053985178470611572e-01 -5.807738304138183594e-01
4.055805504322052002e-01 -5.806294679641723633e-01
4.057625234127044678e-01 -5.804851055145263672e-01
4.059444069862365723e-01 -5.803408622741699219e-01
4.061262011528015137e-01 -5.801967382431030273e-01
4.063079357147216797e-01 -5.800526738166809082e-01
4.064895808696746826e-01 -5.799087285995483398e-01
4.066711366176605225e-01 -5.797648429870605469e-01
4.068526327610015869e-01 -5.796210765838623047e-01
4.070340394973754883e-01 -5.794773697853088379e-01
4.072153568267822266e-01 -5.793337821960449219e-01
4.073965847492218018e-01 -5.791902542114257812e-01
4.075777530670166016e-01 -5.790469050407409668e-01
4.077588319778442383e-01 -5.789036154747009277e-01
4.079398214817047119e-01 -5.787603855133056641e-01
4.081207215785980225e-01 -5.786172747611999512e-01
4.083015620708465576e-01 -5.784742832183837891e-01
4.084823131561279297e-01 -5.783314108848571777e-01
4.086629748344421387e-01 -5.781886577606201172e-01
4.088435471057891846e-01 -5.780459642410278320e-01
4.090240299701690674e-01 -5.779033899307250977e-01
4.092044234275817871e-01 -5.777609348297119141e-01
4.093847572803497314e-01 -5.776185989379882812e-01
4.095649719238281250e-01 -5.774763226509094238e-01
4.097451269626617432e-01 -5.773342251777648926e-01
4.099251627922058105e-01 -5.771922469139099121e-01
4.101051390171051025e-01 -5.770503282546997070e-01
4.102850258350372314e-01 -5.769085288047790527e-01
4.104647934436798096e-01 -5.767669081687927246e-01
4.106445014476776123e-01 -5.766253471374511719e-01
4.108241200447082520e-01 -5.764839649200439453e-01
4.110036194324493408e-01 -5.763426423072814941e-01
4.111830592155456543e-01 -5.762014985084533691e-01
4.113623797893524170e-01 -5.760604143142700195e-01
4.115416407585144043e-01 -5.759195089340209961e-01
4.117207825183868408e-01 -5.757787227630615234e-01
4.118998646736145020e-01 -5.756380558013916016e-01
4.120788276195526123e-01 -5.754975080490112305e-01
4.122577011585235596e-01 -5.753571391105651855e-01
4.124364554882049561e-01 -5.752168297767639160e-01
4.126151502132415771e-01 -5.750766992568969727e-01
4.127937555313110352e-01 -5.749366879463195801e-01
4.129722416400909424e-01 -5.747968554496765137e-01
4.131506383419036865e-01 -5.746570825576782227e-01
4.133289456367492676e-01 -5.745174884796142578e-01
4.135071337223052979e-01 -5.743780732154846191e-01
4.136852622032165527e-01 -5.742387771606445312e-01
4.138632714748382568e-01 -5.740996003150939941e-01
4.140411913394927979e-01 -5.739605426788330078e-01
4.142189919948577881e-01 -5.738216638565063477e-01
4.143967032432556152e-01 -5.736829638481140137e-01
4.145743250846862793e-01 -5.735443830490112305e-01
4.147518277168273926e-01 -5.734059214591979980e-01
4.149292707443237305e-01 -5.732676386833190918e-01
4.151065647602081299e-01 -5.731294751167297363e-01
4.152837991714477539e-01 -5.729914903640747070e-01
4.154608845710754395e-01 -5.728536844253540039e-01
4.156379103660583496e-01 -5.727159976959228516e-01
4.158148169517517090e-01 -5.725784897804260254e-01
4.159916341304779053e-01 -5.724411606788635254e-01
4.161683320999145508e-01 -5.723039507865905762e-01
4.163449108600616455e-01 -5.721668601036071777e-01
4.165214300155639648e-01 -5.720300078392028809e-01
4.166978001594543457e-01 -5.718932747840881348e-01
4.168740808963775635e-01 -5.717567205429077148e-01
4.170502722263336182e-01 -5.716203451156616211e-01
4.172263443470001221e-01 -5.714840888977050781e-01
4.174022972583770752e-01 -5.713480710983276367e-01
4.175781607627868652e-01 -5.712121725082397461e-01
4.177539348602294922e-01 -5.710764527320861816e-01
4.179295599460601807e-01 -5.709409117698669434e-01
4.181050956249237061e-01 -5.708055496215820312e-01
4.182805418968200684e-01 -5.706703662872314453e-01
4.184558391571044922e-01 -5.705353021621704102e-01
4.186310470104217529e-01 -5.704004764556884766e-01
4.188061654567718506e-01 -5.702658295631408691e-01
4.189811348915100098e-01 -5.701313018798828125e-01
4.191560149192810059e-01 -5.699970126152038574e-01
4.193307757377624512e-01 -5.698629021644592285e-01
4.195054471492767334e-01 -5.697289109230041504e-01
4.196799695491790771e-01 -5.695951581001281738e-01
4.198544025421142578e-01 -5.694615840911865234e-01
4.200287163257598877e-01 -5.693281888961791992e-01
4.202029109001159668e-01 -5.691950321197509766e-01
4.203770160675048828e-01 -5.690619945526123047e-01
4.205509722232818604e-01 -5.689291954040527344e-01
4.207248389720916748e-01 -5.687965154647827148e-01
4.208985865116119385e-01 -5.686640739440917969e-01
4.210722148418426514e-01 -5.685318708419799805e-01
4.212457239627838135e-01 -5.683997869491577148e-01
4.214191138744354248e-01 -5.682679414749145508e-01
4.215923845767974854e-01 -5.681363344192504883e-01
4.217655658721923828e-01 -5.680048465728759766e-01
4.219385981559753418e-01 -5.678735971450805664e-01
4.221115112304687500e-01 -5.677425265312194824e-01
4.222843348979949951e-01 -5.676116943359375000e-01
4.224570095539093018e-01 -5.674810409545898438e-01
4.226295650005340576e-01 -5.673506259918212891e-01
4.228020012378692627e-01 -5.672203898429870605e-01
4.229743480682373047e-01 -5.670903921127319336e-01
4.231465458869934082e-01 -5.669605731964111328e-01
4.233186244964599609e-01 -5.668309330940246582e-01
4.234905838966369629e-01 -5.667015314102172852e-01
4.236624240875244141e-01 -5.665723681449890137e-01
4.238341152667999268e-01 -5.664434432983398438e-01
4.240057170391082764e-01 -5.663146972656250000e-01
4.241771697998046875e-01 -5.661861300468444824e-01
4.243485331535339355e-01 -5.660578012466430664e-01
4.245197474956512451e-01 -5.659297108650207520e-01
4.246908426284790039e-01 -5.658018589019775391e-01
4.248617887496948242e-01 -5.656741857528686523e-01
4.250326454639434814e-01 -5.655468106269836426e-01
4.252033531665802002e-01 -5.654195547103881836e-01
4.253739416599273682e-01 -5.652925968170166016e-01
4.255443811416625977e-01 -5.651658773422241211e-01
4.257147312164306641e-01 -5.650393366813659668e-01
4.258849322795867920e-01 -5.649130344390869141e-01
4.260549843311309814e-01 -5.647869706153869629e-01
4.262249469757080078e-01 -5.646611452102661133e-01
4.263947606086730957e-01 -5.645355582237243652e-01
4.265644550323486328e-01 -5.644102096557617188e-01
4.267340004444122314e-01 -5.642850995063781738e-01
4.269034266471862793e-01 -5.641601681709289551e-01
4.270727038383483887e-01 -5.640355348587036133e-01
4.272418618202209473e-01 -5.639111399650573730e-01
4.274109005928039551e-01 -5.637869834899902344e-01
4.275797903537750244e-01 -5.636630654335021973e-01
4.277485609054565430e-01 -5.635393261909484863e-01
4.279171824455261230e-01 -5.634159445762634277e-01
4.280856847763061523e-01 -5.632927417755126953e-01
4.282540380954742432e-01 -5.631697773933410645e-01
4.284222424030303955e-01 -5.630471110343933105e-01
4.285903573036193848e-01 -5.629246234893798828e-01
4.287582933902740479e-01 -5.628024339675903320e-01
4.289261102676391602e-01 -5.626804828643798828e-01
4.290937781333923340e-01 -5.625588297843933105e-01
4.292613267898559570e-01 -5.624374151229858398e-01
4.294287264347076416e-01 -5.623161792755126953e-01
4.295960068702697754e-01 -5.621953010559082031e-01
4.297631382942199707e-01 -5.620746016502380371e-01
4.299301207065582275e-01 -5.619542002677917480e-01
4.300969541072845459e-01 -5.618340969085693359e-01
4.302636682987213135e-01 -5.617142319679260254e-01
4.304302334785461426e-01 -5.615946054458618164e-01
4.305966794490814209e-01 -5.614752769470214844e-01
4.307629466056823730e-01 -5.613561868667602539e-01
4.309290945529937744e-01 -5.612373352050781250e-01
4.310950934886932373e-01 -5.611187815666198730e-01
4.312609732151031494e-01 -5.610005259513854980e-01
4.314266741275787354e-01 -5.608825087547302246e-01
4.315922558307647705e-01 -5.607647895812988281e-01
4.317576885223388672e-01 -5.606473684310913086e-01
4.319229722023010254e-01 -5.605301856994628906e-01
4.320881068706512451e-01 -5.604132413864135742e-01
4.322530925273895264e-01 -5.602965950965881348e-01
4.324179589748382568e-01 -5.601802468299865723e-01
4.325826466083526611e-01 -5.600641965866088867e-01
4.327472150325775146e-01 -5.599484443664550781e-01
4.329116344451904297e-01 -5.598329305648803711e-01
4.330758750438690186e-01 -5.597177147865295410e-01
4.332399964332580566e-01 -5.596027374267578125e-01
4.334039688110351562e-01 -5.594881176948547363e-01
4.335677921772003174e-01 -5.593737363815307617e-01
4.337314367294311523e-01 -5.592596530914306641e-01
4.338949620723724365e-01 -5.591458678245544434e-01
4.340583384037017822e-01 -5.590323805809020996e-01
4.342215359210968018e-01 -5.589191913604736328e-01
4.343846142292022705e-01 -5.588063001632690430e-01
4.345475435256958008e-01 -5.586937069892883301e-01
4.347102940082550049e-01 -5.585814118385314941e-01
4.348728954792022705e-01 -5.584693551063537598e-01
4.350353479385375977e-01 -5.583576560020446777e-01
4.351976513862609863e-01 -5.582462549209594727e-01
4.353598058223724365e-01 -5.581351518630981445e-01
4.355218112468719482e-01 -5.580243468284606934e-01
4.356836378574371338e-01 -5.579138398170471191e-01
4.358453452587127686e-01 -5.578036308288574219e-01
4.360068738460540771e-01 -5.576937198638916016e-01
4.361682236194610596e-01 -5.575841665267944336e-01
4.363294541835784912e-01 -5.574748516082763672e-01
4.364905059337615967e-01 -5.573658943176269531e-01
4.366514086723327637e-01 -5.572572350502014160e-01
4.368121623992919922e-01 -5.571489334106445312e-01
4.369727671146392822e-01 -5.570408701896667480e-01
4.371331930160522461e-01 -5.569331645965576172e-01
4.372934401035308838e-01 -5.568258166313171387e-01
4.374535679817199707e-01 -5.567187070846557617e-01
4.376135170459747314e-01 -5.566119551658630371e-01
4.377733170986175537e-01 -5.565055608749389648e-01
4.379329383373260498e-01 -5.563994050025939941e-01
4.380924105644226074e-01 -5.562936067581176758e-01
4.382517039775848389e-01 -5.561881661415100098e-01
4.384108483791351318e-01 -5.560830235481262207e-01
4.385698437690734863e-01 -5.559782385826110840e-01
4.387286603450775146e-01 -5.558737516403198242e-01
4.388872981071472168e-01 -5.557695627212524414e-01
4.390457868576049805e-01 -5.556657910346984863e-01
4.392041265964508057e-01 -5.555622577667236328e-01
4.393622875213623047e-01 -5.554591417312622070e-01
4.395202696323394775e-01 -5.553563237190246582e-01
4.396781027317047119e-01 -5.552538037300109863e-01
4.398357570171356201e-01 -5.551516413688659668e-01
4.399932622909545898e-01 -5.550498366355895996e-01
4.401505887508392334e-01 -5.549483895301818848e-01
4.403077661991119385e-01 -5.548472404479980469e-01
4.404647350311279297e-01 -5.547464489936828613e-01
4.406215846538543701e-01 -5.546460151672363281e-01
4.407782256603240967e-01 -5.545459389686584473e-01
4.409347176551818848e-01 -5.544461607933044434e-01
4.410910308361053467e-01 -5.543467402458190918e-01
4.412471950054168701e-01 -5.542476773262023926e-01
4.414031505584716797e-01 -5.541489720344543457e-01
4.415589570999145508e-01 -5.540506243705749512e-01
4.417145848274230957e-01 -5.539526343345642090e-01
4.418700635433197021e-01 -5.538550019264221191e-01
4.420253336429595947e-01 -5.537576675415039062e-01
4.421804547309875488e-01 -5.536607503890991211e-01
4.423353970050811768e-01 -5.535641908645629883e-01
4.424901604652404785e-01 -5.534679293632507324e-01
4.426447749137878418e-01 -5.533720850944519043e-01
4.427991807460784912e-01 -5.532765984535217285e-01
4.429534375667572021e-01 -5.531814098358154297e-01
4.431074857711791992e-01 -5.530866384506225586e-01
4.432613849639892578e-01 -5.529922246932983398e-01
4.434151053428649902e-01 -5.528982281684875488e-01
4.435686469078063965e-01 -5.528045296669006348e-01
4.437220096588134766e-01 -5.527111887931823730e-01
4.438751935958862305e-01 -5.526182651519775391e-01
4.440281987190246582e-01 -5.525256991386413574e-01
4.441810250282287598e-01 -5.524334907531738281e-01
4.443336725234985352e-01 -5.523416996002197266e-01
4.444861412048339844e-01 -5.522502660751342773e-01
4.446384310722351074e-01 -5.521591901779174805e-01
4.447905421257019043e-01 -5.520684719085693359e-01
4.449424743652343750e-01 -5.519781708717346191e-01
4.450941979885101318e-01 -5.518882274627685547e-01
4.452457726001739502e-01 -5.517987012863159180e-01
4.453971683979034424e-01 -5.517095327377319336e-01
4.455483555793762207e-01 -5.516207218170166016e-01
4.456993639469146729e-01 -5.515323281288146973e-01
4.458501935005187988e-01 -5.514442920684814453e-01
4.460008442401885986e-01 -5.513566732406616211e-01
4.461513161659240723e-01 -5.512694716453552246e-01
4.463015794754028320e-01 -5.511826276779174805e-01
4.464516937732696533e-01 -5.510961413383483887e-01
4.466015994548797607e-01 -5.510100722312927246e-01
4.467512965202331543e-01 -5.509244203567504883e-01
4.469008445739746094e-01 -5.508391857147216797e-01
4.470501840114593506e-01 -5.507543087005615234e-01
4.471993446350097656e-01 -5.506697893142700195e-01
4.473483264446258545e-01 -5.505857467651367188e-01
4.474970996379852295e-01 -5.505020618438720703e-01
4.476456940174102783e-01 -5.504187941551208496e-01
4.477941095829010010e-01 -5.503358840942382812e-01
4.479423165321350098e-01 -5.502534508705139160e-01
4.480903446674346924e-01 -5.501713752746582031e-01
4.482381641864776611e-01 -5.500897169113159180e-01
4.483858048915863037e-01 -5.500084757804870605e-01
4.485332667827606201e-01 -5.499275922775268555e-01
4.486805200576782227e-01 -5.498471856117248535e-01
4.488275945186614990e-01 -5.497671961784362793e-01
4.489744603633880615e-01 -5.496875643730163574e-01
4.491211175918579102e-01 -5.496083498001098633e-01
4.492676258087158203e-01 -5.495296120643615723e-01
4.494138956069946289e-01 -5.494512319564819336e-01
4.495599865913391113e-01 -5.493733286857604980e-01
4.497058987617492676e-01 -5.492957830429077148e-01
4.498516023159027100e-01 -5.492187142372131348e-01
4.499971270561218262e-01 -5.491420030593872070e-01
4.501424133777618408e-01 -5.490657687187194824e-01
4.502875506877899170e-01 -5.489899516105651855e-01
4.504324495792388916e-01 -5.489145517349243164e-01
4.505771696567535400e-01 -5.488395690917968750e-01
4.507217109203338623e-01 -5.487650036811828613e-01
4.508660137653350830e-01 -5.486908555030822754e-01
4.510101377964019775e-01 -5.486171841621398926e-01
4.511540532112121582e-01 -5.485439300537109375e-01
4.512977898120880127e-01 -5.484710931777954102e-01
4.514413177967071533e-01 -5.483987331390380859e-01
4.515846371650695801e-01 -5.483267903327941895e-01
4.517277479171752930e-01 -5.482552647590637207e-01
4.518706798553466797e-01 -5.481841564178466797e-01
4.520133733749389648e-01 -5.481135249137878418e-01
4.521558880805969238e-01 -5.480433106422424316e-01
4.522981941699981689e-01 -5.479735732078552246e-01
4.524403214454650879e-01 -5.479042530059814453e-01
4.525822103023529053e-01 -5.478354096412658691e-01
4.527239203453063965e-01 -5.477669835090637207e-01
4.528653919696807861e-01 -5.476990342140197754e-01
4.530066847801208496e-01 -5.476315021514892578e-01
4.531477689743041992e-01 -5.475643873214721680e-01
4.532886445522308350e-01 -5.474978089332580566e-01
4.534293115139007568e-01 -5.474315881729125977e-01
4.535697698593139648e-01 -5.473659038543701172e-01
4.537100195884704590e-01 -5.473006367683410645e-01
4.538500607013702393e-01 -5.472358465194702148e-01
4.539898931980133057e-01 -5.471714735031127930e-01
4.541295170783996582e-01 -5.471075773239135742e-01
4.542689323425292969e-01 -5.470441579818725586e-01
4.544081389904022217e-01 -5.469811558723449707e-01
4.545471370220184326e-01 -5.469186902046203613e-01
4.546859264373779297e-01 -5.468566417694091797e-01
4.548245072364807129e-01 -5.467950701713562012e-01
4.549628794193267822e-01 -5.467339158058166504e-01
4.551010131835937500e-01 -5.466732978820800781e-01
4.552389681339263916e-01 -5.466130971908569336e-01
4.553766846656799316e-01 -5.465534329414367676e-01
4.555141925811767578e-01 -5.464941859245300293e-01
4.556514918804168701e-01 -5.464354157447814941e-01
4.557885825634002686e-01 -5.463771224021911621e-01
4.559254348278045654e-01 -5.463193058967590332e-01
4.560621082782745361e-01 -5.462619662284851074e-01
4.561985433101654053e-01 -5.462051033973693848e-01
4.563347399234771729e-01 -5.461487174034118652e-01
4.564707577228546143e-01 -5.460928082466125488e-01
4.566065371036529541e-01 -5.460373759269714355e-01
4.567421078681945801e-01 -5.459824800491333008e-01
4.568774700164794922e-01 -5.459280014038085938e-01
4.570125937461853027e-01 -5.458740592002868652e-01
4.571475088596343994e-01 -5.458205342292785645e-01
4.572822153568267822e-01 -5.457675457000732422e-01
4.574166834354400635e-01 -5.457150340080261230e-01
4.575509428977966309e-01 -5.456629991531372070e-01
4.576849937438964844e-01 -5.456114411354064941e-01
4.578188061714172363e-01 -5.455603599548339844e-01
4.579524397850036621e-01 -5.455097556114196777e-01
4.580858349800109863e-01 -5.454596877098083496e-01
4.582189917564392090e-01 -5.454100370407104492e-01
4.583519697189331055e-01 -5.453608632087707520e-01
4.584847092628479004e-01 -5.453121662139892578e-01
4.586172401905059814e-01 -5.452639460563659668e-01
4.587495625019073486e-01 -5.452162027359008789e-01
4.588816761970520020e-01 -5.451689362525939941e-01
4.590135514736175537e-01 -5.451221466064453125e-01
4.591452181339263916e-01 -5.450758337974548340e-01
4.592766761779785156e-01 -5.450299978256225586e-01
4.594079256057739258e-01 -5.449846386909484863e-01
4.595389664173126221e-01 -5.449396967887878418e-01
4.596697688102722168e-01 -5.448952913284301758e-01
4.598003923892974854e-01 -5.448513031005859375e-01
4.599307775497436523e-01 -5.448077917098999023e-01
4.600609540939331055e-01 -5.447647571563720703e-01
4.601909220218658447e-01 -5.447221398353576660e-01
4.603206813335418701e-01 -5.446800589561462402e-01
4.604502320289611816e-01 -5.446383953094482422e-01
4.605795443058013916e-01 -5.445972084999084473e-01
4.607086777687072754e-01 -5.445564985275268555e-01
4.608375728130340576e-01 -5.445162057876586914e-01
4.609662890434265137e-01 -5.444764494895935059e-01
4.610947668552398682e-01 -5.444371104240417480e-01
4.612230360507965088e-01 -5.443981885910034180e-01
4.613511264324188232e-01 -5.443597435951232910e-01
4.614789783954620361e-01 -5.443217754364013672e-01
4.616066217422485352e-01 -5.442842841148376465e-01
4.617340564727783203e-01 -5.442472100257873535e-01
4.618613123893737793e-01 -5.442106127738952637e-01
4.619883298873901367e-01 -5.441744327545166016e-01
4.621151387691497803e-01 -5.441387295722961426e-01
4.622417390346527100e-01 -5.441035032272338867e-01
4.623681306838989258e-01 -5.440686941146850586e-01
4.624943435192108154e-01 -5.440343618392944336e-01
4.626203179359436035e-01 -5.440004467964172363e-01
4.627460837364196777e-01 -5.439670085906982422e-01
4.628716707229614258e-01 -5.439339876174926758e-01
4.629970192909240723e-01 -5.439014434814453125e-01
4.631221890449523926e-01 -5.438693165779113770e-01
4.632471203804016113e-01 -5.438376665115356445e-01
4.633718729019165039e-01 -5.438064336776733398e-01
4.634964168071746826e-01 -5.437756776809692383e-01
4.636207520961761475e-01 -5.437453389167785645e-01
4.637448787689208984e-01 -5.437154173851013184e-01
4.638687968254089355e-01 -5.436859726905822754e-01
4.639925062656402588e-01 -5.436569452285766602e-01
4.641160368919372559e-01 -5.436283946037292480e-01
4.642393589019775391e-01 -5.436002612113952637e-01
4.643624424934387207e-01 -5.435725450515747070e-01
4.644853472709655762e-01 -5.435453057289123535e-01
4.646080732345581055e-01 -5.435184836387634277e-01
4.647305607795715332e-01 -5.434920787811279297e-01
4.648528397083282471e-01 -5.434660911560058594e-01
4.649749398231506348e-01 -5.434405803680419922e-01
4.650968313217163086e-01 -5.434154868125915527e-01
4.652185142040252686e-01 -5.433908104896545410e-01
4.653400182723999023e-01 -5.433666110038757324e-01
4.654612839221954346e-01 -5.433428287506103516e-01
4.655823707580566406e-01 -5.433194041252136230e-01
4.657032489776611328e-01 -5.432964563369750977e-01
4.658239483833312988e-01 -5.432739853858947754e-01
4.659444391727447510e-01 -5.432518720626831055e-01
4.660647213459014893e-01 -5.432302355766296387e-01
4.661847949028015137e-01 -5.432089567184448242e-01
4.663046598434448242e-01 -5.431881546974182129e-01
4.664243459701538086e-01 -5.431677699089050293e-01
4.665438532829284668e-01 -5.431478023529052734e-01
4.666631221771240234e-01 -5.431282520294189453e-01
4.667822122573852539e-01 -5.431091189384460449e-01
4.669010937213897705e-01 -5.430904030799865723e-01
4.670197963714599609e-01 -5.430721044540405273e-01
4.671382904052734375e-01 -5.430542230606079102e-01
4.672565758228302002e-01 -5.430368185043334961e-01
4.673746824264526367e-01 -5.430197715759277344e-01
4.674925804138183594e-01 -5.430031418800354004e-01
4.676102697849273682e-01 -5.429869294166564941e-01
4.677277803421020508e-01 -5.429711341857910156e-01
4.678450822830200195e-01 -5.429557561874389648e-01
4.679622054100036621e-01 -5.429407954216003418e-01
4.680791199207305908e-01 -5.429262518882751465e-01
4.681958556175231934e-01 -5.429120659828186035e-01
4.683123826980590820e-01 -5.428983569145202637e-01
4.684287011623382568e-01 -5.428850054740905762e-01
4.685448408126831055e-01 -5.428720712661743164e-01
4.686608016490936279e-01 -5.428595542907714844e-01
4.687765538692474365e-01 -5.428474545478820801e-01
4.688920974731445312e-01 -5.428357720375061035e-01
4.690074622631072998e-01 -5.428244471549987793e-01
4.691226184368133545e-01 -5.428135991096496582e-01
4.692375957965850830e-01 -5.428031086921691895e-01
4.693523943424224854e-01 -5.427930355072021484e-01
4.694669842720031738e-01 -5.427833199501037598e-01
4.695813655853271484e-01 -5.427740216255187988e-01
4.696955680847167969e-01 -5.427651405334472656e-01
4.698095917701721191e-01 -5.427566766738891602e-01
4.699234068393707275e-01 -5.427485704421997070e-01
4.700370430946350098e-01 -5.427408814430236816e-01
4.701504707336425781e-01 -5.427336096763610840e-01
4.702637195587158203e-01 -5.427266955375671387e-01
4.703767895698547363e-01 -5.427201986312866211e-01
4.704896509647369385e-01 -5.427140593528747559e-01
4.706023335456848145e-01 -5.427083373069763184e-01
4.707148075103759766e-01 -5.427030324935913086e-01
4.708271324634552002e-01 -5.426980853080749512e-01
4.709392189979553223e-01 -5.426935553550720215e-01
4.710511565208435059e-01 -5.426893830299377441e-01
4.711628854274749756e-01 -5.426856279373168945e-01
4.712744057178497314e-01 -5.426822304725646973e-01
4.713857769966125488e-01 -5.426792502403259277e-01
4.714969396591186523e-01 -5.426766276359558105e-01
4.716079235076904297e-01 -5.426744222640991211e-01
4.717186987400054932e-01 -5.426725745201110840e-01
4.718292951583862305e-01 -5.426711440086364746e-01
4.719397127628326416e-01 -5.426700711250305176e-01
4.720499515533447266e-01 -5.426694154739379883e-01
4.721599817276000977e-01 -5.426690578460693359e-01
4.722698628902435303e-01 -5.426691770553588867e-01
4.723795354366302490e-01 -5.426695942878723145e-01
4.724889993667602539e-01 -5.426704287528991699e-01
4.725983142852783203e-01 -5.426716804504394531e-01
4.727074205875396729e-01 -5.426732301712036133e-01
4.728163480758666992e-01 -5.426751971244812012e-01
4.729250967502593994e-01 -5.426775217056274414e-01
4.730336666107177734e-01 -5.426802635192871094e-01
4.731420278549194336e-01 -5.426833629608154297e-01
4.732502102851867676e-01 -5.426868200302124023e-01
4.733582437038421631e-01 -5.426906347274780273e-01
4.734660685062408447e-01 -5.426948666572570801e-01
4.735736846923828125e-01 -5.426993966102600098e-01
4.736811518669128418e-01 -5.427043437957763672e-01
4.737884402275085449e-01 -5.427096486091613770e-01
4.738955199718475342e-01 -5.427153706550598145e-01
4.740024209022521973e-01 -5.427213907241821289e-01
4.741091728210449219e-01 -5.427278280258178711e-01
4.742157161235809326e-01 -5.427345633506774902e-01
4.743220806121826172e-01 -5.427417159080505371e-01
4.744282662868499756e-01 -5.427492260932922363e-01
4.745342731475830078e-01 -5.427570939064025879e-01
4.746401011943817139e-01 -5.427653193473815918e-01
4.747457504272460938e-01 -5.427739024162292480e-01
4.748511910438537598e-01 -5.427829027175903320e-01
4.749564826488494873e-01 -5.427922010421752930e-01
4.750615954399108887e-01 -5.428018569946289062e-01
4.751665294170379639e-01 -5.428118705749511719e-01
4.752712547779083252e-01 -5.428223013877868652e-01
4.753758311271667480e-01 -5.428330302238464355e-01
4.754802286624908447e-01 -5.428441166877746582e-01
4.755844175815582275e-01 -5.428555607795715332e-01
4.756884574890136719e-01 -5.428673624992370605e-01
4.757923185825347900e-01 -5.428795218467712402e-01
4.758960008621215820e-01 -5.428920388221740723e-01
4.759995043277740479e-01 -5.429049134254455566e-01
4.761028289794921875e-01 -5.429180860519409180e-01
4.762059748172760010e-01 -5.429316759109497070e-01
4.763089418411254883e-01 -5.429455637931823730e-01
4.764117300510406494e-01 -5.429598093032836914e-01
4.765143394470214844e-01 -5.429744124412536621e-01
4.766167998313903809e-01 -5.429893732070922852e-01
4.767190515995025635e-01 -5.430046916007995605e-01
4.768211543560028076e-01 -5.430203080177307129e-01
4.769230782985687256e-01 -5.430362820625305176e-01
4.770247936248779297e-01 -5.430526137351989746e-01
4.771263897418975830e-01 -5.430692434310913086e-01
4.772277772426605225e-01 -5.430862903594970703e-01
4.773289859294891357e-01 -5.431036353111267090e-01
4.774300456047058105e-01 -5.431213378906250000e-01
4.775308966636657715e-01 -5.431393384933471680e-01
4.776315987110137939e-01 -5.431576967239379883e-01
4.777321219444274902e-01 -5.431764125823974609e-01
4.778324961662292480e-01 -5.431954264640808105e-01
4.779326617717742920e-01 -5.432147979736328125e-01
4.780326783657073975e-01 -5.432345271110534668e-01
4.781325161457061768e-01 -5.432545542716979980e-01
4.782321751117706299e-01 -5.432748794555664062e-01
4.783316850662231445e-01 -5.432956218719482422e-01
4.784310162067413330e-01 -5.433166623115539551e-01
4.785301685333251953e-01 -5.433380007743835449e-01
4.786291420459747314e-01 -5.433596968650817871e-01
4.787279665470123291e-01 -5.433816909790039062e-01
4.788265824317932129e-01 -5.434040427207946777e-01
4.789250791072845459e-01 -5.434267520904541016e-01
4.790233671665191650e-01 -5.434497594833374023e-01
4.791215062141418457e-01 -5.434730648994445801e-01
4.792194664478302002e-01 -5.434967279434204102e-01
4.793172776699066162e-01 -5.435206890106201172e-01
4.794149100780487061e-01 -5.435450077056884766e-01
4.795123636722564697e-01 -5.435696244239807129e-01
4.796096384525299072e-01 -5.435945391654968262e-01
4.797067642211914062e-01 -5.436198115348815918e-01
4.798037409782409668e-01 -5.436453819274902344e-01
4.799005091190338135e-01 -5.436712503433227539e-01
4.799971282482147217e-01 -5.436974763870239258e-01
4.800935983657836914e-01 -5.437240004539489746e-01
4.801898896694183350e-01 -5.437508225440979004e-01
4.802860021591186523e-01 -5.437780022621154785e-01
4.803819656372070312e-01 -5.438054800033569336e-01
4.804777503013610840e-01 -5.438332557678222656e-01
4.805733859539031982e-01 -5.438613891601562500e-01
4.806688427925109863e-01 -5.438897609710693359e-01
4.807641506195068359e-01 -5.439184904098510742e-01
4.808592796325683594e-01 -5.439475178718566895e-01
4.809542298316955566e-01 -5.439769029617309570e-01
4.810490608215332031e-01 -5.440065264701843262e-01
4.811436831951141357e-01 -5.440365076065063477e-01
4.812381565570831299e-01 -5.440667271614074707e-01
4.813324809074401855e-01 -5.440973043441772461e-01
4.814266264438629150e-01 -5.441281795501708984e-01
4.815206229686737061e-01 -5.441593527793884277e-01
4.816144406795501709e-01 -5.441908240318298340e-01
4.817081093788146973e-01 -5.442226529121398926e-01
4.818015992641448975e-01 -5.442547202110290527e-01
4.818949401378631592e-01 -5.442870855331420898e-01
4.819881021976470947e-01 -5.443198084831237793e-01
4.820811450481414795e-01 -5.443527698516845703e-01
4.821739792823791504e-01 -5.443860292434692383e-01
4.822666645050048828e-01 -5.444196462631225586e-01
4.823592007160186768e-01 -5.444535017013549805e-01
4.824515879154205322e-01 -5.444877147674560547e-01
4.825437963008880615e-01 -5.445221662521362305e-01
4.826358556747436523e-01 -5.445569157600402832e-01
4.827277362346649170e-01 -5.445919632911682129e-01
4.828194677829742432e-01 -5.446273088455200195e-01
4.829110503196716309e-01 -5.446629524230957031e-01
4.830024838447570801e-01 -5.446988940238952637e-01
4.830937385559082031e-01 -5.447351336479187012e-01
4.831848442554473877e-01 -5.447716116905212402e-01
4.832757711410522461e-01 -5.448083877563476562e-01
4.833665490150451660e-01 -5.448455214500427246e-01
4.834571778774261475e-01 -5.448828339576721191e-01
4.835476577281951904e-01 -5.449205040931701660e-01
4.836379885673522949e-01 -5.449584722518920898e-01
4.837281405925750732e-01 -5.449966788291931152e-01
4.838181436061859131e-01 -5.450351834297180176e-01
4.839079678058624268e-01 -5.450739860534667969e-01
4.839976727962493896e-01 -5.451130270957946777e-01
4.840871989727020264e-01 -5.451524257659912109e-01
4.841765761375427246e-01 -5.451920628547668457e-01
4.842658042907714844e-01 -5.452319383621215820e-01
4.843548536300659180e-01 -5.452721118927001953e-01
4.844437837600708008e-01 -5.453125834465026855e-01
4.845325350761413574e-01 -5.453533530235290527e-01
4.846211373805999756e-01 -5.453943610191345215e-01
4.847095906734466553e-01 -5.454356670379638672e-01
4.847978949546813965e-01 -5.454772114753723145e-01
4.848860502243041992e-01 -5.455190539360046387e-01
4.849740266799926758e-01 -5.455611944198608398e-01
4.850618839263916016e-01 -5.456035733222961426e-01
4.851495623588562012e-01 -5.456461906433105469e-01
4.852370917797088623e-01 -5.456891059875488281e-01
4.853244721889495850e-01 -5.457323193550109863e-01
4.854117035865783691e-01 -5.457757711410522461e-01
4.854987859725952148e-01 -5.458195209503173828e-01
4.855857193470001221e-01 -5.458635091781616211e-01
4.856724739074707031e-01 -5.459077358245849609e-01
4.857591092586517334e-01 -5.459522604942321777e-01
4.858455955982208252e-01 -5.459970831871032715e-01
4.859319031238555908e-01 -5.460420846939086914e-01
4.860180914402008057e-01 -5.460874438285827637e-01
4.861041009426116943e-01 -5.461329817771911621e-01
4.861899912357330322e-01 -5.461788177490234375e-01
4.862757325172424316e-01 -5.462249517440795898e-01
4.863612949848175049e-01 -5.462712645530700684e-01
4.864467382431030273e-01 -5.463178753852844238e-01
4.865320026874542236e-01 -5.463647842407226562e-01
4.866171479225158691e-01 -5.464118719100952148e-01
4.867021143436431885e-01 -5.464592576026916504e-01
4.867869615554809570e-01 -5.465068817138671875e-01
4.868716597557067871e-01 -5.465548038482666016e-01
4.869562089443206787e-01 -5.466029047966003418e-01
4.870406091213226318e-01 -5.466513037681579590e-01
4.871248602867126465e-01 -5.466999411582946777e-01
4.872089624404907227e-01 -5.467488765716552734e-01
4.872929155826568604e-01 -5.467979907989501953e-01
4.873767197132110596e-01 -5.468474030494689941e-01
4.874603748321533203e-01 -5.468970537185668945e-01
4.875439107418060303e-01 -5.469469428062438965e-01
4.876272976398468018e-01 -5.469970703125000000e-01
4.877105057239532471e-01 -5.470474362373352051e-01
4.877935945987701416e-01 -5.470980405807495117e-01
4.878765344619750977e-01 -5.471489429473876953e-01
4.879593551158905029e-01 -5.472000241279602051e-01
4.880419969558715820e-01 -5.472514033317565918e-01
4.881245195865631104e-01 -5.473029613494873047e-01
4.882068634033203125e-01 -5.473548173904418945e-01
4.882891178131103516e-01 -5.474069118499755859e-01
4.883711934089660645e-01 -5.474591851234436035e-01
4.884531199932098389e-01 -5.475117564201354980e-01
4.885349273681640625e-01 -5.475645065307617188e-01
4.886165857315063477e-01 -5.476175546646118164e-01
4.886980950832366943e-01 -5.476707816123962402e-01
4.887794554233551025e-01 -5.477243065834045410e-01
4.888606965541839600e-01 -5.477780103683471680e-01
4.889417886734008789e-01 -5.478320121765136719e-01
4.890227317810058594e-01 -5.478861927986145020e-01
4.891035556793212891e-01 -5.479406118392944336e-01
4.891842305660247803e-01 -5.479952692985534668e-01
4.892647564411163330e-01 -5.480501055717468262e-01
4.893451333045959473e-01 -5.481052398681640625e-01
4.894253909587860107e-01 -5.481606125831604004e-01
4.895054996013641357e-01 -5.482161641120910645e-01
4.895854890346527100e-01 -5.482719540596008301e-01
4.896652996540069580e-01 -5.483279824256896973e-01
4.897449910640716553e-01 -5.483841896057128906e-01
4.898245632648468018e-01 -5.484406352043151855e-01
4.899039864540100098e-01 -5.484973192214965820e-01
4.899832606315612793e-01 -5.485542416572570801e-01
4.900624155998229980e-01 -5.486114025115966797e-01
4.901414215564727783e-01 -5.486687421798706055e-01
4.902202785015106201e-01 -5.487263202667236328e-01
4.902990162372589111e-01 -5.487840771675109863e-01
4.903776347637176514e-01 -5.488420724868774414e-01
4.904560744762420654e-01 -5.489003062248229980e-01
4.905344247817993164e-01 -5.489587783813476562e-01
4.906125962734222412e-01 -5.490174293518066406e-01
4.906906485557556152e-01 -5.490762591361999512e-01
4.907685816287994385e-01 -5.491353869438171387e-01
4.908463656902313232e-01 -5.491946339607238770e-01
4.909240305423736572e-01 -5.492541790008544922e-01
4.910015463829040527e-01 -5.493139028549194336e-01
4.910789132118225098e-01 -5.493738055229187012e-01
4.911561608314514160e-01 -5.494339466094970703e-01
4.912332892417907715e-01 -5.494942665100097656e-01
4.913102686405181885e-01 -5.495548248291015625e-01
4.913871288299560547e-01 -5.496156215667724609e-01
4.914638400077819824e-01 -5.496765971183776855e-01
4.915404319763183594e-01 -5.497377514839172363e-01
4.916168749332427979e-01 -5.497991442680358887e-01
4.916931986808776855e-01 -5.498607158660888672e-01
4.917694032192230225e-01 -5.499224662780761719e-01
4.918454587459564209e-01 -5.499844551086425781e-01
4.919213950634002686e-01 -5.500466227531433105e-01
4.919971823692321777e-01 -5.501090288162231445e-01
4.920728504657745361e-01 -5.501716136932373047e-01
4.921483695507049561e-01 -5.502343773841857910e-01
4.922237992286682129e-01 -5.502973794937133789e-01
4.922990500926971436e-01 -5.503605604171752930e-01
4.923742115497589111e-01 -5.504239201545715332e-01
4.924492239952087402e-01 -5.504874587059020996e-01
4.925241172313690186e-01 -5.505512356758117676e-01
4.925988614559173584e-01 -5.506151914596557617e-01
4.926735162734985352e-01 -5.506793260574340820e-01
4.927479922771453857e-01 -5.507436990737915039e-01
4.928223788738250732e-01 -5.508081912994384766e-01
4.928966164588928223e-01 -5.508729219436645508e-01
4.929707348346710205e-01 -5.509378314018249512e-01
4.930447340011596680e-01 -5.510029196739196777e-01
4.931186139583587646e-01 -5.510682463645935059e-01
4.931923449039459229e-01 -5.511336922645568848e-01
4.932659566402435303e-01 -5.511993765830993652e-01
4.933394491672515869e-01 -5.512651801109313965e-01
4.934127926826477051e-01 -5.513312220573425293e-01
4.934860169887542725e-01 -5.513974428176879883e-01
4.935591518878936768e-01 -5.514638423919677734e-01
4.936321079730987549e-01 -5.515304207801818848e-01
4.937049746513366699e-01 -5.515971779823303223e-01
4.937777221202850342e-01 -5.516641139984130859e-01
4.938503205776214600e-01 -5.517311692237854004e-01
4.939227998256683350e-01 -5.517984628677368164e-01
4.939951598644256592e-01 -5.518659353256225586e-01
4.940674006938934326e-01 -5.519335865974426270e-01
4.941395223140716553e-01 -5.520014166831970215e-01
4.942115247249603271e-01 -5.520694255828857422e-01
4.942833781242370605e-01 -5.521376132965087891e-01
4.943551123142242432e-01 -5.522059202194213867e-01
4.944267570972442627e-01 -5.522744655609130859e-01
4.944982528686523438e-01 -5.523431301116943359e-01
4.945696294307708740e-01 -5.524119734764099121e-01
4.946408867835998535e-01 -5.524810552597045898e-01
4.947120249271392822e-01 -5.525502562522888184e-01
4.947830438613891602e-01 -5.526195764541625977e-01
4.948539435863494873e-01 -5.526891350746154785e-01
4.949246942996978760e-01 -5.527588129043579102e-01
4.949953556060791016e-01 -5.528286695480346680e-01
4.950658977031707764e-01 -5.528987050056457520e-01
4.951362907886505127e-01 -5.529689192771911621e-01
4.952065944671630859e-01 -5.530392527580261230e-01
4.952767789363861084e-01 -5.531098246574401855e-01
4.953468441963195801e-01 -5.531804561614990234e-01
4.954167604446411133e-01 -5.532513260841369629e-01
4.954865872859954834e-01 -5.533223152160644531e-01
4.955562949180603027e-01 -5.533934831619262695e-01
4.956258833408355713e-01 -5.534648299217224121e-01
4.956953227519989014e-01 -5.535362958908081055e-01
4.957646727561950684e-01 -5.536079406738281250e-01
4.958339035511016846e-01 -5.536797046661376953e-01
4.959030151367187500e-01 -5.537516474723815918e-01
4.959720075130462646e-01 -5.538237690925598145e-01
4.960409104824066162e-01 -5.538960099220275879e-01
4.961096644401550293e-01 -5.539683699607849121e-01
4.961782991886138916e-01 -5.540409684181213379e-01
4.962468445301055908e-01 -5.541136860847473145e-01
4.963152706623077393e-01 -5.541865229606628418e-01
4.963835775852203369e-01 -5.542595386505126953e-01
4.964517652988433838e-01 -5.543326735496520996e-01
4.965198338031768799e-01 -5.544059872627258301e-01
4.965877830982208252e-01 -5.544794201850891113e-01
4.966556131839752197e-01 -5.545530319213867188e-01
4.967233538627624512e-01 -5.546267628669738770e-01
4.967909753322601318e-01 -5.547006130218505859e-01
4.968584775924682617e-01 -5.547746419906616211e-01
4.969258606433868408e-01 -5.548487901687622070e-01
4.969931542873382568e-01 -5.549231171607971191e-01
4.970602989196777344e-01 -5.549975633621215820e-01
4.971273541450500488e-01 -5.550721287727355957e-01
4.971942901611328125e-01 -5.551468729972839355e-01
4.972611367702484131e-01 -5.552217364311218262e-01
4.973278343677520752e-01 -5.552967190742492676e-01
4.973944425582885742e-01 -5.553718805313110352e-01
4.974609315395355225e-01 -5.554471611976623535e-01
4.975273311138153076e-01 -5.555225610733032227e-01
4.975936114788055420e-01 -5.555980801582336426e-01
4.976597726345062256e-01 -5.556737780570983887e-01
4.977258145809173584e-01 -5.557495951652526855e-01
4.977917671203613281e-01 -5.558255314826965332e-01
4.978576004505157471e-01 -5.559015870094299316e-01
4.979233145713806152e-01 -5.559777617454528809e-01
4.979889392852783203e-01 -5.560541152954101562e-01
4.980544447898864746e-01 -5.561305880546569824e-01
4.981198310852050781e-01 -5.562071204185485840e-01
4.981851279735565186e-01 -5.562838315963745117e-01
4.982503056526184082e-01 -5.563607215881347656e-01
4.983153939247131348e-01 -5.564376711845397949e-01
4.983803629875183105e-01 -5.565147399902343750e-01
4.984452128410339355e-01 -5.565919280052185059e-01
4.985099732875823975e-01 -5.566692948341369629e-01
4.985746145248413086e-01 -5.567467212677001953e-01
4.986391663551330566e-01 -5.568242669105529785e-01
4.987035989761352539e-01 -5.569019913673400879e-01
4.987679123878479004e-01 -5.569797754287719727e-01
4.988321363925933838e-01 -5.570576786994934082e-01
4.988962709903717041e-01 -5.571357607841491699e-01
4.989602863788604736e-01 -5.572139024734497070e-01
4.990241825580596924e-01 -5.572921633720397949e-01
4.990879893302917480e-01 -5.573705434799194336e-01
4.991516768932342529e-01 -5.574490427970886230e-01
4.992152750492095947e-01 -5.575276613235473633e-01
4.992787837982177734e-01 -5.576063990592956543e-01
4.993421435356140137e-01 -5.576852560043334961e-01
4.994054436683654785e-01 -5.577642321586608887e-01
4.994686245918273926e-01 -5.578432679176330566e-01
4.995317161083221436e-01 -5.579224228858947754e-01
4.995946884155273438e-01 -5.580016970634460449e-01
4.996575415134429932e-01 -5.580810904502868652e-01
4.997203350067138672e-01 -5.581606030464172363e-01
4.997829794883728027e-01 -5.582401752471923828e-01
4.998455643653869629e-01 -5.583198666572570801e-01
4.999080300331115723e-01 -5.583996772766113281e-01
4.999704062938690186e-01 -5.584795475006103516e-01
5.000326633453369141e-01 -5.585595965385437012e-01
5.000948309898376465e-01 -5.586397051811218262e-01
5.001568794250488281e-01 -5.587198734283447266e-01
5.002188682556152344e-01 -5.588002204895019531e-01
5.002807378768920898e-01 -5.588806271553039551e-01
5.003424882888793945e-01 -5.589610934257507324e-01
5.004041790962219238e-01 -5.590417385101318359e-01
5.004656910896301270e-01 -5.591223835945129395e-01
5.005272030830383301e-01 -5.592032074928283691e-01
5.005885362625122070e-01 -5.592840909957885742e-01
5.006498098373413086e-01 -5.593650937080383301e-01
5.007110238075256348e-01 -5.594461560249328613e-01
5.007720589637756348e-01 -5.595273375511169434e-01
5.008330345153808594e-01 -5.596085786819458008e-01
5.008939504623413086e-01 -5.596899390220642090e-01
5.009547472000122070e-01 -5.597713589668273926e-01
5.010154247283935547e-01 -5.598528981208801270e-01
5.010759830474853516e-01 -5.599344968795776367e-01
5.011364817619323730e-01 -5.600161552429199219e-01
5.011969208717346191e-01 -5.600979924201965332e-01
5.012572407722473145e-01 -5.601798295974731445e-01
5.013174414634704590e-01 -5.602617859840393066e-01
5.013775229454040527e-01 -5.603438615798950195e-01
5.014375448226928711e-01 -5.604259371757507324e-01
5.014975070953369141e-01 -5.605081319808959961e-01
5.015572905540466309e-01 -5.605904459953308105e-01
5.016170740127563477e-01 -5.606728196144104004e-01
5.016766786575317383e-01 -5.607552528381347656e-01
5.017362236976623535e-01 -5.608377456665039062e-01
5.017957091331481934e-01 -5.609203577041625977e-01
5.018550753593444824e-01 -5.610030293464660645e-01
5.019143223762512207e-01 -5.610858201980590820e-01
5.019735097885131836e-01 -5.611686110496520996e-01
5.020325779914855957e-01 -5.612515211105346680e-01
5.020915865898132324e-01 -5.613344907760620117e-01
5.021504759788513184e-01 -5.614175796508789062e-01
5.022093057632446289e-01 -5.615006685256958008e-01
5.022680163383483887e-01 -5.615838766098022461e-01
5.023266673088073730e-01 -5.616671442985534668e-01
5.023851990699768066e-01 -5.617504715919494629e-01
5.024436712265014648e-01 -5.618338584899902344e-01
5.025020241737365723e-01 -5.619173049926757812e-01
5.025602579116821289e-01 -5.620008707046508789e-01
5.026184320449829102e-01 -5.620844364166259766e-01
5.026765465736389160e-01 -5.621681213378906250e-01
5.027345418930053711e-01 -5.622518658638000488e-01
5.027924776077270508e-01 -5.623356103897094727e-01
5.028502941131591797e-01 -5.624194741249084473e-01
5.029079914093017578e-01 -5.625033974647521973e-01
5.029656291007995605e-01 -5.625873804092407227e-01
5.030232071876525879e-01 -5.626714229583740234e-01
5.030806660652160645e-01 -5.627555251121520996e-01
5.031380653381347656e-01 -5.628396868705749512e-01
5.031953454017639160e-01 -5.629239082336425781e-01
5.032525658607482910e-01 -5.630081295967102051e-01
5.033096671104431152e-01 -5.630924701690673828e-01
5.033667087554931641e-01 -5.631768703460693359e-01
5.034236907958984375e-01 -5.632612705230712891e-01
5.034805536270141602e-01 -5.633457899093627930e-01
5.035372972488403320e-01 -5.634303092956542969e-01
5.035940408706665039e-01 -5.635148882865905762e-01
5.036506056785583496e-01 -5.635995268821716309e-01
5.037071704864501953e-01 -5.636842250823974609e-01
5.037636160850524902e-01 -5.637689828872680664e-01
5.038199424743652344e-01 -5.638538002967834473e-01
5.038762092590332031e-01 -5.639386177062988281e-01
5.039324164390563965e-01 -5.640234947204589844e-01
5.039885044097900391e-01 -5.641084313392639160e-01
5.040445327758789062e-01 -5.641934275627136230e-01
5.041004419326782227e-01 -5.642784237861633301e-01
5.041563510894775391e-01 -5.643634796142578125e-01
5.042120814323425293e-01 -5.644485950469970703e-01
5.042678117752075195e-01 -5.645337104797363281e-01
5.043234229087829590e-01 -5.646189451217651367e-01
5.043789148330688477e-01 -5.647041797637939453e-01
5.044343471527099609e-01 -5.647894144058227539e-01
5.044897198677062988e-01 -5.648747086524963379e-01
5.045450329780578613e-01 -5.649600625038146973e-01
5.046002268791198730e-01 -5.650454163551330566e-01
5.046553611755371094e-01 -5.651308298110961914e-01
5.047103762626647949e-01 -5.652163028717041016e-01
5.047653317451477051e-01 -5.653017759323120117e-01
5.048202276229858398e-01 -5.653873085975646973e-01
5.048750638961791992e-01 -5.654728412628173828e-01
5.049297809600830078e-01 -5.655584335327148438e-01
5.049844384193420410e-01 -5.656440258026123047e-01
5.050389766693115234e-01 -5.657296776771545410e-01
5.050934553146362305e-01 -5.658153295516967773e-01
5.051478743553161621e-01 -5.659010410308837891e-01
5.052022337913513184e-01 -5.659867525100708008e-01
5.052564740180969238e-01 -5.660725235939025879e-01
5.053106546401977539e-01 -5.661582946777343750e-01
5.053647756576538086e-01 -5.662441253662109375e-01
5.054187774658203125e-01 -5.663299560546875000e-01
5.054727196693420410e-01 -5.664157867431640625e-01
5.055266022682189941e-01 -5.665016770362854004e-01
5.055803656578063965e-01 -5.665875673294067383e-01
5.056341290473937988e-01 -5.666734576225280762e-01
5.056877732276916504e-01 -5.667594075202941895e-01
5.057413578033447266e-01 -5.668453574180603027e-01
5.057948231697082520e-01 -5.669313073158264160e-01
5.058482289314270020e-01 -5.670173168182373047e-01
5.059015750885009766e-01 -5.671033263206481934e-01
5.059548616409301758e-01 -5.671893358230590820e-01
5.060080885887145996e-01 -5.672754049301147461e-01
5.060611963272094727e-01 -5.673614144325256348e-01
5.061142444610595703e-01 -5.674474835395812988e-01
5.061672329902648926e-01 -5.675335526466369629e-01
5.062201023101806641e-01 -5.676196813583374023e-01
5.062729716300964355e-01 -5.677057504653930664e-01
5.063257217407226562e-01 -5.677918791770935059e-01
5.063784122467041016e-01 -5.678779482841491699e-01
5.064310431480407715e-01 -5.679640769958496094e-01
5.064835548400878906e-01 -5.680502057075500488e-01
5.065360069274902344e-01 -5.681363940238952637e-01
5.065884590148925781e-01 -5.682225227355957031e-01
5.066407918930053711e-01 -5.683086514472961426e-01
5.066930055618286133e-01 -5.683947801589965820e-01
5.067452192306518555e-01 -5.684809684753417969e-01
5.067973136901855469e-01 -5.685670971870422363e-01
5.068494081497192383e-01 -5.686532855033874512e-01
5.069013833999633789e-01 -5.687394142150878906e-01
5.069532990455627441e-01 -5.688256025314331055e-01
5.070050954818725586e-01 -5.689117312431335449e-01
5.070568919181823730e-01 -5.689979195594787598e-01
5.071085691452026367e-01 -5.690840482711791992e-01
5.071602463722229004e-01 -5.691702365875244141e-01
5.072118043899536133e-01 -5.692563652992248535e-01
5.072633028030395508e-01 -5.693424940109252930e-01
5.073147416114807129e-01 -5.694286227226257324e-01
5.073661208152770996e-01 -5.695147514343261719e-01
5.074173808097839355e-01 -5.696008801460266113e-01
5.074686408042907715e-01 -5.696870088577270508e-01
5.075197815895080566e-01 -5.697730779647827148e-01
5.075709223747253418e-01 -5.698591470718383789e-01
5.076219439506530762e-01 -5.699452757835388184e-01
5.076729059219360352e-01 -5.700312852859497070e-01
5.077238082885742188e-01 -5.701173543930053711e-01
5.077746510505676270e-01 -5.702034235000610352e-01
5.078254342079162598e-01 -5.702894330024719238e-01
5.078761577606201172e-01 -5.703754425048828125e-01
5.079267621040344238e-01 -5.704614520072937012e-01
5.079773664474487305e-01 -5.705474019050598145e-01
5.080278515815734863e-01 -5.706333518028259277e-01
5.080783367156982422e-01 -5.707193017005920410e-01
5.081287026405334473e-01 -5.708052515983581543e-01
5.081790089607238770e-01 -5.708911418914794922e-01
5.082293152809143066e-01 -5.709770321846008301e-01
5.082795023918151855e-01 -5.710628628730773926e-01
5.083296298980712891e-01 -5.711486935615539551e-01
5.083796977996826172e-01 -5.712345242500305176e-01
5.084297060966491699e-01 -5.713202953338623047e-01
5.084796547889709473e-01 -5.714060664176940918e-01
5.085295438766479492e-01 -5.714917778968811035e-01
5.085793733596801758e-01 -5.715774893760681152e-01
5.086291432380676270e-01 -5.716631412506103516e-01
5.086788535118103027e-01 -5.717487931251525879e-01
5.087285041809082031e-01 -5.718344449996948242e-01
5.087780952453613281e-01 -5.719200372695922852e-01
5.088276267051696777e-01 -5.720055699348449707e-01
5.088770985603332520e-01 -5.720911026000976562e-01
5.089265108108520508e-01 -5.721765756607055664e-01
5.089758634567260742e-01 -5.722620487213134766e-01
5.090251564979553223e-01 -5.723474621772766113e-01
5.090743899345397949e-01 -5.724328756332397461e-01
5.091235637664794922e-01 -5.725182294845581055e-01
5.091726779937744141e-01 -5.726035237312316895e-01
5.092217326164245605e-01 -5.726888179779052734e-01
5.092707872390747070e-01 -5.727740526199340820e-01
5.093197226524353027e-01 -5.728592276573181152e-01
5.093685984611511230e-01 -5.729444026947021484e-01
5.094174146652221680e-01 -5.730295181274414062e-01
5.094662308692932129e-01 -5.731146335601806641e-01
5.095149278640747070e-01 -5.731996297836303711e-01
5.095635652542114258e-01 -5.732846260070800781e-01
5.096122026443481445e-01 -5.733695626258850098e-01
5.096607208251953125e-01 -5.734544396400451660e-01
5.097092390060424805e-01 -5.735393166542053223e-01
5.097576975822448730e-01 -5.736241340637207031e-01
5.098060965538024902e-01 -5.737088918685913086e-01
5.098544359207153320e-01 -5.737935900688171387e-01
5.099027156829833984e-01 -5.738782286643981934e-01
5.099509358406066895e-01 -5.739628672599792480e-01
5.099990963935852051e-01 -5.740473866462707520e-01
5.100471973419189453e-01 -5.741319060325622559e-01
5.100952982902526855e-01 -5.742163658142089844e-01
5.101432800292968750e-01 -5.743007659912109375e-01
5.101912617683410645e-01 -5.743851065635681152e-01
5.102391242980957031e-01 -5.744693875312805176e-01
5.102869868278503418e-01 -5.745536088943481445e-01
5.103347897529602051e-01 -5.746377706527709961e-01
5.103825926780700684e-01 -5.747218728065490723e-01
5.104302763938903809e-01 -5.748059153556823730e-01
5.104779005050659180e-01 -5.748898983001708984e-01
5.105255246162414551e-01 -5.749738812446594238e-01
5.105730891227722168e-01 -5.750577449798583984e-01
5.106205940246582031e-01 -5.751415491104125977e-01
5.106680393218994141e-01 -5.752252936363220215e-01
5.107154250144958496e-01 -5.753089785575866699e-01
5.107627511024475098e-01 -5.753926038742065430e-01
5.108100771903991699e-01 -5.754761099815368652e-01
5.108573436737060547e-01 -5.755596160888671875e-01
5.109045505523681641e-01 -5.756430625915527344e-01
5.109516978263854980e-01 -5.757263898849487305e-01
5.109987854957580566e-01 -5.758096575736999512e-01
5.110458731651306152e-01 -5.758928656578063965e-01
5.110928416252136230e-01 -5.759760141372680664e-01
5.111398100852966309e-01 -5.760591030120849609e-01
5.111867189407348633e-01 -5.761420726776123047e-01
5.112336277961730957e-01 -5.762249827384948730e-01
5.112804174423217773e-01 -5.763078331947326660e-01
5.113272070884704590e-01 -5.763906240463256836e-01
5.113739371299743652e-01 -5.764732956886291504e-01
5.114206075668334961e-01 -5.765559673309326172e-01
5.114672780036926270e-01 -5.766384601593017578e-01
5.115138292312622070e-01 -5.767209529876708984e-01
5.115603804588317871e-01 -5.768033266067504883e-01
5.116069316864013672e-01 -5.768856406211853027e-01
5.116533637046813965e-01 -5.769678950309753418e-01
5.116997957229614258e-01 -5.770500302314758301e-01
5.117461681365966797e-01 -5.771321058273315430e-01
5.117924809455871582e-01 -5.772140622138977051e-01
5.118387937545776367e-01 -5.772959589958190918e-01
5.118849873542785645e-01 -5.773777365684509277e-01
5.119311809539794922e-01 -5.774594545364379883e-01
5.119773745536804199e-01 -5.775411128997802734e-01
5.120234489440917969e-01 -5.776226520538330078e-01
5.120695233345031738e-01 -5.777041316032409668e-01
5.121155977249145508e-01 -5.777854919433593750e-01
5.121615529060363770e-01 -5.778667926788330078e-01
5.122075080871582031e-01 -5.779479742050170898e-01
5.122534036636352539e-01 -5.780290961265563965e-01
5.122992992401123047e-01 -5.781100988388061523e-01
5.123450756072998047e-01 -5.781909823417663574e-01
5.123908519744873047e-01 -5.782718062400817871e-01
5.124366283416748047e-01 -5.783525109291076660e-01
5.124823451042175293e-01 -5.784331560134887695e-01
5.125280022621154785e-01 -5.785136818885803223e-01
5.125735998153686523e-01 -5.785941481590270996e-01
5.126191973686218262e-01 -5.786744356155395508e-01
5.126647353172302246e-01 -5.787547230720520020e-01
5.127102136611938477e-01 -5.788348317146301270e-01
5.127556920051574707e-01 -5.789148807525634766e-01
5.128011107444763184e-01 -5.789948105812072754e-01
5.128465294837951660e-01 -5.790746212005615234e-01
5.128918886184692383e-01 -5.791543722152709961e-01
5.129371881484985352e-01 -5.792340040206909180e-01
5.129824876785278320e-01 -5.793135166168212891e-01
5.130277276039123535e-01 -5.793929100036621094e-01
5.130729079246520996e-01 -5.794721841812133789e-01
5.131180882453918457e-01 -5.795513987541198730e-01
5.131632089614868164e-01 -5.796304941177368164e-01
5.132083296775817871e-01 -5.797094702720642090e-01
5.132533907890319824e-01 -5.797883272171020508e-01
5.132983922958374023e-01 -5.798671245574951172e-01
5.133433938026428223e-01 -5.799457430839538574e-01
5.133883953094482422e-01 -5.800243020057678223e-01
5.134332776069641113e-01 -5.801026821136474609e-01
5.134781599044799805e-01 -5.801810026168823242e-01
5.135230422019958496e-01 -5.802592039108276367e-01
5.135678648948669434e-01 -5.803372859954833984e-01
5.136126279830932617e-01 -5.804152488708496094e-01
5.136573910713195801e-01 -5.804930925369262695e-01
5.137020945549011230e-01 -5.805708169937133789e-01
5.137467980384826660e-01 -5.806484222412109375e-01
5.137914419174194336e-01 -5.807259082794189453e-01
5.138360857963562012e-01 -5.808032751083374023e-01
5.138806700706481934e-01 -5.808804631233215332e-01
5.139252543449401855e-01 -5.809575915336608887e-01
5.139697790145874023e-01 -5.810346007347106934e-01
5.140142440795898438e-01 -5.811114907264709473e-01
5.140587091445922852e-01 -5.811882019042968750e-01
5.141031742095947266e-01 -5.812648534774780273e-01
5.141475796699523926e-01 -5.813413262367248535e-01
5.141919851303100586e-01 -5.814176797866821289e-01
5.142363309860229492e-01 -5.814939141273498535e-01
5.142806172370910645e-01 -5.815700292587280273e-01
5.143249034881591797e-01 -5.816459655761718750e-01
5.143691897392272949e-01 -5.817218422889709473e-01
5.144134163856506348e-01 -5.817975401878356934e-01
5.144575834274291992e-01 -5.818731188774108887e-01
5.145017504692077637e-01 -5.819485783576965332e-01
5.145459175109863281e-01 -5.820238590240478516e-01
5.145900249481201172e-01 -5.820990800857543945e-01
5.146341323852539062e-01 -5.821741223335266113e-01
5.146781802177429199e-01 -5.822489857673645020e-01
5.147222280502319336e-01 -5.823237895965576172e-01
5.147662162780761719e-01 -5.823984146118164062e-01
5.148102045059204102e-01 -5.824728608131408691e-01
5.148541331291198730e-01 -5.825472474098205566e-01
5.148980617523193359e-01 -5.826213955879211426e-01
5.149419903755187988e-01 -5.826954841613769531e-01
5.149858593940734863e-01 -5.827693939208984375e-01
5.150297284126281738e-01 -5.828431844711303711e-01
5.150735378265380859e-01 -5.829167962074279785e-01
5.151173472404479980e-01 -5.829902887344360352e-01
5.151610970497131348e-01 -5.830636620521545410e-01
5.152049064636230469e-01 -5.831368565559387207e-01
5.152485966682434082e-01 -5.832098722457885742e-01
5.152922868728637695e-01 -5.832827687263488770e-01
5.153359770774841309e-01 -5.833555459976196289e-01
5.153796672821044922e-01 -5.834281444549560547e-01
5.154232978820800781e-01 -5.835005640983581543e-01
5.154669284820556641e-01 -5.835728645324707031e-01
5.155104994773864746e-01 -5.836449861526489258e-01
5.155540704727172852e-01 -5.837169885635375977e-01
5.155976414680480957e-01 -5.837888121604919434e-01
5.156411528587341309e-01 -5.838605165481567383e-01
5.156846642494201660e-01 -5.839319825172424316e-01
5.157281160354614258e-01 -5.840033888816833496e-01
5.157716274261474609e-01 -5.840745568275451660e-01
5.158150196075439453e-01 -5.841456055641174316e-01
5.158584713935852051e-01 -5.842165350914001465e-01
5.159018635749816895e-01 -5.842872262001037598e-01
5.159452557563781738e-01 -5.843577980995178223e-01
5.159885883331298828e-01 -5.844281911849975586e-01
5.160319805145263672e-01 -5.844984650611877441e-01
5.160752534866333008e-01 -5.845685005187988281e-01
5.161185860633850098e-01 -5.846384167671203613e-01
5.161618590354919434e-01 -5.847081542015075684e-01
5.162051320075988770e-01 -5.847777724266052246e-01
5.162484049797058105e-01 -5.848471522331237793e-01
5.162916183471679688e-01 -5.849164128303527832e-01
5.163348317146301270e-01 -5.849854946136474609e-01
5.163780450820922852e-01 -5.850543975830078125e-01
5.164211988449096680e-01 -5.851231217384338379e-01
5.164643526077270508e-01 -5.851917266845703125e-01
5.165075063705444336e-01 -5.852600932121276855e-01
5.165506601333618164e-01 -5.853283405303955078e-01
5.165937542915344238e-01 -5.853963494300842285e-01
5.166368484497070312e-01 -5.854642391204833984e-01
5.166799426078796387e-01 -5.855319499969482422e-01
5.167230367660522461e-01 -5.855994224548339844e-01
5.167660713195800781e-01 -5.856667757034301758e-01
5.168091058731079102e-01 -5.857339501380920410e-01
5.168521404266357422e-01 -5.858009457588195801e-01
5.168951749801635742e-01 -5.858677625656127930e-01
5.169381499290466309e-01 -5.859343409538269043e-01
5.169811248779296875e-01 -5.860008001327514648e-01
5.170240998268127441e-01 -5.860670804977416992e-01
5.170670747756958008e-01 -5.861331224441528320e-01
5.171099901199340820e-01 -5.861990451812744141e-01
5.171529650688171387e-01 -5.862647294998168945e-01
5.171958804130554199e-01 -5.863302350044250488e-01
5.172387957572937012e-01 -5.863956212997436523e-01
5.172816514968872070e-01 -5.864607691764831543e-01
5.173245668411254883e-01 -5.865257382392883301e-01
5.173674225807189941e-01 -5.865904688835144043e-01
5.174102783203125000e-01 -5.866550803184509277e-01
5.174531340599060059e-01 -5.867194533348083496e-01
5.174959897994995117e-01 -5.867836475372314453e-01
5.175387859344482422e-01 -5.868476629257202148e-01
5.175816416740417480e-01 -5.869114995002746582e-01
5.176244378089904785e-01 -5.869750976562500000e-01
5.176672339439392090e-01 -5.870385169982910156e-01
5.177100300788879395e-01 -5.871017575263977051e-01
5.177528262138366699e-01 -5.871648192405700684e-01
5.177955627441406250e-01 -5.872276425361633301e-01
5.178383588790893555e-01 -5.872902870178222656e-01
5.178810954093933105e-01 -5.873526930809020996e-01
5.179238319396972656e-01 -5.874149203300476074e-01
5.179665684700012207e-01 -5.874769687652587891e-01
5.180093050003051758e-01 -5.875388383865356445e-01
5.180520415306091309e-01 -5.876004695892333984e-01
5.180947780609130859e-01 -5.876618623733520508e-01
5.181375145912170410e-01 -5.877231359481811523e-01
5.181801915168762207e-01 -5.877841114997863770e-01
5.182228684425354004e-01 -5.878449678421020508e-01
5.182656049728393555e-01 -5.879055857658386230e-01
5.183082818984985352e-01 -5.879659652709960938e-01
5.183509588241577148e-01 -5.880261659622192383e-01
5.183936357498168945e-01 -5.880861282348632812e-01
5.184363126754760742e-01 -5.881459116935729980e-01
5.184789896011352539e-01 -5.882055163383483887e-01
5.185216665267944336e-01 -5.882648229598999023e-01
5.185642838478088379e-01 -5.883240103721618652e-01
5.186069607734680176e-01 -5.883828997611999512e-01
5.186496376991271973e-01 -5.884416103363037109e-01
5.186922550201416016e-01 -5.885001420974731445e-01
5.187349319458007812e-01 -5.885583758354187012e-01
5.187775492668151855e-01 -5.886164903640747070e-01
5.188202261924743652e-01 -5.886743068695068359e-01
5.188628435134887695e-01 -5.887319445610046387e-01
5.189054608345031738e-01 -5.887893438339233398e-01
5.189480781555175781e-01 -5.888465642929077148e-01
5.189907550811767578e-01 -5.889035463333129883e-01
5.190333724021911621e-01 -5.889602899551391602e-01
5.190759897232055664e-01 -5.890167951583862305e-01
5.191186070442199707e-01 -5.890731215476989746e-01
5.191612839698791504e-01 -5.891291499137878418e-01
5.192039012908935547e-01 -5.891850590705871582e-01
5.192465186119079590e-01 -5.892406702041625977e-01
5.192891359329223633e-01 -5.892960429191589355e-01
5.193318128585815430e-01 -5.893512368202209473e-01
5.193744301795959473e-01 -5.894061923027038574e-01
5.194170475006103516e-01 -5.894609093666076660e-01
5.194596648216247559e-01 -5.895153880119323730e-01
5.195023417472839355e-01 -5.895696282386779785e-01
5.195449590682983398e-01 -5.896236896514892578e-01
5.195875763893127441e-01 -5.896774530410766602e-01
5.196302533149719238e-01 -5.897310376167297363e-01
5.196728706359863281e-01 -5.897843241691589355e-01
5.197155475616455078e-01 -5.898374319076538086e-01
5.197581648826599121e-01 -5.898903012275695801e-01
5.198008418083190918e-01 -5.899428725242614746e-01
5.198434591293334961e-01 -5.899952650070190430e-01
5.198861360549926758e-01 -5.900474190711975098e-01
5.199288129806518555e-01 -5.900993347167968750e-01
5.199714899063110352e-01 -5.901509523391723633e-01
5.200141668319702148e-01 -5.902023911476135254e-01
5.200568437576293945e-01 -5.902535915374755859e-01
5.200995206832885742e-01 -5.903044939041137695e-01
5.201421976089477539e-01 -5.903552174568176270e-01
5.201848745346069336e-01 -5.904056429862976074e-01
5.202276110649108887e-01 -5.904558300971984863e-01
5.202702879905700684e-01 -5.905057787895202637e-01
5.203130245208740234e-01 -5.905554890632629395e-01
5.203557610511779785e-01 -5.906049609184265137e-01
5.203984975814819336e-01 -5.906541943550109863e-01
5.204411745071411133e-01 -5.907031297683715820e-01
5.204839706420898438e-01 -5.907518267631530762e-01
5.205267071723937988e-01 -5.908003449440002441e-01
5.205694437026977539e-01 -5.908485054969787598e-01
5.206122398376464844e-01 -5.908964872360229492e-01
5.206549763679504395e-01 -5.909441709518432617e-01
5.206977725028991699e-01 -5.909916162490844727e-01
5.207405686378479004e-01 -5.910388231277465820e-01
5.207833647727966309e-01 -5.910857915878295898e-01
5.208261609077453613e-01 -5.911324620246887207e-01
5.208690166473388672e-01 -5.911788940429687500e-01
5.209118127822875977e-01 -5.912250280380249023e-01
5.209546685218811035e-01 -5.912709236145019531e-01
5.209975242614746094e-01 -5.913165807723999023e-01
5.210403800010681152e-01 -5.913619995117187500e-01
5.210832357406616211e-01 -5.914071202278137207e-01
5.211261510848999023e-01 -5.914519429206848145e-01
5.211690664291381836e-01 -5.914965867996215820e-01
5.212119817733764648e-01 -5.915408730506896973e-01
5.212548971176147461e-01 -5.915849804878234863e-01
5.212978124618530273e-01 -5.916287899017333984e-01
5.213407278060913086e-01 -5.916723012924194336e-01
5.213837027549743652e-01 -5.917155742645263672e-01
5.214266777038574219e-01 -5.917585492134094238e-01
5.214696526527404785e-01 -5.918012857437133789e-01
5.215126872062683105e-01 -5.918437242507934570e-01
5.215556621551513672e-01 -5.918859243392944336e-01
5.215986967086791992e-01 -5.919278264045715332e-01
5.216417312622070312e-01 -5.919694900512695312e-01
5.216848254203796387e-01 -5.920108556747436523e-01
5.217278599739074707e-01 -5.920519232749938965e-01
5.217709541320800781e-01 -5.920927524566650391e-01
5.218140482902526855e-01 -5.921333432197570801e-01
5.218572020530700684e-01 -5.921735763549804688e-01
5.219002962112426758e-01 -5.922135710716247559e-01
5.219434499740600586e-01 -5.922532677650451660e-01
5.219866633415222168e-01 -5.922927260398864746e-01
5.220298171043395996e-01 -5.923318266868591309e-01
5.220730304718017578e-01 -5.923707485198974609e-01
5.221162438392639160e-01 -5.924093127250671387e-01
5.221594572067260742e-01 -5.924476385116577148e-01
5.222027301788330078e-01 -5.924856066703796387e-01
5.222460031509399414e-01 -5.925233364105224609e-01
5.222892761230468750e-01 -5.925608277320861816e-01
5.223326086997985840e-01 -5.925979614257812500e-01
5.223759412765502930e-01 -5.926348567008972168e-01
5.224192738533020020e-01 -5.926714539527893066e-01
5.224626064300537109e-01 -5.927077531814575195e-01
5.225059986114501953e-01 -5.927437543869018555e-01
5.225493907928466797e-01 -5.927794575691223145e-01
5.225928425788879395e-01 -5.928149223327636719e-01
5.226362943649291992e-01 -5.928500294685363770e-01
5.226797461509704590e-01 -5.928848981857299805e-01
5.227232575416564941e-01 -5.929194092750549316e-01
5.227667689323425293e-01 -5.929536819458007812e-01
5.228102803230285645e-01 -5.929876565933227539e-01
5.228538513183593750e-01 -5.930212736129760742e-01
5.228974223136901855e-01 -5.930546522140502930e-01
5.229409933090209961e-01 -5.930877327919006348e-01
5.229846239089965820e-01 -5.931205153465270996e-01
5.230282545089721680e-01 -5.931529998779296875e-01
5.230718851089477539e-01 -5.931851267814636230e-01
5.231155753135681152e-01 -5.932170152664184570e-01
5.231593251228332520e-01 -5.932486057281494141e-01
5.232030153274536133e-01 -5.932798385620117188e-01
5.232468247413635254e-01 -5.933107733726501465e-01
5.232905745506286621e-01 -5.933414697647094727e-01
5.233343839645385742e-01 -5.933718085289001465e-01
5.233781933784484863e-01 -5.934018492698669434e-01
5.234220623970031738e-01 -5.934315919876098633e-01
5.234659314155578613e-01 -5.934609770774841309e-01
5.235098600387573242e-01 -5.934901237487792969e-01
5.235537886619567871e-01 -5.935189127922058105e-01
5.235977768898010254e-01 -5.935474038124084473e-01
5.236417055130004883e-01 -5.935755968093872070e-01
5.236857533454895020e-01 -5.936034917831420898e-01
5.237298011779785156e-01 -5.936310291290283203e-01
5.237738490104675293e-01 -5.936582684516906738e-01
5.238179564476013184e-01 -5.936852097511291504e-01
5.238620638847351074e-01 -5.937118530273437500e-01
5.239062309265136719e-01 -5.937381386756896973e-01
5.239503979682922363e-01 -5.937641263008117676e-01
5.239945650100708008e-01 -5.937898159027099609e-01
5.240387916564941406e-01 -5.938151478767395020e-01
5.240830779075622559e-01 -5.938401818275451660e-01
5.241273641586303711e-01 -5.938648581504821777e-01
5.241717100143432617e-01 -5.938892364501953125e-01
5.242160558700561523e-01 -5.939133167266845703e-01
5.242604017257690430e-01 -5.939370393753051758e-01
5.243048071861267090e-01 -5.939604640007019043e-01
5.243492722511291504e-01 -5.939835906028747559e-01
5.243937373161315918e-01 -5.940063595771789551e-01
5.244382619857788086e-01 -5.940287709236145020e-01
5.244827866554260254e-01 -5.940508842468261719e-01
5.245273113250732422e-01 -5.940726399421691895e-01
5.245719552040100098e-01 -5.940940976142883301e-01
5.246165394783020020e-01 -5.941152572631835938e-01
5.246612429618835449e-01 -5.941360592842102051e-01
5.247058868408203125e-01 -5.941565036773681641e-01
5.247506499290466309e-01 -5.941766500473022461e-01
5.247954130172729492e-01 -5.941964387893676758e-01
5.248401761054992676e-01 -5.942158699035644531e-01
5.248849987983703613e-01 -5.942350029945373535e-01
5.249298810958862305e-01 -5.942537784576416016e-01
5.249747633934020996e-01 -5.942722558975219727e-01
5.250197052955627441e-01 -5.942903757095336914e-01
5.250646471977233887e-01 -5.943081378936767578e-01
5.251096487045288086e-01 -5.943256020545959473e-01
5.251547098159790039e-01 -5.943427085876464844e-01
5.251997709274291992e-01 -5.943594574928283691e-01
5.252448320388793945e-01 -5.943759083747863770e-01
5.252900123596191406e-01 -5.943919420242309570e-01
5.253351926803588867e-01 -5.944076776504516602e-01
5.253803730010986328e-01 -5.944230556488037109e-01
5.254256129264831543e-01 -5.944381356239318848e-01
5.254709124565124512e-01 -5.944527983665466309e-01
5.255162119865417480e-01 -5.944671630859375000e-01
5.255615711212158203e-01 -5.944811701774597168e-01
5.256069898605346680e-01 -5.944948196411132812e-01
5.256524085998535156e-01 -5.945081114768981934e-01
5.256978869438171387e-01 -5.945211052894592285e-01
5.257434248924255371e-01 -5.945336818695068359e-01
5.257889628410339355e-01 -5.945459604263305664e-01
5.258345603942871094e-01 -5.945578813552856445e-01
5.258801579475402832e-01 -5.945693850517272949e-01
5.259258151054382324e-01 -5.945805907249450684e-01
5.259715318679809570e-01 -5.945914387702941895e-01
5.260173082351684570e-01 -5.946019291877746582e-01
5.260630846023559570e-01 -5.946120619773864746e-01
5.261088609695434570e-01 -5.946218967437744141e-01
5.261547565460205078e-01 -5.946313142776489258e-01
5.262006521224975586e-01 -5.946403741836547852e-01
5.262466073036193848e-01 -5.946491360664367676e-01
5.262925624847412109e-01 -5.946575403213500977e-01
5.263385772705078125e-01 -5.946655869483947754e-01
5.263845920562744141e-01 -5.946732759475708008e-01
5.264307260513305664e-01 -5.946806669235229492e-01
5.264768004417419434e-01 -5.946876406669616699e-01
5.265229940414428711e-01 -5.946943163871765137e-01
5.265691876411437988e-01 -5.947006344795227051e-01
5.266154408454895020e-01 -5.947065949440002441e-01
5.266616940498352051e-01 -5.947121977806091309e-01
5.267080068588256836e-01 -5.947175025939941406e-01
5.267543792724609375e-01 -5.947224497795104980e-01
5.268007516860961914e-01 -5.947270393371582031e-01
5.268471837043762207e-01 -5.947313308715820312e-01
5.268936157226562500e-01 -5.947352051734924316e-01
5.269401073455810547e-01 -5.947388410568237305e-01
5.269866585731506348e-01 -5.947420597076416016e-01
5.270332098007202148e-01 -5.947449207305908203e-01
5.270798206329345703e-01 -5.947474837303161621e-01
5.271264314651489258e-01 -5.947497487068176270e-01
5.271731019020080566e-01 -5.947515964508056641e-01
5.272198319435119629e-01 -5.947531461715698242e-01
5.272665619850158691e-01 -5.947543978691101074e-01
5.273133516311645508e-01 -5.947552323341369629e-01
5.273601412773132324e-01 -5.947557687759399414e-01
5.274069905281066895e-01 -5.947560071945190430e-01
5.274538993835449219e-01 -5.947558879852294922e-01
5.275008082389831543e-01 -5.947554111480712891e-01
5.275477170944213867e-01 -5.947546362876892090e-01
5.275947451591491699e-01 -5.947535037994384766e-01
5.276417732238769531e-01 -5.947520136833190918e-01
5.276888012886047363e-01 -5.947502255439758301e-01
5.277358889579772949e-01 -5.947481393814086914e-01
5.277830362319946289e-01 -5.947456359863281250e-01
5.278301835060119629e-01 -5.947428941726684570e-01
5.278773307800292969e-01 -5.947397947311401367e-01
5.279245972633361816e-01 -5.947363376617431641e-01
5.279718637466430664e-01 -5.947325825691223145e-01
5.280191302299499512e-01 -5.947284698486328125e-01
5.280664563179016113e-01 -5.947240591049194336e-01
5.281137824058532715e-01 -5.947192907333374023e-01
5.281611680984497070e-01 -5.947142243385314941e-01
5.282086133956909180e-01 -5.947088003158569336e-01
5.282560586929321289e-01 -5.947030782699584961e-01
5.283035635948181152e-01 -5.946970582008361816e-01
5.283510684967041016e-01 -5.946906805038452148e-01
5.283986330032348633e-01 -5.946840047836303711e-01
5.284461975097656250e-01 -5.946769714355468750e-01
5.284938216209411621e-01 -5.946696400642395020e-01
5.285414457321166992e-01 -5.946620106697082520e-01
5.285891294479370117e-01 -5.946540236473083496e-01
5.286368131637573242e-01 -5.946456789970397949e-01
5.286845564842224121e-01 -5.946370959281921387e-01
5.287323594093322754e-01 -5.946281552314758301e-01
5.287801623344421387e-01 -5.946189165115356445e-01
5.288279652595520020e-01 -5.946093201637268066e-01
5.288758277893066406e-01 -5.945994257926940918e-01
5.289237499237060547e-01 -5.945892333984375000e-01
5.289716720581054688e-01 -5.945786833763122559e-01
5.290196537971496582e-01 -5.945678353309631348e-01
5.290676355361938477e-01 -5.945566892623901367e-01
5.291156172752380371e-01 -5.945452451705932617e-01
5.291636586189270020e-01 -5.945334434509277344e-01
5.292117595672607422e-01 -5.945213437080383301e-01
5.292598605155944824e-01 -5.945089459419250488e-01
5.293080210685729980e-01 -5.944961905479431152e-01
5.293561816215515137e-01 -5.944831967353820801e-01
5.294043421745300293e-01 -5.944698452949523926e-01
5.294525623321533203e-01 -5.944561958312988281e-01
5.295008420944213867e-01 -5.944422483444213867e-01
5.295491218566894531e-01 -5.944279432296752930e-01
5.295974016189575195e-01 -5.944133400917053223e-01
5.296458005905151367e-01 -5.943984985351562500e-01
5.296941399574279785e-01 -5.943832993507385254e-01
5.297425389289855957e-01 -5.943677425384521484e-01
5.297909379005432129e-01 -5.943519473075866699e-01
5.298393964767456055e-01 -5.943358540534973145e-01
5.298879146575927734e-01 -5.943194031715393066e-01
5.299364328384399414e-01 -5.943026542663574219e-01
5.299849510192871094e-01 -5.942856669425964355e-01
5.300335288047790527e-01 -5.942683219909667969e-01
5.300821065902709961e-01 -5.942506790161132812e-01
5.301307439804077148e-01 -5.942327380180358887e-01
5.301793813705444336e-01 -5.942144989967346191e-01
5.302280783653259277e-01 -5.941959619522094727e-01
5.302767753601074219e-01 -5.941770672798156738e-01
5.303254723548889160e-01 -5.941579341888427734e-01
5.303742289543151855e-01 -5.941385030746459961e-01
5.304230451583862305e-01 -5.941187143325805664e-01
5.304718613624572754e-01 -5.940986871719360352e-01
5.305206775665283203e-01 -5.940783619880676270e-01
5.305695533752441406e-01 -5.940577387809753418e-01
5.306184291839599609e-01 -5.940367579460144043e-01
5.306673645973205566e-01 -5.940155386924743652e-01
5.307163000106811523e-01 -5.939940214157104492e-01
5.307652354240417480e-01 -5.939722061157226562e-01
5.308142304420471191e-01 -5.939500331878662109e-01
5.308632254600524902e-01 -5.939276218414306641e-01
5.309122800827026367e-01 -5.939049124717712402e-01
5.309613347053527832e-01 -5.938819050788879395e-01
5.310104489326477051e-01 -5.938586592674255371e-01
5.310595631599426270e-01 -5.938350558280944824e-01
5.311087369918823242e-01 -5.938111543655395508e-01
5.311579108238220215e-01 -5.937870144844055176e-01
5.312070846557617188e-01 -5.937625765800476074e-01
5.312563180923461914e-01 -5.937377810478210449e-01
5.313055515289306641e-01 -5.937127470970153809e-01
5.313547849655151367e-01 -5.936874151229858398e-01
5.314040780067443848e-01 -5.936618447303771973e-01
5.314534306526184082e-01 -5.936359167098999023e-01
5.315027236938476562e-01 -5.936097502708435059e-01
5.315521359443664551e-01 -5.935832858085632324e-01
5.316014885902404785e-01 -5.935565233230590820e-01
5.316509008407592773e-01 -5.935294628143310547e-01
5.317003130912780762e-01 -5.935021042823791504e-01
5.317497849464416504e-01 -5.934745073318481445e-01
5.317992568016052246e-01 -5.934466123580932617e-01
5.318487882614135742e-01 -5.934184193611145020e-01
5.318982601165771484e-01 -5.933899879455566406e-01
5.319478511810302734e-01 -5.933611989021301270e-01
5.319973826408386230e-01 -5.933321714401245117e-01
5.320469737052917480e-01 -5.933029055595397949e-01
5.320966243743896484e-01 -5.932732820510864258e-01
5.321462154388427734e-01 -5.932434201240539551e-01
5.321959257125854492e-01 -5.932132601737976074e-01
5.322455763816833496e-01 -5.931828618049621582e-01
5.322952866554260254e-01 -5.931521654129028320e-01
5.323449969291687012e-01 -5.931211709976196289e-01
5.323947668075561523e-01 -5.930899381637573242e-01
5.324445366859436035e-01 -5.930584073066711426e-01
5.324943065643310547e-01 -5.930265784263610840e-01
5.325441360473632812e-01 -5.929945111274719238e-01
5.325939655303955078e-01 -5.929621458053588867e-01
5.326437950134277344e-01 -5.929295420646667480e-01
5.326936841011047363e-01 -5.928965806961059570e-01
5.327435731887817383e-01 -5.928634405136108398e-01
5.327934622764587402e-01 -5.928300023078918457e-01
5.328434109687805176e-01 -5.927962660789489746e-01
5.328933596611022949e-01 -5.927622914314270020e-01
5.329433083534240723e-01 -5.927280187606811523e-01
5.329933166503906250e-01 -5.926934480667114258e-01
5.330433249473571777e-01 -5.926586389541625977e-01
5.330933332443237305e-01 -5.926235914230346680e-01
5.331434011459350586e-01 -5.925882458686828613e-01
5.331934690475463867e-01 -5.925526618957519531e-01
5.332435965538024902e-01 -5.925167798995971680e-01
5.332936644554138184e-01 -5.924806594848632812e-01
5.333437919616699219e-01 -5.924442410469055176e-01
5.333939790725708008e-01 -5.924075245857238770e-01
5.334441065788269043e-01 -5.923706293106079102e-01
5.334942936897277832e-01 -5.923334360122680664e-01
5.335445404052734375e-01 -5.922959446907043457e-01
5.335947275161743164e-01 -5.922582149505615234e-01
5.336449742317199707e-01 -5.922202467918395996e-01
5.336952209472656250e-01 -5.921819806098937988e-01
5.337455272674560547e-01 -5.921434760093688965e-01
5.337958335876464844e-01 -5.921046733856201172e-01
5.338461399078369141e-01 -5.920656323432922363e-01
5.338964462280273438e-01 -5.920263528823852539e-01
5.339468121528625488e-01 -5.919867753982543945e-01
5.339971780776977539e-01 -5.919469594955444336e-01
5.340475440025329590e-01 -5.919069051742553711e-01
5.340979099273681641e-01 -5.918665528297424316e-01
5.341483354568481445e-01 -5.918259620666503906e-01
5.341987609863281250e-01 -5.917851328849792480e-01
5.342492461204528809e-01 -5.917440652847290039e-01
5.342996716499328613e-01 -5.917026996612548828e-01
5.343501567840576172e-01 -5.916610956192016602e-01
5.344007015228271484e-01 -5.916191935539245605e-01
5.344511866569519043e-01 -5.915771126747131348e-01
5.345017313957214355e-01 -5.915347337722778320e-01
5.345522761344909668e-01 -5.914921164512634277e-01
5.346028208732604980e-01 -5.914492011070251465e-01
5.346534252166748047e-01 -5.914061069488525391e-01
5.347040295600891113e-01 -5.913627147674560547e-01
5.347546339035034180e-01 -5.913190841674804688e-01
5.348052382469177246e-01 -5.912752151489257812e-01
5.348559021949768066e-01 -5.912311077117919922e-01
5.349065065383911133e-01 -5.911867022514343262e-01
5.349572300910949707e-01 -5.911420583724975586e-01
5.350078940391540527e-01 -5.910972356796264648e-01
5.350585579872131348e-01 -5.910521149635314941e-01
5.351092815399169922e-01 -5.910067558288574219e-01
5.351600050926208496e-01 -5.909610986709594727e-01
5.352107882499694824e-01 -5.909152626991271973e-01
5.352615118026733398e-01 -5.908691883087158203e-01
5.353122949600219727e-01 -5.908228158950805664e-01
5.353630781173706055e-01 -5.907762050628662109e-01
5.354138612747192383e-01 -5.907294154167175293e-01
5.354647040367126465e-01 -5.906823277473449707e-01
5.355154871940612793e-01 -5.906350016593933105e-01
5.355663299560546875e-01 -5.905874371528625488e-01
5.356171727180480957e-01 -5.905396342277526855e-01
5.356680750846862793e-01 -5.904916524887084961e-01
5.357189178466796875e-01 -5.904433727264404297e-01
5.357698202133178711e-01 -5.903948545455932617e-01
5.358207225799560547e-01 -5.903460979461669922e-01
5.358716249465942383e-01 -5.902971029281616211e-01
5.359225869178771973e-01 -5.902478694915771484e-01
5.359734892845153809e-01 -5.901983976364135742e-01
5.360244512557983398e-01 -5.901486873626708984e-01
5.360754132270812988e-01 -5.900987386703491211e-01
5.361263751983642578e-01 -5.900485515594482422e-01
5.361773967742919922e-01 -5.899981856346130371e-01
5.362283587455749512e-01 -5.899475216865539551e-01
5.362793803215026855e-01 -5.898966789245605469e-01
5.363304018974304199e-01 -5.898455381393432617e-01
5.363814234733581543e-01 -5.897942185401916504e-01
5.364325046539306641e-01 -5.897426009178161621e-01
5.364835262298583984e-01 -5.896908044815063477e-01
5.365346074104309082e-01 -5.896387696266174316e-01
5.365856885910034180e-01 -5.895865559577941895e-01
5.366367697715759277e-01 -5.895340442657470703e-01
5.366878509521484375e-01 -5.894812941551208496e-01
5.367389917373657227e-01 -5.894283652305603027e-01
5.367901325225830078e-01 -5.893751978874206543e-01
5.368412137031555176e-01 -5.893217921257019043e-01
5.368923544883728027e-01 -5.892681479454040527e-01
5.369434952735900879e-01 -5.892142653465270996e-01
5.369946956634521484e-01 -5.891602039337158203e-01
5.370458364486694336e-01 -5.891059041023254395e-01
5.370970368385314941e-01 -5.890513658523559570e-01
5.371481776237487793e-01 -5.889965891838073730e-01
5.371993780136108398e-01 -5.889416337013244629e-01
5.372505784034729004e-01 -5.888864398002624512e-01
5.373018383979797363e-01 -5.888310074806213379e-01
5.373530387878417969e-01 -5.887753367424011230e-01
5.374042987823486328e-01 -5.887194871902465820e-01
5.374554991722106934e-01 -5.886633992195129395e-01
5.375067591667175293e-01 -5.886070728302001953e-01
5.375580191612243652e-01 -5.885505676269531250e-01
5.376092791557312012e-01 -5.884938240051269531e-01
5.376605391502380371e-01 -5.884368419647216797e-01
5.377118587493896484e-01 -5.883796811103820801e-01
5.377631187438964844e-01 -5.883222818374633789e-01
5.378144383430480957e-01 -5.882646441459655762e-01
5.378656983375549316e-01 -5.882068276405334473e-01
5.379170179367065430e-01 -5.881487727165222168e-01
5.379683375358581543e-01 -5.880905389785766602e-01
5.380196571350097656e-01 -5.880320668220520020e-01
5.380709767341613770e-01 -5.879733562469482422e-01
5.381223559379577637e-01 -5.879144668579101562e-01
5.381736755371093750e-01 -5.878553390502929688e-01
5.382250547409057617e-01 -5.877959728240966797e-01
5.382763743400573730e-01 -5.877364873886108398e-01
5.383277535438537598e-01 -5.876767039299011230e-01
5.383791327476501465e-01 -5.876167416572570801e-01
5.384305119514465332e-01 -5.875566005706787109e-01
5.384818911552429199e-01 -5.874962210655212402e-01
5.385332703590393066e-01 -5.874356031417846680e-01
5.385846495628356934e-01 -5.873748064041137695e-01
5.386360883712768555e-01 -5.873138308525085449e-01
5.386874675750732422e-01 -5.872526168823242188e-01
5.387388467788696289e-01 -5.871911644935607910e-01
5.387902855873107910e-01 -5.871295928955078125e-01
5.388417243957519531e-01 -5.870677232742309570e-01
5.388931632041931152e-01 -5.870057344436645508e-01
5.389445424079895020e-01 -5.869434475898742676e-01
5.389959812164306641e-01 -5.868810415267944336e-01
5.390474200248718262e-01 -5.868183970451354980e-01
5.390988588333129883e-01 -5.867555141448974609e-01
5.391503572463989258e-01 -5.866925120353698730e-01
5.392017960548400879e-01 -5.866292715072631836e-01
5.392532348632812500e-01 -5.865657925605773926e-01
5.393046736717224121e-01 -5.865021347999572754e-01
5.393561720848083496e-01 -5.864382982254028320e-01
5.394076108932495117e-01 -5.863742232322692871e-01
5.394591093063354492e-01 -5.863100290298461914e-01
5.395105481147766113e-01 -5.862455368041992188e-01
5.395620465278625488e-01 -5.861809253692626953e-01
5.396135449409484863e-01 -5.861160755157470703e-01
5.396649837493896484e-01 -5.860510468482971191e-01
5.397164821624755859e-01 -5.859857797622680664e-01
5.397679805755615234e-01 -5.859203934669494629e-01
5.398194789886474609e-01 -5.858547687530517578e-01
5.398709774017333984e-01 -5.857889652252197266e-01
5.399224758148193359e-01 -5.857229232788085938e-01
5.399739742279052734e-01 -5.856567621231079102e-01
5.400254726409912109e-01 -5.855903625488281250e-01
5.400769710540771484e-01 -5.855237841606140137e-01
5.401284694671630859e-01 -5.854569673538208008e-01
5.401799678802490234e-01 -5.853900313377380371e-01
5.402314662933349609e-01 -5.853228569030761719e-01
5.402829647064208984e-01 -5.852555036544799805e-01
5.403344631195068359e-01 -5.851879715919494629e-01
5.403860211372375488e-01 -5.851202607154846191e-01
5.404375195503234863e-01 -5.850523710250854492e-01
5.404890179634094238e-01 -5.849842429161071777e-01
5.405405163764953613e-01 -5.849159359931945801e-01
5.405920147895812988e-01 -5.848475098609924316e-01
5.406435728073120117e-01 -5.847788453102111816e-01
5.406950712203979492e-01 -5.847100019454956055e-01
5.407465696334838867e-01 -5.846409797668457031e-01
5.407980680465698242e-01 -5.845717787742614746e-01
5.408496260643005371e-01 -5.845023393630981445e-01
5.409011244773864746e-01 -5.844327807426452637e-01
5.409526228904724121e-01 -5.843630433082580566e-01
5.410041213035583496e-01 -5.842930674552917480e-01
5.410556793212890625e-01 -5.842229723930358887e-01
5.411071777343750000e-01 -5.841526389122009277e-01
5.411586761474609375e-01 -5.840821862220764160e-01
5.412101745605468750e-01 -5.840114951133728027e-01
5.412616729736328125e-01 -5.839406847953796387e-01
5.413132309913635254e-01 -5.838696360588073730e-01
5.413647294044494629e-01 -5.837984681129455566e-01
5.414162278175354004e-01 -5.837270617485046387e-01
5.414677262306213379e-01 -5.836555361747741699e-01
5.415192246437072754e-01 -5.835838317871093750e-01
5.415707230567932129e-01 -5.835118889808654785e-01
5.416222214698791504e-01 -5.834398269653320312e-01
5.416737198829650879e-01 -5.833675861358642578e-01
5.417252182960510254e-01 -5.832951664924621582e-01
5.417767167091369629e-01 -5.832225680351257324e-01
5.418282151222229004e-01 -5.831497907638549805e-01
5.418796539306640625e-01 -5.830768346786499023e-01
5.419311523437500000e-01 -5.830037593841552734e-01
5.419826507568359375e-01 -5.829304456710815430e-01
5.420340895652770996e-01 -5.828570127487182617e-01
5.420855879783630371e-01 -5.827834010124206543e-01
5.421370267868041992e-01 -5.827096104621887207e-01
5.421885251998901367e-01 -5.826356410980224609e-01
5.422399640083312988e-01 -5.825614929199218750e-01
5.422914624214172363e-01 -5.824871659278869629e-01
5.423429012298583984e-01 -5.824127197265625000e-01
5.423943400382995605e-01 -5.823380947113037109e-01
5.424457788467407227e-01 -5.822632908821105957e-01
5.424972176551818848e-01 -5.821883082389831543e-01
5.425486564636230469e-01 -5.821132063865661621e-01
5.426000952720642090e-01 -5.820379257202148438e-01
5.426515340805053711e-01 -5.819624662399291992e-01
5.427029728889465332e-01 -5.818868279457092285e-01
5.427544116973876953e-01 -5.818110704421997070e-01
5.428057909011840820e-01 -5.817351341247558594e-01
5.428572297096252441e-01 -5.816590189933776855e-01
5.429086089134216309e-01 -5.815827846527099609e-01
5.429600477218627930e-01 -5.815063118934631348e-01
5.430114269256591797e-01 -5.814297199249267578e-01
5.430628061294555664e-01 -5.813530087471008301e-01
5.431141853332519531e-01 -5.812761187553405762e-01
5.431655645370483398e-01 -5.811990499496459961e-01
5.432169437408447266e-01 -5.811218023300170898e-01
5.432683229446411133e-01 -5.810444355010986328e-01
5.433196425437927246e-01 -5.809668898582458496e-01
5.433710217475891113e-01 -5.808892250061035156e-01
5.434223413467407227e-01 -5.808113813400268555e-01
5.434736609458923340e-01 -5.807334184646606445e-01
5.435250401496887207e-01 -5.806552171707153320e-01
5.435763597488403320e-01 -5.805769562721252441e-01
5.436276793479919434e-01 -5.804984569549560547e-01
5.436789989471435547e-01 -5.804198980331420898e-01
5.437302589416503906e-01 -5.803411006927490234e-01
5.437815785408020020e-01 -5.802621841430664062e-01
5.438328385353088379e-01 -5.801831483840942383e-01
5.438841581344604492e-01 -5.801039338111877441e-01
5.439354181289672852e-01 -5.800245404243469238e-01
5.439866781234741211e-01 -5.799450278282165527e-01
5.440379381179809570e-01 -5.798653960227966309e-01
5.440891981124877930e-01 -5.797855854034423828e-01
5.441403985023498535e-01 -5.797056555747985840e-01
5.441916584968566895e-01 -5.796255469322204590e-01
5.442428588867187500e-01 -5.795452594757080078e-01
5.442941188812255859e-01 -5.794649124145507812e-01
5.443453192710876465e-01 -5.793843269348144531e-01
5.443965196609497070e-01 -5.793036818504333496e-01
5.444476604461669922e-01 -5.792228579521179199e-01
5.444988608360290527e-01 -5.791418552398681641e-01
5.445500016212463379e-01 -5.790607333183288574e-01
5.446012020111083984e-01 -5.789794921875000000e-01
5.446523427963256836e-01 -5.788981318473815918e-01
5.447034835815429688e-01 -5.788165926933288574e-01
5.447546243667602539e-01 -5.787348747253417969e-01
5.448057055473327637e-01 -5.786530971527099609e-01
5.448568463325500488e-01 -5.785711407661437988e-01
5.449079275131225586e-01 -5.784890055656433105e-01
5.449590086936950684e-01 -5.784068107604980469e-01
5.450100898742675781e-01 -5.783244371414184570e-01
5.450611710548400879e-01 -5.782418847084045410e-01
5.451121926307678223e-01 -5.781592726707458496e-01
5.451632738113403320e-01 -5.780764818191528320e-01
5.452142953872680664e-01 -5.779935717582702637e-01
5.452653169631958008e-01 -5.779104828834533691e-01
5.453163385391235352e-01 -5.778273344039916992e-01
5.453673005104064941e-01 -5.777440071105957031e-01
5.454183220863342285e-01 -5.776605606079101562e-01
5.454692840576171875e-01 -5.775769352912902832e-01
5.455202460289001465e-01 -5.774932503700256348e-01
5.455712080001831055e-01 -5.774093866348266602e-01
5.456221699714660645e-01 -5.773254036903381348e-01
5.456730723381042480e-01 -5.772413015365600586e-01
5.457239747047424316e-01 -5.771570801734924316e-01
5.457748770713806152e-01 -5.770726799964904785e-01
5.458257794380187988e-01 -5.769881606101989746e-01
5.458766818046569824e-01 -5.769035816192626953e-01
5.459275245666503906e-01 -5.768188238143920898e-01
5.459783673286437988e-01 -5.767339468002319336e-01
5.460292100906372070e-01 -5.766488909721374512e-01
5.460800528526306152e-01 -5.765637755393981934e-01
5.461308360099792480e-01 -5.764785408973693848e-01
5.461816787719726562e-01 -5.763931274414062500e-01
5.462324619293212891e-01 -5.763076543807983398e-01
5.462831854820251465e-01 -5.762220025062561035e-01
5.463339686393737793e-01 -5.761362314224243164e-01
5.463846921920776367e-01 -5.760503411293029785e-01
5.464354157447814941e-01 -5.759643912315368652e-01
5.464861392974853516e-01 -5.758782625198364258e-01
5.465368628501892090e-01 -5.757920145988464355e-01
5.465875267982482910e-01 -5.757056474685668945e-01
5.466381907463073730e-01 -5.756191611289978027e-01
5.466888546943664551e-01 -5.755325555801391602e-01
5.467395186424255371e-01 -5.754458308219909668e-01
5.467901229858398438e-01 -5.753589868545532227e-01
5.468407273292541504e-01 -5.752720236778259277e-01
5.468913316726684570e-01 -5.751850008964538574e-01
5.469419360160827637e-01 -5.750977993011474609e-01
5.469924807548522949e-01 -5.750104784965515137e-01
5.470430254936218262e-01 -5.749230384826660156e-01
5.470935702323913574e-01 -5.748355388641357422e-01
5.471440553665161133e-01 -5.747478604316711426e-01
5.471946001052856445e-01 -5.746601223945617676e-01
5.472450852394104004e-01 -5.745722651481628418e-01
5.472955107688903809e-01 -5.744842290878295898e-01
5.473459959030151367e-01 -5.743961334228515625e-01
5.473964214324951172e-01 -5.743079781532287598e-01
5.474468469619750977e-01 -5.742196440696716309e-01
5.474972128868103027e-01 -5.741311907768249512e-01
5.475476384162902832e-01 -5.740426778793334961e-01
5.475980043411254883e-01 -5.739539861679077148e-01
5.476483106613159180e-01 -5.738652348518371582e-01
5.476986765861511230e-01 -5.737763643264770508e-01
5.477489829063415527e-01 -5.736874341964721680e-01
5.477992892265319824e-01 -5.735983252525329590e-01
5.478495359420776367e-01 -5.735091567039489746e-01
5.478997826576232910e-01 -5.734198689460754395e-01
5.479500293731689453e-01 -5.733304619789123535e-01
5.480002760887145996e-01 -5.732409358024597168e-01
5.480504631996154785e-01 -5.731513500213623047e-01
5.481006503105163574e-01 -5.730616450309753418e-01
5.481508374214172363e-01 -5.729718208312988281e-01
5.482009649276733398e-01 -5.728819370269775391e-01
5.482510924339294434e-01 -5.727918744087219238e-01
5.483012199401855469e-01 -5.727018117904663086e-01
5.483512878417968750e-01 -5.726115703582763672e-01
5.484013557434082031e-01 -5.725212693214416504e-01
5.484514236450195312e-01 -5.724308490753173828e-01
5.485014915466308594e-01 -5.723403096199035645e-01
5.485514998435974121e-01 -5.722497105598449707e-01
5.486014485359191895e-01 -5.721589922904968262e-01
5.486514568328857422e-01 -5.720682144165039062e-01
5.487014055252075195e-01 -5.719772577285766602e-01
5.487513542175292969e-01 -5.718863010406494141e-01
5.488012433052062988e-01 -5.717951655387878418e-01
5.488511323928833008e-01 -5.717039704322814941e-01
5.489010214805603027e-01 -5.716127157211303711e-01
5.489508509635925293e-01 -5.715213418006896973e-01
5.490006804466247559e-01 -5.714298486709594727e-01
5.490505099296569824e-01 -5.713382959365844727e-01
5.491002798080444336e-01 -5.712466239929199219e-01
5.491500496864318848e-01 -5.711548924446105957e-01
5.491998195648193359e-01 -5.710630416870117188e-01
5.492495298385620117e-01 -5.709711313247680664e-01
5.492992401123046875e-01 -5.708791017532348633e-01
5.493489503860473633e-01 -5.707870125770568848e-01
5.493986010551452637e-01 -5.706948041915893555e-01
5.494481921195983887e-01 -5.706024765968322754e-01
5.494978427886962891e-01 -5.705101490020751953e-01
5.495474338531494141e-01 -5.704176425933837891e-01
5.495970249176025391e-01 -5.703251361846923828e-01
5.496465563774108887e-01 -5.702325105667114258e-01
5.496960878372192383e-01 -5.701397657394409180e-01
5.497455596923828125e-01 -5.700469613075256348e-01
5.497950315475463867e-01 -5.699540972709655762e-01
5.498445034027099609e-01 -5.698611140251159668e-01
5.498939156532287598e-01 -5.697680711746215820e-01
5.499433279037475586e-01 -5.696749091148376465e-01
5.499927401542663574e-01 -5.695816874504089355e-01
5.500420928001403809e-01 -5.694884061813354492e-01
5.500914454460144043e-01 -5.693950057029724121e-01
5.501407384872436523e-01 -5.693015456199645996e-01
5.501900315284729004e-01 -5.692080259323120117e-01
5.502393245697021484e-01 -5.691143870353698730e-01
5.502885580062866211e-01 -5.690206885337829590e-01
5.503377914428710938e-01 -5.689269304275512695e-01
5.503869652748107910e-01 -5.688330531120300293e-01
5.504361391067504883e-01 -5.687391161918640137e-01
5.504853129386901855e-01 -5.686451196670532227e-01
5.505344271659851074e-01 -5.685510039329528809e-01
5.505834817886352539e-01 -5.684568881988525391e-01
5.506325960159301758e-01 -5.683626532554626465e-01
5.506816506385803223e-01 -5.682682991027832031e-01
5.507306456565856934e-01 -5.681739449501037598e-01
5.507796406745910645e-01 -5.680794715881347656e-01
5.508286356925964355e-01 -5.679849386215209961e-01
5.508775711059570312e-01 -5.678903460502624512e-01
5.509264469146728516e-01 -5.677956938743591309e-01
5.509753823280334473e-01 -5.677009224891662598e-01
5.510241985321044922e-01 -5.676061511039733887e-01
5.510730743408203125e-01 -5.675112605094909668e-01
5.511218905448913574e-01 -5.674163103103637695e-01
5.511706471443176270e-01 -5.673213005065917969e-01
5.512194037437438965e-01 -5.672261714935302734e-01
5.512681603431701660e-01 -5.671310424804687500e-01
5.513168573379516602e-01 -5.670357942581176758e-01
5.513655543327331543e-01 -5.669405460357666016e-01
5.514141917228698730e-01 -5.668451786041259766e-01
5.514628291130065918e-01 -5.667497515678405762e-01
5.515114068984985352e-01 -5.666542649269104004e-01
5.515599846839904785e-01 -5.665587186813354492e-01
5.516085028648376465e-01 -5.664631128311157227e-01
5.516570210456848145e-01 -5.663674473762512207e-01
5.517054796218872070e-01 -5.662717223167419434e-01
5.517539381980895996e-01 -5.661759376525878906e-01
5.518023967742919922e-01 -5.660800933837890625e-01
5.518507957458496094e-01 -5.659841299057006836e-01
5.518991351127624512e-01 -5.658881664276123047e-01
5.519474744796752930e-01 -5.657921433448791504e-01
5.519958138465881348e-01 -5.656960606575012207e-01
5.520440936088562012e-01 -5.655998587608337402e-01
5.520923733711242676e-01 -5.655036568641662598e-01
5.521405935287475586e-01 -5.654073953628540039e-01
5.521887540817260742e-01 -5.653110742568969727e-01
5.522369742393493652e-01 -5.652146935462951660e-01
5.522850751876831055e-01 -5.651182532310485840e-01
5.523331761360168457e-01 -5.650217533111572266e-01
5.523812770843505859e-01 -5.649251937866210938e-01
5.524293184280395508e-01 -5.648286342620849609e-01
5.524773597717285156e-01 -5.647319555282592773e-01
5.525253415107727051e-01 -5.646352767944335938e-01
5.525732636451721191e-01 -5.645384788513183594e-01
5.526212453842163086e-01 -5.644416809082031250e-01
5.526691079139709473e-01 -5.643448233604431152e-01
5.527169704437255859e-01 -5.642479062080383301e-01
5.527648329734802246e-01 -5.641509294509887695e-01
5.528126358985900879e-01 -5.640539526939392090e-01
5.528603792190551758e-01 -5.639568567276000977e-01
5.529081225395202637e-01 -5.638597607612609863e-01
5.529558658599853516e-01 -5.637626051902770996e-01
5.530035495758056641e-01 -5.636653900146484375e-01
5.530511736869812012e-01 -5.635681748390197754e-01
5.530987977981567383e-01 -5.634708404541015625e-01
5.531463623046875000e-01 -5.633735060691833496e-01
5.531939268112182617e-01 -5.632761120796203613e-01
5.532414317131042480e-01 -5.631787180900573730e-01
5.532889366149902344e-01 -5.630812048912048340e-01
5.533363819122314453e-01 -5.629836916923522949e-01
5.533838272094726562e-01 -5.628861784934997559e-01
5.534312129020690918e-01 -5.627885460853576660e-01
5.534785985946655273e-01 -5.626909136772155762e-01
5.535258650779724121e-01 -5.625932216644287109e-01
5.535731911659240723e-01 -5.624954700469970703e-01
5.536204576492309570e-01 -5.623977184295654297e-01
5.536676645278930664e-01 -5.622999072074890137e-01
5.537148714065551758e-01 -5.622020959854125977e-01
5.537620186805725098e-01 -5.621042251586914062e-01
5.538091659545898438e-01 -5.620062947273254395e-01
5.538562536239624023e-01 -5.619083642959594727e-01
5.539032816886901855e-01 -5.618103146553039551e-01
5.539503097534179688e-01 -5.617123246192932129e-01
5.539972782135009766e-01 -5.616142749786376953e-01
5.540442466735839844e-01 -5.615161657333374023e-01
5.540911555290222168e-01 -5.614179968833923340e-01
5.541380643844604492e-01 -5.613198876380920410e-01
5.541849136352539062e-01 -5.612216591835021973e-01
5.542317032814025879e-01 -5.611234307289123535e-01
5.542784929275512695e-01 -5.610251426696777344e-01
5.543252229690551758e-01 -5.609268546104431152e-01
5.543719530105590820e-01 -5.608285665512084961e-01
5.544186234474182129e-01 -5.607302188873291016e-01
5.544652938842773438e-01 -5.606318116188049316e-01
5.545119047164916992e-01 -5.605334043502807617e-01
5.545584559440612793e-01 -5.604349374771118164e-01
5.546049475669860840e-01 -5.603364706039428711e-01
5.546514987945556641e-01 -5.602380037307739258e-01
5.546979308128356934e-01 -5.601394772529602051e-01
5.547443628311157227e-01 -5.600409507751464844e-01
5.547907352447509766e-01 -5.599423646926879883e-01
5.548371076583862305e-01 -5.598437190055847168e-01
5.548834204673767090e-01 -5.597451329231262207e-01
5.549296736717224121e-01 -5.596464872360229492e-01
5.549759268760681152e-01 -5.595477819442749023e-01
5.550221204757690430e-01 -5.594490766525268555e-01
5.550683140754699707e-01 -5.593503713607788086e-01
5.551143884658813477e-01 -5.592516660690307617e-01
5.551605224609375000e-01 -5.591529011726379395e-01
5.552065372467041016e-01 -5.590540766716003418e-01
5.552525520324707031e-01 -5.589553117752075195e-01
5.552985668182373047e-01 -5.588564872741699219e-01
5.553444623947143555e-01 -5.587576627731323242e-01
5.553904175758361816e-01 -5.586587786674499512e-01
5.554362535476684570e-01 -5.585598945617675781e-01
5.554820895195007324e-01 -5.584610104560852051e-01
5.555278658866882324e-01 -5.583621263504028320e-01
5.555735826492309570e-01 -5.582631826400756836e-01
5.556192994117736816e-01 -5.581642389297485352e-01
5.556650161743164062e-01 -5.580652952194213867e-01
5.557106137275695801e-01 -5.579662919044494629e-01
5.557562112808227539e-01 -5.578673481941223145e-01
5.558017492294311523e-01 -5.577683448791503906e-01
5.558472871780395508e-01 -5.576692819595336914e-01
5.558927655220031738e-01 -5.575702786445617676e-01
5.559381842613220215e-01 -5.574712753295898438e-01
5.559836030006408691e-01 -5.573722124099731445e-01
5.560289025306701660e-01 -5.572731494903564453e-01
5.560742616653442383e-01 -5.571740865707397461e-01
5.561195015907287598e-01 -5.570750236511230469e-01
5.561647415161132812e-01 -5.569759011268615723e-01
5.562099218368530273e-01 -5.568768382072448730e-01
5.562551021575927734e-01 -5.567777156829833984e-01
5.563002228736877441e-01 -5.566785931587219238e-01
5.563452839851379395e-01 -5.565795302391052246e-01
5.563902854919433594e-01 -5.564804077148437500e-01
5.564352869987487793e-01 -5.563812851905822754e-01
5.564802289009094238e-01 -5.562821030616760254e-01
5.565251708030700684e-01 -5.561829805374145508e-01
5.565699934959411621e-01 -5.560838580131530762e-01
5.566148161888122559e-01 -5.559847354888916016e-01
5.566596388816833496e-01 -5.558855533599853516e-01
5.567043423652648926e-01 -5.557864308357238770e-01
5.567490458488464355e-01 -5.556872487068176270e-01
5.567936897277832031e-01 -5.555881261825561523e-01
5.568383336067199707e-01 -5.554890036582946777e-01
5.568828582763671875e-01 -5.553898215293884277e-01
5.569274425506591797e-01 -5.552906990051269531e-01
5.569719076156616211e-01 -5.551915168762207031e-01
5.570163130760192871e-01 -5.550923943519592285e-01
5.570607185363769531e-01 -5.549932122230529785e-01
5.571051239967346191e-01 -5.548940896987915039e-01
5.571494102478027344e-01 -5.547949671745300293e-01
5.571936964988708496e-01 -5.546958446502685547e-01
5.572379231452941895e-01 -5.545967221260070801e-01
5.572820901870727539e-01 -5.544975996017456055e-01
5.573261976242065430e-01 -5.543984770774841309e-01
5.573703050613403320e-01 -5.542993545532226562e-01
5.574143528938293457e-01 -5.542002320289611816e-01
5.574584007263183594e-01 -5.541011691093444824e-01
5.575023293495178223e-01 -5.540020465850830078e-01
5.575462579727172852e-01 -5.539029836654663086e-01
5.575901269912719727e-01 -5.538039207458496094e-01
5.576339364051818848e-01 -5.537048578262329102e-01
5.576777458190917969e-01 -5.536057949066162109e-01
5.577214956283569336e-01 -5.535067915916442871e-01
5.577651858329772949e-01 -5.534077286720275879e-01
5.578088164329528809e-01 -5.533087253570556641e-01
5.578524470329284668e-01 -5.532097220420837402e-01
5.578960180282592773e-01 -5.531107187271118164e-01
5.579395294189453125e-01 -5.530117750167846680e-01
5.579829812049865723e-01 -5.529128313064575195e-01
5.580263733863830566e-01 -5.528138875961303711e-01
5.580697655677795410e-01 -5.527149438858032227e-01
5.581130981445312500e-01 -5.526160001754760742e-01
5.581563711166381836e-01 -5.525171160697937012e-01
5.581996440887451172e-01 -5.524182319641113281e-01
5.582427978515625000e-01 -5.523193478584289551e-01
5.582859516143798828e-01 -5.522205233573913574e-01
5.583290457725524902e-01 -5.521216988563537598e-01
5.583721399307250977e-01 -5.520228743553161621e-01
5.584151148796081543e-01 -5.519241094589233398e-01
5.584580898284912109e-01 -5.518253445625305176e-01
5.585010051727294922e-01 -5.517265796661376953e-01
5.585438609123229980e-01 -5.516278743743896484e-01
5.585866570472717285e-01 -5.515291690826416016e-01
5.586294531822204590e-01 -5.514304637908935547e-01
5.586721301078796387e-01 -5.513318181037902832e-01
5.587148070335388184e-01 -5.512331724166870117e-01
5.587574243545532227e-01 -5.511345863342285156e-01
5.588000416755676270e-01 -5.510360002517700195e-01
5.588425397872924805e-01 -5.509374141693115234e-01
5.588850378990173340e-01 -5.508388876914978027e-01
5.589274764060974121e-01 -5.507404208183288574e-01
5.589698553085327148e-01 -5.506419539451599121e-01
5.590121746063232422e-01 -5.505434870719909668e-01
5.590544342994689941e-01 -5.504450798034667969e-01
5.590966939926147461e-01 -5.503466725349426270e-01
5.591388940811157227e-01 -5.502483248710632324e-01
5.591810345649719238e-01 -5.501499772071838379e-01
5.592231154441833496e-01 -5.500516891479492188e-01
5.592651367187500000e-01 -5.499534010887145996e-01
5.593070983886718750e-01 -5.498551726341247559e-01
5.593490600585937500e-01 -5.497569441795349121e-01
5.593909621238708496e-01 -5.496587753295898438e-01
5.594328045845031738e-01 -5.495606064796447754e-01
5.594745874404907227e-01 -5.494624972343444824e-01
5.595163106918334961e-01 -5.493644475936889648e-01
5.595579743385314941e-01 -5.492663979530334473e-01
5.595996379852294922e-01 -5.491684079170227051e-01
5.596412420272827148e-01 -5.490704178810119629e-01
5.596827268600463867e-01 -5.489724874496459961e-01
5.597242116928100586e-01 -5.488746166229248047e-01
5.597656965255737305e-01 -5.487767457962036133e-01
5.598070621490478516e-01 -5.486789345741271973e-01
5.598483681678771973e-01 -5.485811829566955566e-01
5.598896741867065430e-01 -5.484834313392639160e-01
5.599308609962463379e-01 -5.483857393264770508e-01
5.599720478057861328e-01 -5.482881069183349609e-01
5.600131750106811523e-01 -5.481904745101928711e-01
5.600542426109313965e-01 -5.480929017066955566e-01
5.600952506065368652e-01 -5.479953885078430176e-01
5.601362586021423340e-01 -5.478978753089904785e-01
5.601771473884582520e-01 -5.478004217147827148e-01
5.602180361747741699e-01 -5.477030277252197266e-01
5.602588057518005371e-01 -5.476056933403015137e-01
5.602995753288269043e-01 -5.475083589553833008e-01
5.603402853012084961e-01 -5.474110841751098633e-01
5.603809356689453125e-01 -5.473138689994812012e-01
5.604215264320373535e-01 -5.472167134284973145e-01
5.604620575904846191e-01 -5.471196174621582031e-01
5.605025887489318848e-01 -5.470225214958190918e-01
5.605430006980895996e-01 -5.469254851341247559e-01
5.605834126472473145e-01 -5.468285083770751953e-01
5.606237053871154785e-01 -5.467315912246704102e-01
5.606639981269836426e-01 -5.466347336769104004e-01
5.607042312622070312e-01 -5.465378761291503906e-01
5.607444047927856445e-01 -5.464411377906799316e-01
5.607845187187194824e-01 -5.463443994522094727e-01
5.608245730400085449e-01 -5.462477207183837891e-01
5.608645677566528320e-01 -5.461511015892028809e-01
5.609045028686523438e-01 -5.460545420646667480e-01
5.609443783760070801e-01 -5.459580421447753906e-01
5.609842538833618164e-01 -5.458615422248840332e-01
5.610240101814270020e-01 -5.457651615142822266e-01
5.610637664794921875e-01 -5.456688404083251953e-01
5.611034035682678223e-01 -5.455725193023681641e-01
5.611430406570434570e-01 -5.454763174057006836e-01
5.611826181411743164e-01 -5.453801155090332031e-01
5.612221360206604004e-01 -5.452840328216552734e-01
5.612615346908569336e-01 -5.451879501342773438e-01
5.613009333610534668e-01 -5.450919866561889648e-01
5.613402724266052246e-01 -5.449960231781005859e-01
5.613795518875122070e-01 -5.449001789093017578e-01
5.614188313484191895e-01 -5.448043346405029297e-01
5.614579916000366211e-01 -5.447086095809936523e-01
5.614970922470092773e-01 -5.446128845214843750e-01
5.615361332893371582e-01 -5.445172786712646484e-01
5.615751147270202637e-01 -5.444217324256896973e-01
5.616140961647033691e-01 -5.443261861801147461e-01
5.616529583930969238e-01 -5.442307591438293457e-01
5.616917610168457031e-01 -5.441353917121887207e-01
5.617305636405944824e-01 -5.440400838851928711e-01
5.617692470550537109e-01 -5.439448356628417969e-01
5.618079304695129395e-01 -5.438496470451354980e-01
5.618464946746826172e-01 -5.437545776367187500e-01
5.618850588798522949e-01 -5.436595082283020020e-01
5.619235634803771973e-01 -5.435645580291748047e-01
5.619619488716125488e-01 -5.434696674346923828e-01
5.620003342628479004e-01 -5.433748364448547363e-01
5.620386004447937012e-01 -5.432800650596618652e-01
5.620768666267395020e-01 -5.431853532791137695e-01
5.621150732040405273e-01 -5.430907607078552246e-01
5.621531605720520020e-01 -5.429961681365966797e-01
5.621912479400634766e-01 -5.429016947746276855e-01
5.622292757034301758e-01 -5.428073406219482422e-01
5.622672438621520996e-01 -5.427129864692687988e-01
5.623050928115844727e-01 -5.426187515258789062e-01
5.623429417610168457e-01 -5.425245165824890137e-01
5.623807311058044434e-01 -5.424304604530334473e-01
5.624184012413024902e-01 -5.423364043235778809e-01
5.624560713768005371e-01 -5.422424674034118652e-01
5.624936819076538086e-01 -5.421485900878906250e-01
5.625311732292175293e-01 -5.420547723770141602e-01
5.625686645507812500e-01 -5.419610738754272461e-01
5.626060962677001953e-01 -5.418673753738403320e-01
5.626434087753295898e-01 -5.417738556861877441e-01
5.626807212829589844e-01 -5.416803359985351562e-01
5.627179741859436035e-01 -5.415869355201721191e-01
5.627551078796386719e-01 -5.414935946464538574e-01
5.627922415733337402e-01 -5.414003729820251465e-01
5.628292560577392578e-01 -5.413072109222412109e-01
5.628662705421447754e-01 -5.412141084671020508e-01
5.629031658172607422e-01 -5.411211252212524414e-01
5.629400610923767090e-01 -5.410282015800476074e-01
5.629768371582031250e-01 -5.409353971481323242e-01
5.630135536193847656e-01 -5.408426523208618164e-01
5.630502700805664062e-01 -5.407499670982360840e-01
5.630868673324584961e-01 -5.406574010848999023e-01
5.631234049797058105e-01 -5.405648946762084961e-01
5.631598830223083496e-01 -5.404725074768066406e-01
5.631963014602661133e-01 -5.403801798820495605e-01
5.632327198982238770e-01 -5.402879714965820312e-01
5.632690191268920898e-01 -5.401958227157592773e-01
5.633052587509155273e-01 -5.401037931442260742e-01
5.633413791656494141e-01 -5.400118231773376465e-01
5.633774995803833008e-01 -5.399199724197387695e-01
5.634135603904724121e-01 -5.398281812667846680e-01
5.634495615959167480e-01 -5.397365093231201172e-01
5.634854435920715332e-01 -5.396448969841003418e-01
5.635213255882263184e-01 -5.395534038543701172e-01
5.635571479797363281e-01 -5.394620299339294434e-01
5.635928511619567871e-01 -5.393707156181335449e-01
5.636284947395324707e-01 -5.392794609069824219e-01
5.636641383171081543e-01 -5.391883254051208496e-01
5.636996626853942871e-01 -5.390973091125488281e-01
5.637351274490356445e-01 -5.390063524246215820e-01
5.637705326080322266e-01 -5.389155149459838867e-01
5.638058781623840332e-01 -5.388247966766357422e-01
5.638411641120910645e-01 -5.387341380119323730e-01
5.638763904571533203e-01 -5.386435985565185547e-01
5.639114975929260254e-01 -5.385531783103942871e-01
5.639466047286987305e-01 -5.384628176689147949e-01
5.639815926551818848e-01 -5.383725762367248535e-01
5.640165805816650391e-01 -5.382824540138244629e-01
5.640514492988586426e-01 -5.381923913955688477e-01
5.640862584114074707e-01 -5.381024479866027832e-01
5.641210079193115234e-01 -5.380125641822814941e-01
5.641556978225708008e-01 -5.379228591918945312e-01
5.641903281211853027e-01 -5.378332138061523438e-01
5.642248988151550293e-01 -5.377436876296997070e-01
5.642594099044799805e-01 -5.376542806625366211e-01
5.642938017845153809e-01 -5.375649333000183105e-01
5.643281340599060059e-01 -5.374757051467895508e-01
5.643624663352966309e-01 -5.373865962028503418e-01
5.643966794013977051e-01 -5.372976064682006836e-01
5.644308328628540039e-01 -5.372086763381958008e-01
5.644649267196655273e-01 -5.371199250221252441e-01
5.644989609718322754e-01 -5.370312333106994629e-01
5.645328760147094727e-01 -5.369426608085632324e-01
5.645667910575866699e-01 -5.368542075157165527e-01
5.646005868911743164e-01 -5.367658138275146484e-01
5.646343231201171875e-01 -5.366775989532470703e-01
5.646679997444152832e-01 -5.365894436836242676e-01
5.647016167640686035e-01 -5.365014076232910156e-01
5.647351741790771484e-01 -5.364135503768920898e-01
5.647686719894409180e-01 -5.363257527351379395e-01
5.648020505905151367e-01 -5.362380743026733398e-01
5.648354291915893555e-01 -5.361504554748535156e-01
5.648686885833740234e-01 -5.360630154609680176e-01
5.649018883705139160e-01 -5.359756946563720703e-01
5.649350285530090332e-01 -5.358884334564208984e-01
5.649681091308593750e-01 -5.358013510704040527e-01
5.650010704994201660e-01 -5.357143878936767578e-01
5.650339722633361816e-01 -5.356274843215942383e-01
5.650668740272521973e-01 -5.355407595634460449e-01
5.650996565818786621e-01 -5.354540944099426270e-01
5.651323795318603516e-01 -5.353675484657287598e-01
5.651649832725524902e-01 -5.352811813354492188e-01
5.651975870132446289e-01 -5.351948738098144531e-01
5.652300715446472168e-01 -5.351087450981140137e-01
5.652624964714050293e-01 -5.350226759910583496e-01
5.652948617935180664e-01 -5.349367856979370117e-01
5.653271675109863281e-01 -5.348510146141052246e-01
5.653594136238098145e-01 -5.347653031349182129e-01
5.653915405273437500e-01 -5.346797704696655273e-01
5.654236674308776855e-01 -5.345943570137023926e-01
5.654556751251220703e-01 -5.345090627670288086e-01
5.654875636100769043e-01 -5.344238877296447754e-01
5.655194520950317383e-01 -5.343388319015502930e-01
5.655512809753417969e-01 -5.342538952827453613e-01
5.655829906463623047e-01 -5.341691374778747559e-01
5.656146407127380371e-01 -5.340844392776489258e-01
5.656462311744689941e-01 -5.339999198913574219e-01
5.656777024269104004e-01 -5.339155197143554688e-01
5.657091736793518066e-01 -5.338312387466430664e-01
5.657405257225036621e-01 -5.337470769882202148e-01
5.657718181610107422e-01 -5.336630344390869141e-01
5.658030509948730469e-01 -5.335791707038879395e-01
5.658341646194458008e-01 -5.334954261779785156e-01
5.658652782440185547e-01 -5.334118008613586426e-01
5.658962726593017578e-01 -5.333282947540283203e-01
5.659272074699401855e-01 -5.332449078559875488e-01
5.659580230712890625e-01 -5.331616997718811035e-01
5.659888386726379395e-01 -5.330786108970642090e-01
5.660195350646972656e-01 -5.329956412315368652e-01
5.660501718521118164e-01 -5.329128503799438477e-01
5.660807490348815918e-01 -5.328301191329956055e-01
5.661112070083618164e-01 -5.327475666999816895e-01
5.661416053771972656e-01 -5.326651930809020996e-01
5.661719441413879395e-01 -5.325828790664672852e-01
5.662022233009338379e-01 -5.325007438659667969e-01
5.662324428558349609e-01 -5.324187278747558594e-01
5.662625432014465332e-01 -5.323368906974792480e-01
5.662925839424133301e-01 -5.322551727294921875e-01
5.663225650787353516e-01 -5.321735739707946777e-01
5.663524270057678223e-01 -5.320921540260314941e-01
5.663822889328002930e-01 -5.320108532905578613e-01
5.664119720458984375e-01 -5.319296717643737793e-01
5.664416551589965820e-01 -5.318486690521240234e-01
5.664712786674499512e-01 -5.317678451538085938e-01
5.665007829666137695e-01 -5.316870808601379395e-01
5.665302276611328125e-01 -5.316064953804016113e-01
5.665595531463623047e-01 -5.315260887145996094e-01
5.665888786315917969e-01 -5.314458012580871582e-01
5.666180849075317383e-01 -5.313656330108642578e-01
5.666472315788269043e-01 -5.312856435775756836e-01
5.666762590408325195e-01 -5.312057733535766602e-01
5.667052268981933594e-01 -5.311260819435119629e-01
5.667341351509094238e-01 -5.310465097427368164e-01
5.667629837989807129e-01 -5.309671163558959961e-01
5.667917728424072266e-01 -5.308878421783447266e-01
5.668204426765441895e-01 -5.308087468147277832e-01
5.668489933013916016e-01 -5.307297706604003906e-01
5.668775439262390137e-01 -5.306509733200073242e-01
5.669059753417968750e-01 -5.305722951889038086e-01
5.669343471527099609e-01 -5.304937958717346191e-01
5.669626593589782715e-01 -5.304154753684997559e-01
5.669908523559570312e-01 -5.303372740745544434e-01
5.670189857482910156e-01 -5.302592515945434570e-01
5.670470595359802246e-01 -5.301813483238220215e-01
5.670750141143798828e-01 -5.301036238670349121e-01
5.671029090881347656e-01 -5.300260186195373535e-01
5.671307444572448730e-01 -5.299485921859741211e-01
5.671584606170654297e-01 -5.298713445663452148e-01
5.671861171722412109e-01 -5.297942161560058594e-01
5.672137141227722168e-01 -5.297172665596008301e-01
5.672412514686584473e-01 -5.296404957771301270e-01
5.672686696052551270e-01 -5.295638442039489746e-01
5.672960281372070312e-01 -5.294873714447021484e-01
5.673232674598693848e-01 -5.294110774993896484e-01
5.673504471778869629e-01 -5.293349027633666992e-01
5.673775672912597656e-01 -5.292589068412780762e-01
5.674046277999877930e-01 -5.291830897331237793e-01
5.674315690994262695e-01 -5.291074514389038086e-01
5.674584507942199707e-01 -5.290319323539733887e-01
5.674852132797241211e-01 -5.289565920829772949e-01
5.675119161605834961e-01 -5.288814306259155273e-01
5.675385594367980957e-01 -5.288063883781433105e-01
5.675650835037231445e-01 -5.287315249443054199e-01
5.675915479660034180e-01 -5.286568403244018555e-01
5.676179528236389160e-01 -5.285823345184326172e-01
5.676442384719848633e-01 -5.285080075263977051e-01
5.676704645156860352e-01 -5.284337997436523438e-01
5.676966309547424316e-01 -5.283598303794860840e-01
5.677226781845092773e-01 -5.282859802246093750e-01
5.677486658096313477e-01 -5.282123088836669922e-01
5.677745938301086426e-01 -5.281387567520141602e-01
5.678004026412963867e-01 -5.280654430389404297e-01
5.678261518478393555e-01 -5.279922485351562500e-01
5.678517818450927734e-01 -5.279192924499511719e-01
5.678773522377014160e-01 -5.278464555740356445e-01
5.679028630256652832e-01 -5.277737975120544434e-01
5.679282546043395996e-01 -5.277013182640075684e-01
5.679535865783691406e-01 -5.276290178298950195e-01
5.679788589477539062e-01 -5.275568962097167969e-01
5.680040121078491211e-01 -5.274849534034729004e-01
5.680290460586547852e-01 -5.274131894111633301e-01
5.680540800094604492e-01 -5.273415446281433105e-01
5.680789947509765625e-01 -5.272701382637023926e-01
5.681037902832031250e-01 -5.271989107131958008e-01
5.681285262107849121e-01 -5.271278023719787598e-01
5.681532025337219238e-01 -5.270569324493408203e-01
5.681778192520141602e-01 -5.269861817359924316e-01
5.682023167610168457e-01 -5.269156694412231445e-01
5.682266950607299805e-01 -5.268453359603881836e-01
5.682510137557983398e-01 -5.267751216888427734e-01
5.682752728462219238e-01 -5.267051458358764648e-01
5.682994127273559570e-01 -5.266353487968444824e-01
5.683234930038452148e-01 -5.265656709671020508e-01
5.683475136756896973e-01 -5.264962315559387207e-01
5.683714151382446289e-01 -5.264269709587097168e-01
5.683951973915100098e-01 -5.263578891754150391e-01
5.684189796447753906e-01 -5.262889862060546875e-01
5.684425830841064453e-01 -5.262202620506286621e-01
5.684661865234375000e-01 -5.261517763137817383e-01
5.684896707534790039e-01 -5.260834097862243652e-01
5.685130357742309570e-01 -5.260152816772460938e-01
5.685363411903381348e-01 -5.259472727775573730e-01
5.685595870018005371e-01 -5.258795022964477539e-01
5.685827136039733887e-01 -5.258119106292724609e-01
5.686057806015014648e-01 -5.257444977760314941e-01
5.686287283897399902e-01 -5.256772637367248535e-01
5.686516165733337402e-01 -5.256102681159973145e-01
5.686743855476379395e-01 -5.255434513092041016e-01
5.686970949172973633e-01 -5.254768133163452148e-01
5.687197446823120117e-01 -5.254103541374206543e-01
5.687422752380371094e-01 -5.253440737724304199e-01
5.687646865844726562e-01 -5.252780318260192871e-01
5.687870979309082031e-01 -5.252121090888977051e-01
5.688093304634094238e-01 -5.251464247703552246e-01
5.688315033912658691e-01 -5.250809788703918457e-01
5.688536167144775391e-01 -5.250156521797180176e-01
5.688756108283996582e-01 -5.249505639076232910e-01
5.688975453376770020e-01 -5.248856544494628906e-01
5.689194202423095703e-01 -5.248209834098815918e-01
5.689411163330078125e-01 -5.247564911842346191e-01
5.689628124237060547e-01 -5.246921777725219727e-01
5.689843893051147461e-01 -5.246280431747436523e-01
5.690058469772338867e-01 -5.245641469955444336e-01
5.690272450447082520e-01 -5.245004296302795410e-01
5.690485239028930664e-01 -5.244369506835937500e-01
5.690697431564331055e-01 -5.243735909461975098e-01
5.690909028053283691e-01 -5.243105292320251465e-01
5.691119432449340820e-01 -5.242475867271423340e-01
5.691328644752502441e-01 -5.241848826408386230e-01
5.691537261009216309e-01 -5.241224169731140137e-01
5.691745281219482422e-01 -5.240600705146789551e-01
5.691952109336853027e-01 -5.239980220794677734e-01
5.692157745361328125e-01 -5.239360928535461426e-01
5.692362785339355469e-01 -5.238744020462036133e-01
5.692567229270935059e-01 -5.238129496574401855e-01
5.692770481109619141e-01 -5.237516760826110840e-01
5.692972540855407715e-01 -5.236905813217163086e-01
5.693174004554748535e-01 -5.236297249794006348e-01
5.693374872207641602e-01 -5.235691070556640625e-01
5.693574547767639160e-01 -5.235086679458618164e-01
5.693773031234741211e-01 -5.234484076499938965e-01
5.693970918655395508e-01 -5.233883857727050781e-01
5.694167613983154297e-01 -5.233286023139953613e-01
5.694363713264465332e-01 -5.232689976692199707e-01
5.694558620452880859e-01 -5.232095718383789062e-01
5.694752931594848633e-01 -5.231503844261169434e-01
5.694946050643920898e-01 -5.230914354324340820e-01
5.695138573646545410e-01 -5.230326652526855469e-01
5.695329904556274414e-01 -5.229741334915161133e-01
5.695520639419555664e-01 -5.229158401489257812e-01
5.695710182189941406e-01 -5.228577256202697754e-01
5.695898532867431641e-01 -5.227997899055480957e-01
5.696086287498474121e-01 -5.227420926094055176e-01
5.696273446083068848e-01 -5.226846337318420410e-01
5.696459412574768066e-01 -5.226274132728576660e-01
5.696644186973571777e-01 -5.225703716278076172e-01
5.696828365325927734e-01 -5.225135684013366699e-01
5.697011351585388184e-01 -5.224569439888000488e-01
5.697193741798400879e-01 -5.224006175994873047e-01
5.697374939918518066e-01 -5.223444104194641113e-01
5.697554945945739746e-01 -5.222885012626647949e-01
5.697734355926513672e-01 -5.222327709197998047e-01
5.697913169860839844e-01 -5.221772789955139160e-01
5.698090195655822754e-01 -5.221220254898071289e-01
5.698267221450805664e-01 -5.220669507980346680e-01
5.698442459106445312e-01 -5.220121741294860840e-01
5.698617100715637207e-01 -5.219575762748718262e-01
5.698791146278381348e-01 -5.219031572341918945e-01
5.698963999748229980e-01 -5.218490362167358398e-01
5.699135661125183105e-01 -5.217950940132141113e-01
5.699306726455688477e-01 -5.217413902282714844e-01
5.699476599693298340e-01 -5.216879248619079590e-01
5.699645876884460449e-01 -5.216346979141235352e-01
5.699813961982727051e-01 -5.215816497802734375e-01
5.699980854988098145e-01 -5.215288400650024414e-01
5.700147151947021484e-01 -5.214762687683105469e-01
5.700312256813049316e-01 -5.214239358901977539e-01
5.700476765632629395e-01 -5.213718414306640625e-01
5.700640082359313965e-01 -5.213199853897094727e-01
5.700802206993103027e-01 -5.212683677673339844e-01
5.700963735580444336e-01 -5.212169289588928223e-01
5.701124072074890137e-01 -5.211657285690307617e-01
5.701283812522888184e-01 -5.211148262023925781e-01
5.701442360877990723e-01 -5.210641026496887207e-01
5.701599717140197754e-01 -5.210136175155639648e-01
5.701756477355957031e-01 -5.209633708000183105e-01
5.701912045478820801e-01 -5.209133625030517578e-01
5.702066421508789062e-01 -5.208635926246643066e-01
5.702220201492309570e-01 -5.208140611648559570e-01
5.702373385429382324e-01 -5.207647681236267090e-01
5.702524781227111816e-01 -5.207156538963317871e-01
5.702675580978393555e-01 -5.206668376922607422e-01
5.702825784683227539e-01 -5.206182599067687988e-01
5.702974200248718262e-01 -5.205699205398559570e-01
5.703122019767761230e-01 -5.205218195915222168e-01
5.703269243240356445e-01 -5.204739570617675781e-01
5.703414678573608398e-01 -5.204262733459472656e-01
5.703560113906860352e-01 -5.203788876533508301e-01
5.703703761100769043e-01 -5.203317403793334961e-01
5.703846812248229980e-01 -5.202848315238952637e-01
5.703988671302795410e-01 -5.202382206916809082e-01
5.704129934310913086e-01 -5.201917886734008789e-01
5.704270005226135254e-01 -5.201455950736999512e-01
5.704408884048461914e-01 -5.200996994972229004e-01
5.704546570777893066e-01 -5.200539827346801758e-01
5.704683661460876465e-01 -5.200085639953613281e-01
5.704820156097412109e-01 -5.199633836746215820e-01
5.704954862594604492e-01 -5.199183821678161621e-01
5.705088973045349121e-01 -5.198737382888793945e-01
5.705221891403198242e-01 -5.198292732238769531e-01
5.705354213714599609e-01 -5.197850465774536133e-01
5.705485343933105469e-01 -5.197411179542541504e-01
5.705615282058715820e-01 -5.196973681449890137e-01
5.705744028091430664e-01 -5.196539163589477539e-01
5.705872178077697754e-01 -5.196107625961303711e-01
5.705999732017517090e-01 -5.195677876472473145e-01
5.706125497817993164e-01 -5.195251107215881348e-01
5.706250667572021484e-01 -5.194826126098632812e-01
5.706374645233154297e-01 -5.194404125213623047e-01
5.706497430801391602e-01 -5.193985104560852051e-01
5.706619620323181152e-01 -5.193567872047424316e-01
5.706740617752075195e-01 -5.193153619766235352e-01
5.706860423088073730e-01 -5.192741751670837402e-01
5.706979632377624512e-01 -5.192332863807678223e-01
5.707097649574279785e-01 -5.191926360130310059e-01
5.707214474678039551e-01 -5.191522240638732910e-01
5.707330703735351562e-01 -5.191120505332946777e-01
5.707445144653320312e-01 -5.190721750259399414e-01
5.707559585571289062e-01 -5.190325379371643066e-01
5.707672238349914551e-01 -5.189931392669677734e-01
5.707784295082092285e-01 -5.189540386199951172e-01
5.707895159721374512e-01 -5.189151763916015625e-01
5.708004832267761230e-01 -5.188765525817871094e-01
5.708113312721252441e-01 -5.188382267951965332e-01
5.708221197128295898e-01 -5.188001990318298340e-01
5.708327889442443848e-01 -5.187623500823974609e-01
5.708433389663696289e-01 -5.187247991561889648e-01
5.708538293838500977e-01 -5.186875462532043457e-01
5.708642005920410156e-01 -5.186505317687988281e-01
5.708744525909423828e-01 -5.186137557029724121e-01
5.708845853805541992e-01 -5.185772776603698730e-01
5.708946585655212402e-01 -5.185410380363464355e-01
5.709046125411987305e-01 -5.185050964355468750e-01
5.709144473075866699e-01 -5.184693932533264160e-01
5.709241628646850586e-01 -5.184339880943298340e-01
5.709338188171386719e-01 -5.183988213539123535e-01
5.709433555603027344e-01 -5.183639526367187500e-01
5.709527730941772461e-01 -5.183293223381042480e-01
5.709620714187622070e-01 -5.182949900627136230e-01
5.709713101387023926e-01 -5.182608962059020996e-01
5.709804296493530273e-01 -5.182271003723144531e-01
5.709894299507141113e-01 -5.181935429573059082e-01
5.709983110427856445e-01 -5.181602835655212402e-01
5.710071325302124023e-01 -5.181273221969604492e-01
5.710158348083496094e-01 -5.180945992469787598e-01
5.710244178771972656e-01 -5.180621743202209473e-01
5.710328817367553711e-01 -5.180299878120422363e-01
5.710412859916687012e-01 -5.179980993270874023e-01
5.710495114326477051e-01 -5.179665088653564453e-01
5.710576772689819336e-01 -5.179351568222045898e-01
5.710657238960266113e-01 -5.179041028022766113e-01
5.710737109184265137e-01 -5.178732872009277344e-01
5.710815191268920898e-01 -5.178427696228027344e-01
5.710892677307128906e-01 -5.178125500679016113e-01
5.710968971252441406e-01 -5.177826285362243652e-01
5.711044073104858398e-01 -5.177529454231262207e-01
5.711118578910827637e-01 -5.177235603332519531e-01
5.711191296577453613e-01 -5.176944136619567871e-01
5.711263418197631836e-01 -5.176656246185302734e-01
5.711334347724914551e-01 -5.176370739936828613e-01
5.711404085159301758e-01 -5.176087617874145508e-01
5.711473226547241211e-01 -5.175808072090148926e-01
5.711540579795837402e-01 -5.175530910491943359e-01
5.711607336997985840e-01 -5.175256729125976562e-01
5.711672902107238770e-01 -5.174985527992248535e-01
5.711737275123596191e-01 -5.174717307090759277e-01
5.711801052093505859e-01 -5.174451470375061035e-01
5.711863040924072266e-01 -5.174188613891601562e-01
5.711924433708190918e-01 -5.173928737640380859e-01
5.711984634399414062e-01 -5.173671841621398926e-01
5.712043642997741699e-01 -5.173417329788208008e-01
5.712101459503173828e-01 -5.173166394233703613e-01
5.712158679962158203e-01 -5.172917842864990234e-01
5.712214112281799316e-01 -5.172672271728515625e-01
5.712268948554992676e-01 -5.172429680824279785e-01
5.712322592735290527e-01 -5.172190070152282715e-01
5.712375044822692871e-01 -5.171953439712524414e-01
5.712426304817199707e-01 -5.171719789505004883e-01
5.712476372718811035e-01 -5.171488523483276367e-01
5.712525844573974609e-01 -5.171260833740234375e-01
5.712574124336242676e-01 -5.171035528182983398e-01
5.712621212005615234e-01 -5.170813798904418945e-01
5.712667107582092285e-01 -5.170594453811645508e-01
5.712711811065673828e-01 -5.170378088951110840e-01
5.712755322456359863e-01 -5.170164704322814941e-01
5.712797641754150391e-01 -5.169954895973205566e-01
5.712839365005493164e-01 -5.169747471809387207e-01
5.712879896163940430e-01 -5.169543027877807617e-01
5.712918639183044434e-01 -5.169341564178466797e-01
5.712956786155700684e-01 -5.169143080711364746e-01
5.712994337081909180e-01 -5.168947577476501465e-01
5.713030099868774414e-01 -5.168755650520324707e-01
5.713064670562744141e-01 -5.168566107749938965e-01
5.713098645210266113e-01 -5.168379545211791992e-01
5.713130831718444824e-01 -5.168196558952331543e-01
5.713162422180175781e-01 -5.168015956878662109e-01
5.713192820549011230e-01 -5.167838335037231445e-01
5.713222026824951172e-01 -5.167664289474487305e-01
5.713250041007995605e-01 -5.167493224143981934e-01
5.713276863098144531e-01 -5.167324542999267578e-01
5.713302493095397949e-01 -5.167159438133239746e-01
5.713327527046203613e-01 -5.166997313499450684e-01
5.713350772857666016e-01 -5.166838765144348145e-01
5.713373422622680664e-01 -5.166682600975036621e-01
5.713394880294799805e-01 -5.166529417037963867e-01
5.713414549827575684e-01 -5.166379809379577637e-01
5.713433623313903809e-01 -5.166233181953430176e-01
5.713451504707336426e-01 -5.166088938713073730e-01
5.713468194007873535e-01 -5.165948867797851562e-01
5.713484287261962891e-01 -5.165811181068420410e-01
5.713498592376708984e-01 -5.165676474571228027e-01
5.713511705398559570e-01 -5.165545344352722168e-01
5.713524222373962402e-01 -5.165417194366455078e-01
5.713534951210021973e-01 -5.165292024612426758e-01
5.713545083999633789e-01 -5.165170431137084961e-01
5.713553428649902344e-01 -5.165051817893981934e-01
5.713561177253723145e-01 -5.164935588836669922e-01
5.713567733764648438e-01 -5.164823532104492188e-01
5.713573098182678223e-01 -5.164713859558105469e-01
5.713577270507812500e-01 -5.164607763290405273e-01
5.713580250740051270e-01 -5.164504647254943848e-01
5.713582038879394531e-01 -5.164405107498168945e-01
5.713582634925842285e-01 -5.164307951927185059e-01
5.713582038879394531e-01 -5.164214372634887695e-01
5.713580250740051270e-01 -5.164124369621276855e-01
5.713577866554260254e-01 -5.164037346839904785e-01
5.713573694229125977e-01 -5.163953304290771484e-01
5.713568925857543945e-01 -5.163872241973876953e-01
5.713562369346618652e-01 -5.163794755935668945e-01
5.713555216789245605e-01 -5.163720250129699707e-01
5.713546276092529297e-01 -5.163649320602416992e-01
5.713536739349365234e-01 -5.163581371307373047e-01
5.713525414466857910e-01 -5.163516402244567871e-01
5.713513493537902832e-01 -5.163455009460449219e-01
5.713500380516052246e-01 -5.163397192955017090e-01
5.713486075401306152e-01 -5.163341760635375977e-01
5.713469982147216797e-01 -5.163290500640869141e-01
5.713453292846679688e-01 -5.163241624832153320e-01
5.713435411453247070e-01 -5.163196325302124023e-01
5.713416337966918945e-01 -5.163154602050781250e-01
5.713396072387695312e-01 -5.163115859031677246e-01
5.713374614715576172e-01 -5.163080692291259766e-01
5.713351964950561523e-01 -5.163048505783081055e-01
5.713327527046203613e-01 -5.163019895553588867e-01
5.713302493095397949e-01 -5.162994265556335449e-01
5.713276267051696777e-01 -5.162972211837768555e-01
5.713248848915100098e-01 -5.162953138351440430e-01
5.713220238685607910e-01 -5.162937641143798828e-01
5.713190436363220215e-01 -5.162925124168395996e-01
5.713159441947937012e-01 -5.162916183471679688e-01
5.713127255439758301e-01 -5.162910223007202148e-01
5.713093876838684082e-01 -5.162908434867858887e-01
5.713059306144714355e-01 -5.162909030914306641e-01
5.713023543357849121e-01 -5.162913799285888672e-01
5.712986588478088379e-01 -5.162921547889709473e-01
5.712948441505432129e-01 -5.162932276725769043e-01
5.712909102439880371e-01 -5.162947177886962891e-01
5.712868571281433105e-01 -5.162964463233947754e-01
5.712826848030090332e-01 -5.162985920906066895e-01
5.712783932685852051e-01 -5.163010358810424805e-01
5.712739825248718262e-01 -5.163038372993469238e-01
5.712693929672241211e-01 -5.163069963455200195e-01
5.712647438049316406e-01 -5.163104534149169922e-01
5.712599754333496094e-01 -5.163142681121826172e-01
5.712550878524780273e-01 -5.163184404373168945e-01
5.712500810623168945e-01 -5.163229107856750488e-01
5.712448954582214355e-01 -5.163277387619018555e-01
5.712396502494812012e-01 -5.163329243659973145e-01
5.712342858314514160e-01 -5.163384675979614258e-01
5.712287425994873047e-01 -5.163443088531494141e-01
5.712231397628784180e-01 -5.163505673408508301e-01
5.712173581123352051e-01 -5.163571238517761230e-01
5.712115168571472168e-01 -5.163639783859252930e-01
5.712054967880249023e-01 -5.163712501525878906e-01
5.711993575096130371e-01 -5.163788199424743652e-01
5.711931586265563965e-01 -5.163868069648742676e-01
5.711867809295654297e-01 -5.163950920104980469e-01
5.711802840232849121e-01 -5.164037346839904785e-01
5.711736679077148438e-01 -5.164126753807067871e-01
5.711669325828552246e-01 -5.164220333099365234e-01
5.711600780487060547e-01 -5.164316892623901367e-01
5.711531043052673340e-01 -5.164417624473571777e-01
5.711460113525390625e-01 -5.164521336555480957e-01
5.711387991905212402e-01 -5.164628624916076660e-01
5.711314082145690918e-01 -5.164739489555358887e-01
5.711239576339721680e-01 -5.164853930473327637e-01
5.711163282394409180e-01 -5.164971947669982910e-01
5.711086392402648926e-01 -5.165093541145324707e-01
5.711007714271545410e-01 -5.165218114852905273e-01
5.710928440093994141e-01 -5.165346860885620117e-01
5.710847377777099609e-01 -5.165479183197021484e-01
5.710765123367309570e-01 -5.165614485740661621e-01
5.710681676864624023e-01 -5.165753960609436035e-01
5.710597038269042969e-01 -5.165897011756896973e-01
5.710511207580566406e-01 -5.166043043136596680e-01
5.710424184799194336e-01 -5.166193246841430664e-01
5.710335373878479004e-01 -5.166347026824951172e-01
5.710245966911315918e-01 -5.166503787040710449e-01
5.710154771804809570e-01 -5.166664719581604004e-01
5.710062384605407715e-01 -5.166829228401184082e-01
5.709969401359558105e-01 -5.166996717453002930e-01
5.709874629974365234e-01 -5.167168378829956055e-01
5.709778666496276855e-01 -5.167343616485595703e-01
5.709681510925292969e-01 -5.167522430419921875e-01
5.709582567214965820e-01 -5.167704820632934570e-01
5.709483027458190918e-01 -5.167891383171081543e-01
5.709382295608520508e-01 -5.168080925941467285e-01
5.709279775619506836e-01 -5.168274641036987305e-01
5.709176063537597656e-01 -5.168471336364746094e-01
5.709071159362792969e-01 -5.168672204017639160e-01
5.708965063095092773e-01 -5.168876647949218750e-01
5.708857774734497070e-01 -5.169084668159484863e-01
5.708749294281005859e-01 -5.169296264648437500e-01
5.708639621734619141e-01 -5.169511437416076660e-01
5.708528161048889160e-01 -5.169730782508850098e-01
5.708416104316711426e-01 -5.169953703880310059e-01
5.708302259445190430e-01 -5.170180201530456543e-01
5.708187222480773926e-01 -5.170410275459289551e-01
5.708070993423461914e-01 -5.170644521713256836e-01
5.707952976226806641e-01 -5.170881748199462891e-01
5.707834362983703613e-01 -5.171123147010803223e-01
5.707713961601257324e-01 -5.171368122100830078e-01
5.707592964172363281e-01 -5.171617269515991211e-01
5.707470178604125977e-01 -5.171869397163391113e-01
5.707346200942993164e-01 -5.172125697135925293e-01
5.707221031188964844e-01 -5.172386169433593750e-01
5.707094073295593262e-01 -5.172649621963500977e-01
5.706966519355773926e-01 -5.172917246818542480e-01
5.706837177276611328e-01 -5.173188447952270508e-01
5.706706643104553223e-01 -5.173463821411132812e-01
5.706574916839599609e-01 -5.173742771148681641e-01
5.706441998481750488e-01 -5.174025297164916992e-01
5.706307291984558105e-01 -5.174311995506286621e-01
5.706171989440917969e-01 -5.174602270126342773e-01
5.706034898757934570e-01 -5.174896121025085449e-01
5.705896615982055664e-01 -5.175194144248962402e-01
5.705757141113281250e-01 -5.175495743751525879e-01
5.705616474151611328e-01 -5.175801515579223633e-01
5.705474019050598145e-01 -5.176110863685607910e-01
5.705330371856689453e-01 -5.176423788070678711e-01
5.705186128616333008e-01 -5.176740884780883789e-01
5.705039501190185547e-01 -5.177061557769775391e-01
5.704892277717590332e-01 -5.177386403083801270e-01
5.704743862152099609e-01 -5.177714824676513672e-01
5.704593658447265625e-01 -5.178047418594360352e-01
5.704442262649536133e-01 -5.178383588790893555e-01
5.704289674758911133e-01 -5.178723335266113281e-01
5.704135894775390625e-01 -5.179067254066467285e-01
5.703980326652526855e-01 -5.179415345191955566e-01
5.703823566436767578e-01 -5.179767012596130371e-01
5.703665614128112793e-01 -5.180122852325439453e-01
5.703506469726562500e-01 -5.180482268333435059e-01
5.703346133232116699e-01 -5.180845856666564941e-01
5.703184008598327637e-01 -5.181213021278381348e-01
5.703020691871643066e-01 -5.181584358215332031e-01
5.702856183052062988e-01 -5.181959867477416992e-01
5.702690482139587402e-01 -5.182338953018188477e-01
5.702522993087768555e-01 -5.182721614837646484e-01
5.702354311943054199e-01 -5.183109045028686523e-01
5.702184438705444336e-01 -5.183499455451965332e-01
5.702013373374938965e-01 -5.183894634246826172e-01
5.701840519905090332e-01 -5.184293389320373535e-01
5.701667070388793945e-01 -5.184696316719055176e-01
5.701491832733154297e-01 -5.185102820396423340e-01
5.701314806938171387e-01 -5.185513496398925781e-01
5.701137185096740723e-01 -5.185928344726562500e-01
5.700957775115966797e-01 -5.186347365379333496e-01
5.700777173042297363e-01 -5.186769962310791016e-01
5.700595378875732422e-01 -5.187196135520935059e-01
5.700411796569824219e-01 -5.187627077102661133e-01
5.700227618217468262e-01 -5.188061594963073730e-01
5.700041055679321289e-01 -5.188500285148620605e-01
5.699853897094726562e-01 -5.188943147659301758e-01
5.699665546417236328e-01 -5.189389586448669434e-01
5.699475407600402832e-01 -5.189840793609619141e-01
5.699284076690673828e-01 -5.190295577049255371e-01
5.699090957641601562e-01 -5.190753936767578125e-01
5.698896646499633789e-01 -5.191217064857482910e-01
5.698701739311218262e-01 -5.191683769226074219e-01
5.698504447937011719e-01 -5.192154645919799805e-01
5.698306560516357422e-01 -5.192629694938659668e-01
5.698106884956359863e-01 -5.193108916282653809e-01
5.697906017303466797e-01 -5.193592309951782227e-01
5.697703361511230469e-01 -5.194079279899597168e-01
5.697500109672546387e-01 -5.194570422172546387e-01
5.697295069694519043e-01 -5.195065736770629883e-01
5.697088837623596191e-01 -5.195565223693847656e-01
5.696880817413330078e-01 -5.196068882942199707e-01
5.696671605110168457e-01 -5.196576714515686035e-01
5.696461200714111328e-01 -5.197088718414306641e-01
5.696249008178710938e-01 -5.197604298591613770e-01
5.696036219596862793e-01 -5.198124647140502930e-01
5.695821642875671387e-01 -5.198648571968078613e-01
5.695605278015136719e-01 -5.199177265167236328e-01
5.695387721061706543e-01 -5.199709534645080566e-01
5.695168972015380859e-01 -5.200245976448059082e-01
5.694949030876159668e-01 -5.200787186622619629e-01
5.694727301597595215e-01 -5.201331973075866699e-01
5.694504380226135254e-01 -5.201880931854248047e-01
5.694280266761779785e-01 -5.202434062957763672e-01
5.694054961204528809e-01 -5.202991366386413574e-01
5.693827867507934570e-01 -5.203552842140197754e-01
5.693598985671997070e-01 -5.204119086265563965e-01
5.693369507789611816e-01 -5.204688906669616699e-01
5.693138241767883301e-01 -5.205262899398803711e-01
5.692905187606811523e-01 -5.205841064453125000e-01
5.692671537399291992e-01 -5.206423997879028320e-01
5.692436099052429199e-01 -5.207010507583618164e-01
5.692198872566223145e-01 -5.207601785659790039e-01
5.691961050033569336e-01 -5.208196640014648438e-01
5.691721439361572266e-01 -5.208796262741088867e-01
5.691480040550231934e-01 -5.209400057792663574e-01
5.691238045692443848e-01 -5.210008025169372559e-01
5.690993666648864746e-01 -5.210620164871215820e-01
5.690748691558837891e-01 -5.211236476898193359e-01
5.690501928329467773e-01 -5.211856961250305176e-01
5.690253973007202148e-01 -5.212482213973999023e-01
5.690004825592041016e-01 -5.213111042976379395e-01
5.689753890037536621e-01 -5.213744640350341797e-01
5.689501166343688965e-01 -5.214382410049438477e-01
5.689247846603393555e-01 -5.215024352073669434e-01
5.688992738723754883e-01 -5.215671062469482422e-01
5.688735842704772949e-01 -5.216321349143981934e-01
5.688478350639343262e-01 -5.216976404190063477e-01
5.688218474388122559e-01 -5.217635631561279297e-01
5.687958002090454102e-01 -5.218299031257629395e-01
5.687695741653442383e-01 -5.218967199325561523e-01
5.687432289123535156e-01 -5.219639539718627930e-01
5.687167048454284668e-01 -5.220316052436828613e-01
5.686900615692138672e-01 -5.220996737480163574e-01
5.686632990837097168e-01 -5.221682190895080566e-01
5.686363577842712402e-01 -5.222371816635131836e-01
5.686092972755432129e-01 -5.223065614700317383e-01
5.685820579528808594e-01 -5.223763585090637207e-01
5.685546994209289551e-01 -5.224466323852539062e-01
5.685271620750427246e-01 -5.225173234939575195e-01
5.684995651245117188e-01 -5.225884914398193359e-01
5.684717297554016113e-01 -5.226600766181945801e-01
5.684438347816467285e-01 -5.227320790290832520e-01
5.684157609939575195e-01 -5.228044986724853516e-01
5.683875083923339844e-01 -5.228773951530456543e-01
5.683591365814208984e-01 -5.229507684707641602e-01
5.683306455612182617e-01 -5.230244994163513184e-01
5.683019757270812988e-01 -5.230987668037414551e-01
5.682731866836547852e-01 -5.231733918190002441e-01
5.682442188262939453e-01 -5.232484936714172363e-01
5.682151317596435547e-01 -5.233240723609924316e-01
5.681859254837036133e-01 -5.234000086784362793e-01
5.681565403938293457e-01 -5.234764814376831055e-01
5.681270360946655273e-01 -5.235533714294433594e-01
5.680973529815673828e-01 -5.236306786537170410e-01
5.680675506591796875e-01 -5.237084627151489258e-01
5.680375695228576660e-01 -5.237866640090942383e-01
5.680074691772460938e-01 -5.238653421401977539e-01
5.679772496223449707e-01 -5.239444375038146973e-01
5.679468512535095215e-01 -5.240240097045898438e-01
5.679162740707397461e-01 -5.241039991378784180e-01
5.678855776786804199e-01 -5.241844654083251953e-01
5.678547620773315430e-01 -5.242653489112854004e-01
5.678237676620483398e-01 -5.243467092514038086e-01
5.677926540374755859e-01 -5.244285464286804199e-01
5.677613615989685059e-01 -5.245108008384704590e-01
5.677299499511718750e-01 -5.245934724807739258e-01
5.676984190940856934e-01 -5.246766805648803711e-01
5.676667094230651855e-01 -5.247603058815002441e-01
5.676348209381103516e-01 -5.248443484306335449e-01
5.676028132438659668e-01 -5.249288678169250488e-01
5.675706863403320312e-01 -5.250138640403747559e-01
5.675383806228637695e-01 -5.250992774963378906e-01
5.675058960914611816e-01 -5.251851677894592285e-01
5.674732923507690430e-01 -5.252715349197387695e-01
5.674405694007873535e-01 -5.253583788871765137e-01
5.674076676368713379e-01 -5.254456400871276855e-01
5.673746466636657715e-01 -5.255333185195922852e-01
5.673414468765258789e-01 -5.256215333938598633e-01
5.673080682754516602e-01 -5.257101655006408691e-01
5.672746300697326660e-01 -5.257992744445800781e-01
5.672409534454345703e-01 -5.258888006210327148e-01
5.672071576118469238e-01 -5.259788632392883301e-01
5.671732425689697266e-01 -5.260693430900573730e-01
5.671391487121582031e-01 -5.261602997779846191e-01
5.671049356460571289e-01 -5.262516736984252930e-01
5.670705437660217285e-01 -5.263435840606689453e-01
5.670360326766967773e-01 -5.264359116554260254e-01
5.670013427734375000e-01 -5.265287160873413086e-01
5.669665336608886719e-01 -5.266219973564147949e-01
5.669315457344055176e-01 -5.267156958580017090e-01
5.668963789939880371e-01 -5.268099308013916016e-01
5.668610930442810059e-01 -5.269045829772949219e-01
5.668256878852844238e-01 -5.269997119903564453e-01
5.667901039123535156e-01 -5.270953178405761719e-01
5.667544007301330566e-01 -5.271914005279541016e-01
5.667185187339782715e-01 -5.272879004478454590e-01
5.666824579238891602e-01 -5.273849368095397949e-01
5.666462779045104980e-01 -5.274823904037475586e-01
5.666099190711975098e-01 -5.275803804397583008e-01
5.665734410285949707e-01 -5.276787877082824707e-01
5.665367841720581055e-01 -5.277776718139648438e-01
5.665000081062316895e-01 -5.278770327568054199e-01
5.664631128311157227e-01 -5.279768705368041992e-01
5.664259791374206543e-01 -5.280771851539611816e-01
5.663887262344360352e-01 -5.281779766082763672e-01
5.663513541221618652e-01 -5.282792448997497559e-01
5.663138031959533691e-01 -5.283809900283813477e-01
5.662761330604553223e-01 -5.284832119941711426e-01
5.662382245063781738e-01 -5.285859107971191406e-01
5.662002563476562500e-01 -5.286890864372253418e-01
5.661621093750000000e-01 -5.287926793098449707e-01
5.661237835884094238e-01 -5.288968086242675781e-01
5.660853385925292969e-01 -5.290014147758483887e-01
5.660467147827148438e-01 -5.291064977645874023e-01
5.660079121589660645e-01 -5.292120575904846191e-01
5.659689903259277344e-01 -5.293180942535400391e-01
5.659299492835998535e-01 -5.294246077537536621e-01
5.658907294273376465e-01 -5.295315980911254883e-01
5.658513307571411133e-01 -5.296391248703002930e-01
5.658118128776550293e-01 -5.297470688819885254e-01
5.657721161842346191e-01 -5.298555493354797363e-01
5.657322406768798828e-01 -5.299644470214843750e-01
5.656922459602355957e-01 -5.300738811492919922e-01
5.656521320343017578e-01 -5.301837921142578125e-01
5.656117796897888184e-01 -5.302941799163818359e-01
5.655713081359863281e-01 -5.304050445556640625e-01
5.655307173728942871e-01 -5.305163860321044922e-01
5.654899477958679199e-01 -5.306282639503479004e-01
5.654489994049072266e-01 -5.307405591011047363e-01
5.654079318046569824e-01 -5.308533906936645508e-01
5.653666853904724121e-01 -5.309666991233825684e-01
5.653253197669982910e-01 -5.310805439949035645e-01
5.652837753295898438e-01 -5.311948060989379883e-01
5.652420520782470703e-01 -5.313096046447753906e-01
5.652002096176147461e-01 -5.314248800277709961e-01
5.651581883430480957e-01 -5.315406322479248047e-01
5.651160478591918945e-01 -5.316569209098815918e-01
5.650736689567565918e-01 -5.317736268043518066e-01
5.650312304496765137e-01 -5.318908691406250000e-01
5.649885535240173340e-01 -5.320086479187011719e-01
5.649457573890686035e-01 -5.321268439292907715e-01
5.649028420448303223e-01 -5.322455763816833496e-01
5.648597478866577148e-01 -5.323647856712341309e-01
5.648164749145507812e-01 -5.324845314025878906e-01
5.647730231285095215e-01 -5.326047539710998535e-01
5.647294521331787109e-01 -5.327254533767700195e-01
5.646857023239135742e-01 -5.328466296195983887e-01
5.646418333053588867e-01 -5.329683423042297363e-01
5.645977854728698730e-01 -5.330905914306640625e-01
5.645535588264465332e-01 -5.332132577896118164e-01
5.645092129707336426e-01 -5.333364605903625488e-01
5.644646883010864258e-01 -5.334601998329162598e-01
5.644199848175048828e-01 -5.335844159126281738e-01
5.643751621246337891e-01 -5.337091088294982910e-01
5.643301606178283691e-01 -5.338343381881713867e-01
5.642849802970886230e-01 -5.339600443840026855e-01
5.642396807670593262e-01 -5.340862274169921875e-01
5.641942024230957031e-01 -5.342130064964294434e-01
5.641485452651977539e-01 -5.343402028083801270e-01
5.641027688980102539e-01 -5.344679355621337891e-01
5.640568137168884277e-01 -5.345962047576904297e-01
5.640107393264770508e-01 -5.347248911857604980e-01
5.639644265174865723e-01 -5.348541736602783203e-01
5.639179944992065430e-01 -5.349839329719543457e-01
5.638714432716369629e-01 -5.351141691207885742e-01
5.638246536254882812e-01 -5.352449417114257812e-01
5.637777447700500488e-01 -5.353762507438659668e-01
5.637307167053222656e-01 -5.355080366134643555e-01
5.636834502220153809e-01 -5.356403589248657227e-01
5.636360645294189453e-01 -5.357731580734252930e-01
5.635885596275329590e-01 -5.359064936637878418e-01
5.635408163070678711e-01 -5.360403060913085938e-01
5.634929537773132324e-01 -5.361746549606323242e-01
5.634449124336242676e-01 -5.363095402717590332e-01
5.633967518806457520e-01 -5.364449024200439453e-01
5.633483529090881348e-01 -5.365808010101318359e-01
5.632998943328857422e-01 -5.367172360420227051e-01
5.632511973381042480e-01 -5.368541479110717773e-01
5.632023811340332031e-01 -5.369915962219238281e-01
5.631533265113830566e-01 -5.371295213699340820e-01
5.631042122840881348e-01 -5.372679829597473145e-01
5.630548596382141113e-01 -5.374069809913635254e-01
5.630053877830505371e-01 -5.375464558601379395e-01
5.629557371139526367e-01 -5.376865267753601074e-01
5.629059076309204102e-01 -5.378270745277404785e-01
5.628559589385986328e-01 -5.379680991172790527e-01
5.628058314323425293e-01 -5.381097197532653809e-01
5.627555251121520996e-01 -5.382518172264099121e-01
5.627050995826721191e-01 -5.383944511413574219e-01
5.626544356346130371e-01 -5.385375618934631348e-01
5.626036524772644043e-01 -5.386812090873718262e-01
5.625527501106262207e-01 -5.388254523277282715e-01
5.625016093254089355e-01 -5.389701724052429199e-01
5.624503493309020996e-01 -5.391153693199157715e-01
5.623989105224609375e-01 -5.392611622810363770e-01
5.623472929000854492e-01 -5.394074320793151855e-01
5.622955560684204102e-01 -5.395542383193969727e-01
5.622436404228210449e-01 -5.397015810012817383e-01
5.621915459632873535e-01 -5.398494601249694824e-01
5.621392726898193359e-01 -5.399978756904602051e-01
5.620868206024169922e-01 -5.401468276977539062e-01
5.620342493057250977e-01 -5.402962565422058105e-01
5.619814991950988770e-01 -5.404462218284606934e-01
5.619285702705383301e-01 -5.405967235565185547e-01
5.618755221366882324e-01 -5.407478213310241699e-01
5.618222951889038086e-01 -5.408993959426879883e-01
5.617688894271850586e-01 -5.410515069961547852e-01
5.617153048515319824e-01 -5.412040948867797852e-01
5.616615414619445801e-01 -5.413572788238525391e-01
5.616076588630676270e-01 -5.415109992027282715e-01
5.615535974502563477e-01 -5.416652560234069824e-01
5.614993572235107422e-01 -5.418199896812438965e-01
5.614449381828308105e-01 -5.419753193855285645e-01
5.613903403282165527e-01 -5.421311855316162109e-01
5.613356232643127441e-01 -5.422875285148620605e-01
5.612807273864746094e-01 -5.424444675445556641e-01
5.612256526947021484e-01 -5.426018834114074707e-01
5.611704587936401367e-01 -5.427598953247070312e-01
5.611150264739990234e-01 -5.429184436798095703e-01
5.610594749450683594e-01 -5.430775284767150879e-01
5.610037446022033691e-01 -5.432370901107788086e-01
5.609478354454040527e-01 -5.433972477912902832e-01
5.608917474746704102e-01 -5.435579419136047363e-01
5.608355402946472168e-01 -5.437191724777221680e-01
5.607791543006896973e-01 -5.438809394836425781e-01
5.607225298881530762e-01 -5.440432429313659668e-01
5.606658458709716797e-01 -5.442061424255371094e-01
5.606089234352111816e-01 -5.443695187568664551e-01
5.605518221855163574e-01 -5.445334911346435547e-01
5.604946017265319824e-01 -5.446979403495788574e-01
5.604372024536132812e-01 -5.448629856109619141e-01
5.603796243667602539e-01 -5.450285673141479492e-01
5.603218674659729004e-01 -5.451946854591369629e-01
5.602639317512512207e-01 -5.453613400459289551e-01
5.602058768272399902e-01 -5.455285906791687012e-01
5.601476430892944336e-01 -5.456963777542114258e-01
5.600891709327697754e-01 -5.458646416664123535e-01
5.600306391716003418e-01 -5.460335016250610352e-01
5.599718689918518066e-01 -5.462029576301574707e-01
5.599129199981689453e-01 -5.463728904724121094e-01
5.598538517951965332e-01 -5.465434193611145020e-01
5.597945451736450195e-01 -5.467144846916198730e-01
5.597351193428039551e-01 -5.468860864639282227e-01
5.596755146980285645e-01 -5.470582842826843262e-01
5.596157312393188477e-01 -5.472310185432434082e-01
5.595557689666748047e-01 -5.474042892456054688e-01
5.594956874847412109e-01 -5.475780963897705078e-01
5.594353675842285156e-01 -5.477524995803833008e-01
5.593749284744262695e-01 -5.479274392127990723e-01
5.593143105506896973e-01 -5.481029152870178223e-01
5.592535138130187988e-01 -5.482789874076843262e-01
5.591925382614135742e-01 -5.484555959701538086e-01
5.591313838958740234e-01 -5.486327409744262695e-01
5.590700507164001465e-01 -5.488104820251464844e-01
5.590085983276367188e-01 -5.489887595176696777e-01
5.589469075202941895e-01 -5.491676330566406250e-01
5.588850975036621094e-01 -5.493470430374145508e-01
5.588231086730957031e-01 -5.495269894599914551e-01
5.587609410285949707e-01 -5.497075319290161133e-01
5.586985945701599121e-01 -5.498886108398437500e-01
5.586360692977905273e-01 -5.500702261924743652e-01
5.585734248161315918e-01 -5.502524375915527344e-01
5.585105419158935547e-01 -5.504352450370788574e-01
5.584474802017211914e-01 -5.506185889244079590e-01
5.583842992782592773e-01 -5.508024692535400391e-01
5.583209395408630371e-01 -5.509869456291198730e-01
5.582574009895324707e-01 -5.511719584465026855e-01
5.581936240196228027e-01 -5.513575673103332520e-01
5.581297874450683594e-01 -5.515437126159667969e-01
5.580657124519348145e-01 -5.517304539680480957e-01
5.580014586448669434e-01 -5.519177317619323730e-01
5.579370260238647461e-01 -5.521056056022644043e-01
5.578724145889282227e-01 -5.522940754890441895e-01
5.578076839447021484e-01 -5.524830818176269531e-01
5.577427148818969727e-01 -5.526726245880126953e-01
5.576776266098022461e-01 -5.528627634048461914e-01
5.576123595237731934e-01 -5.530534982681274414e-01
5.575469136238098145e-01 -5.532447695732116699e-01
5.574812293052673340e-01 -5.534366369247436523e-01
5.574154257774353027e-01 -5.536290407180786133e-01
5.573494434356689453e-01 -5.538221001625061035e-01
5.572832822799682617e-01 -5.540156364440917969e-01
5.572170019149780273e-01 -5.542098283767700195e-01
5.571504831314086914e-01 -5.544045567512512207e-01
5.570837855339050293e-01 -5.545998215675354004e-01
5.570169091224670410e-01 -5.547957420349121094e-01
5.569499135017395020e-01 -5.549921989440917969e-01
5.568826794624328613e-01 -5.551891922950744629e-01
5.568153262138366699e-01 -5.553868412971496582e-01
5.567477345466613770e-01 -5.555850267410278320e-01
5.566800236701965332e-01 -5.557837486267089844e-01
5.566120743751525879e-01 -5.559831261634826660e-01
5.565440058708190918e-01 -5.561830401420593262e-01
5.564757585525512695e-01 -5.563835501670837402e-01
5.564072728157043457e-01 -5.565846562385559082e-01
5.563386678695678711e-01 -5.567862987518310547e-01
5.562698841094970703e-01 -5.569885969161987305e-01
5.562009215354919434e-01 -5.571914315223693848e-01
5.561317801475524902e-01 -5.573948025703430176e-01
5.560624599456787109e-01 -5.575988292694091797e-01
5.559929609298706055e-01 -5.578033924102783203e-01
5.559232234954833984e-01 -5.580086112022399902e-01
5.558533668518066406e-01 -5.582143664360046387e-01
5.557833313941955566e-01 -5.584207177162170410e-01
5.557131171226501465e-01 -5.586276054382324219e-01
5.556427240371704102e-01 -5.588351488113403320e-01
5.555722117424011230e-01 -5.590432286262512207e-01
5.555014610290527344e-01 -5.592519640922546387e-01
5.554305315017700195e-01 -5.594612360000610352e-01
5.553594231605529785e-01 -5.596711039543151855e-01
5.552881360054016113e-01 -5.598815679550170898e-01
5.552166700363159180e-01 -5.600926280021667480e-01
5.551450252532958984e-01 -5.603042840957641602e-01
5.550732016563415527e-01 -5.605164766311645508e-01
5.550011992454528809e-01 -5.607293248176574707e-01
5.549290180206298828e-01 -5.609427690505981445e-01
5.548566579818725586e-01 -5.611567497253417969e-01
5.547841191291809082e-01 -5.613713860511779785e-01
5.547114014625549316e-01 -5.615865588188171387e-01
5.546385049819946289e-01 -5.618023872375488281e-01
5.545654296875000000e-01 -5.620187520980834961e-01
5.544921755790710449e-01 -5.622357726097106934e-01
5.544187426567077637e-01 -5.624533295631408691e-01
5.543451309204101562e-01 -5.626715421676635742e-01
5.542713403701782227e-01 -5.628903508186340332e-01
5.541973710060119629e-01 -5.631096959114074707e-01
5.541232228279113770e-01 -5.633296966552734375e-01
5.540488958358764648e-01 -5.635502934455871582e-01
5.539743304252624512e-01 -5.637714266777038574e-01
5.538996458053588867e-01 -5.639932155609130859e-01
5.538247823715209961e-01 -5.642156004905700684e-01
5.537496805191040039e-01 -5.644385814666748047e-01
5.536744594573974609e-01 -5.646621584892272949e-01
5.535990595817565918e-01 -5.648863911628723145e-01
5.535234212875366211e-01 -5.651111602783203125e-01
5.534476637840270996e-01 -5.653365850448608398e-01
5.533716678619384766e-01 -5.655625462532043457e-01
5.532954931259155273e-01 -5.657891631126403809e-01
5.532191991806030273e-01 -5.660163760185241699e-01
5.531426668167114258e-01 -5.662442445755004883e-01
5.530659556388854980e-01 -5.664726495742797852e-01
5.529890656471252441e-01 -5.667017102241516113e-01
5.529119968414306641e-01 -5.669313073158264160e-01
5.528347492218017578e-01 -5.671615600585937500e-01
5.527573227882385254e-01 -5.673924684524536133e-01
5.526797175407409668e-01 -5.676239132881164551e-01
5.526019334793090820e-01 -5.678560137748718262e-01
5.525239706039428711e-01 -5.680887103080749512e-01
5.524457693099975586e-01 -5.683220028877258301e-01
5.523674488067626953e-01 -5.685558915138244629e-01
5.522888898849487305e-01 -5.687904357910156250e-01
5.522102117538452148e-01 -5.690255761146545410e-01
5.521312952041625977e-01 -5.692613124847412109e-01
5.520521998405456543e-01 -5.694977045059204102e-01
5.519729256629943848e-01 -5.697346925735473633e-01
5.518934726715087891e-01 -5.699722766876220703e-01
5.518138408660888672e-01 -5.702105164527893066e-01
5.517340302467346191e-01 -5.704493522644042969e-01
5.516540408134460449e-01 -5.706887841224670410e-01
5.515738129615783691e-01 -5.709288716316223145e-01
5.514934659004211426e-01 -5.711695551872253418e-01
5.514128804206848145e-01 -5.714108347892761230e-01
5.513321161270141602e-01 -5.716527700424194336e-01
5.512512326240539551e-01 -5.718953013420104980e-01
5.511701107025146484e-01 -5.721384882926940918e-01
5.510888099670410156e-01 -5.723822712898254395e-01
5.510073304176330566e-01 -5.726266503334045410e-01
5.509256124496459961e-01 -5.728716850280761719e-01
5.508437752723693848e-01 -5.731173753738403320e-01
5.507616996765136719e-01 -5.733636617660522461e-01
5.506795048713684082e-01 -5.736105442047119141e-01
5.505970716476440430e-01 -5.738580822944641113e-01
5.505144596099853516e-01 -5.741062164306640625e-01
5.504316687583923340e-01 -5.743550062179565430e-01
5.503486990928649902e-01 -5.746043920516967773e-01
5.502654910087585449e-01 -5.748544335365295410e-01
5.501821637153625488e-01 -5.751050710678100586e-01
5.500985980033874512e-01 -5.753563642501831055e-01
5.500149130821228027e-01 -5.756082534790039062e-01
5.499309897422790527e-01 -5.758607983589172363e-01
5.498468875885009766e-01 -5.761139392852783203e-01
5.497626066207885742e-01 -5.763677954673767090e-01
5.496780872344970703e-01 -5.766221880912780762e-01
5.495934486389160156e-01 -5.768772363662719727e-01
5.495085716247558594e-01 -5.771329402923583984e-01
5.494235157966613770e-01 -5.773892998695373535e-01
5.493382811546325684e-01 -5.776462554931640625e-01
5.492528676986694336e-01 -5.779038071632385254e-01
5.491672754287719727e-01 -5.781620740890502930e-01
5.490814447402954102e-01 -5.784209370613098145e-01
5.489954948425292969e-01 -5.786803960800170898e-01
5.489093065261840820e-01 -5.789405107498168945e-01
5.488229393959045410e-01 -5.792012810707092285e-01
5.487363934516906738e-01 -5.794627070426940918e-01
5.486496090888977051e-01 -5.797247290611267090e-01
5.485627055168151855e-01 -5.799874067306518555e-01
5.484755635261535645e-01 -5.802507400512695312e-01
5.483882427215576172e-01 -5.805147290229797363e-01
5.483007431030273438e-01 -5.807793140411376953e-01
5.482130646705627441e-01 -5.810445547103881836e-01
5.481251478195190430e-01 -5.813103914260864258e-01
5.480371117591857910e-01 -5.815769433975219727e-01
5.479488372802734375e-01 -5.818440914154052734e-01
5.478603839874267578e-01 -5.821118950843811035e-01
5.477717518806457520e-01 -5.823803544044494629e-01
5.476828813552856445e-01 -5.826494097709655762e-01
5.475938916206359863e-01 -5.829191803932189941e-01
5.475046634674072266e-01 -5.831895470619201660e-01
5.474152565002441406e-01 -5.834605693817138672e-01
5.473256111145019531e-01 -5.837322473526000977e-01
5.472358465194702148e-01 -5.840045809745788574e-01
5.471458435058593750e-01 -5.842775106430053711e-01
5.470556616783142090e-01 -5.845511555671691895e-01
5.469653010368347168e-01 -5.848253965377807617e-01
5.468747615814208984e-01 -5.851002931594848633e-01
5.467839837074279785e-01 -5.853758454322814941e-01
5.466930270195007324e-01 -5.856520533561706543e-01
5.466018915176391602e-01 -5.859289169311523438e-01
5.465105772018432617e-01 -5.862064361572265625e-01
5.464190244674682617e-01 -5.864846110343933105e-01
5.463273525238037109e-01 -5.867633819580078125e-01
5.462354421615600586e-01 -5.870428681373596191e-01
5.461432933807373047e-01 -5.873230099678039551e-01
5.460510253906250000e-01 -5.876037478446960449e-01
5.459585189819335938e-01 -5.878852009773254395e-01
5.458658337593078613e-01 -5.881672501564025879e-01
5.457729697227478027e-01 -5.884500145912170410e-01
5.456799268722534180e-01 -5.887333750724792480e-01
5.455866456031799316e-01 -5.890174508094787598e-01
5.454931855201721191e-01 -5.893021225929260254e-01
5.453995466232299805e-01 -5.895875096321105957e-01
5.453056693077087402e-01 -5.898734927177429199e-01
5.452116131782531738e-01 -5.901601910591125488e-01
5.451173782348632812e-01 -5.904475450515747070e-01
5.450229644775390625e-01 -5.907355546951293945e-01
5.449283719062805176e-01 -5.910242199897766113e-01
5.448335409164428711e-01 -5.913135409355163574e-01
5.447385311126708984e-01 -5.916035175323486328e-01
5.446432828903198242e-01 -5.918941497802734375e-01
5.445479154586791992e-01 -5.921854376792907715e-01
5.444523096084594727e-01 -5.924774408340454102e-01
5.443565249443054199e-01 -5.927700400352478027e-01
5.442605018615722656e-01 -5.930633544921875000e-01
5.441642999649047852e-01 -5.933573246002197266e-01
5.440679192543029785e-01 -5.936519503593444824e-01
5.439713597297668457e-01 -5.939472317695617676e-01
5.438745617866516113e-01 -5.942431688308715820e-01
5.437775850296020508e-01 -5.945398211479187012e-01
5.436804294586181641e-01 -5.948371291160583496e-01
5.435830950736999512e-01 -5.951350927352905273e-01
5.434855222702026367e-01 -5.954337120056152344e-01
5.433877706527709961e-01 -5.957330465316772461e-01
5.432897806167602539e-01 -5.960329771041870117e-01
5.431916117668151855e-01 -5.963336229324340820e-01
5.430932641029357910e-01 -5.966349840164184570e-01
5.429947376251220703e-01 -5.969369411468505859e-01
5.428959727287292480e-01 -5.972396135330200195e-01
5.427970290184020996e-01 -5.975429415702819824e-01
5.426979064941406250e-01 -5.978469252586364746e-01
5.425985455513000488e-01 -5.981516242027282715e-01
5.424990057945251465e-01 -5.984569787979125977e-01
5.423992872238159180e-01 -5.987629890441894531e-01
5.422993898391723633e-01 -5.990697145462036133e-01
5.421992540359497070e-01 -5.993770956993103027e-01
5.420988798141479492e-01 -5.996851325035095215e-01
5.419983863830566406e-01 -5.999938845634460449e-01
5.418976545333862305e-01 -6.003032922744750977e-01
5.417967438697814941e-01 -6.006133556365966797e-01
5.416955947875976562e-01 -6.009241342544555664e-01
5.415942668914794922e-01 -6.012356281280517578e-01
5.414927601814270020e-01 -6.015477180480957031e-01
5.413910150527954102e-01 -6.018605232238769531e-01
5.412890911102294922e-01 -6.021740436553955078e-01
5.411869883537292480e-01 -6.024882197380065918e-01
5.410846471786499023e-01 -6.028030514717102051e-01
5.409821271896362305e-01 -6.031185984611511230e-01
5.408794283866882324e-01 -6.034348011016845703e-01
5.407764911651611328e-01 -6.037517189979553223e-01
5.406733751296997070e-01 -6.040693521499633789e-01
5.405700206756591797e-01 -6.043875813484191895e-01
5.404664874076843262e-01 -6.047065854072570801e-01
5.403627753257751465e-01 -6.050262451171875000e-01
5.402588248252868652e-01 -6.053465604782104492e-01
5.401546955108642578e-01 -6.056675910949707031e-01
5.400503873825073242e-01 -6.059892773628234863e-01
5.399458408355712891e-01 -6.063116788864135742e-01
5.398411154747009277e-01 -6.066347956657409668e-01
5.397362112998962402e-01 -6.069585680961608887e-01
5.396310687065124512e-01 -6.072829961776733398e-01
5.395257472991943359e-01 -6.076081991195678711e-01
5.394201874732971191e-01 -6.079340577125549316e-01
5.393144488334655762e-01 -6.082605719566345215e-01
5.392085313796997070e-01 -6.085878014564514160e-01
5.391023755073547363e-01 -6.089157462120056152e-01
5.389959812164306641e-01 -6.092443466186523438e-01
5.388894677162170410e-01 -6.095736622810363770e-01
5.387827157974243164e-01 -6.099036931991577148e-01
5.386757254600524902e-01 -6.102343797683715820e-01
5.385686159133911133e-01 -6.105657815933227539e-01
5.384612083435058594e-01 -6.108978986740112305e-01
5.383536815643310547e-01 -6.112307310104370117e-01
5.382459163665771484e-01 -6.115642189979553223e-01
5.381379127502441406e-01 -6.118984222412109375e-01
5.380297303199768066e-01 -6.122332811355590820e-01
5.379213690757751465e-01 -6.125688552856445312e-01
5.378127694129943848e-01 -6.129051446914672852e-01
5.377039909362792969e-01 -6.132421493530273438e-01
5.375950336456298828e-01 -6.135798692703247070e-01
5.374858379364013672e-01 -6.139182448387145996e-01
5.373764038085937500e-01 -6.142573356628417969e-01
5.372667908668518066e-01 -6.145971417427062988e-01
5.371569991111755371e-01 -6.149376630783081055e-01
5.370469689369201660e-01 -6.152788400650024414e-01
5.369367599487304688e-01 -6.156207323074340820e-01
5.368263125419616699e-01 -6.159633398056030273e-01
5.367156863212585449e-01 -6.163066625595092773e-01
5.366048812866210938e-01 -6.166507005691528320e-01
5.364938378334045410e-01 -6.169954538345336914e-01
5.363826155662536621e-01 -6.173408627510070801e-01
5.362711548805236816e-01 -6.176870465278625488e-01
5.361594557762145996e-01 -6.180338859558105469e-01
5.360476374626159668e-01 -6.183814406394958496e-01
5.359355211257934570e-01 -6.187297105789184570e-01
5.358232855796813965e-01 -6.190786957740783691e-01
5.357108116149902344e-01 -6.194283962249755859e-01
5.355980992317199707e-01 -6.197788119316101074e-01
5.354852080345153809e-01 -6.201299428939819336e-01
5.353720784187316895e-01 -6.204817891120910645e-01
5.352587699890136719e-01 -6.208342909812927246e-01
5.351452827453613281e-01 -6.211875677108764648e-01
5.350315570831298828e-01 -6.215415596961975098e-01
5.349176526069641113e-01 -6.218962073326110840e-01
5.348035097122192383e-01 -6.222516298294067383e-01
5.346891283988952637e-01 -6.226077079772949219e-01
5.345745682716369629e-01 -6.229645609855651855e-01
5.344598293304443359e-01 -6.233221292495727539e-01
5.343448519706726074e-01 -6.236803531646728516e-01
5.342296957969665527e-01 -6.240393519401550293e-01
5.341143012046813965e-01 -6.243990659713745117e-01
5.339987277984619141e-01 -6.247594952583312988e-01
5.338829159736633301e-01 -6.251206398010253906e-01
5.337669253349304199e-01 -6.254824995994567871e-01
5.336506962776184082e-01 -6.258450746536254883e-01
5.335342288017272949e-01 -6.262083649635314941e-01
5.334176421165466309e-01 -6.265723705291748047e-01
5.333007574081420898e-01 -6.269371509552001953e-01
5.331836938858032227e-01 -6.273025870323181152e-01
5.330664515495300293e-01 -6.276687979698181152e-01
5.329489707946777344e-01 -6.280357241630554199e-01
5.328313112258911133e-01 -6.284033656120300293e-01
5.327134132385253906e-01 -6.287717223167419434e-01
5.325952768325805664e-01 -6.291408538818359375e-01
5.324769616127014160e-01 -6.295106410980224609e-01
5.323584675788879395e-01 -6.298812031745910645e-01
5.322397351264953613e-01 -6.302524805068969727e-01
5.321207642555236816e-01 -6.306244730949401855e-01
5.320016145706176758e-01 -6.309971809387207031e-01
5.318822860717773438e-01 -6.313706636428833008e-01
5.317627191543579102e-01 -6.317448616027832031e-01
5.316429138183593750e-01 -6.321197748184204102e-01
5.315229296684265137e-01 -6.324954032897949219e-01
5.314027070999145508e-01 -6.328718066215515137e-01
5.312823057174682617e-01 -6.332489252090454102e-01
5.311616659164428711e-01 -6.336267590522766113e-01
5.310407876968383789e-01 -6.340053081512451172e-01
5.309197306632995605e-01 -6.343846321105957031e-01
5.307984948158264160e-01 -6.347646713256835938e-01
5.306770205497741699e-01 -6.351454854011535645e-01
5.305553078651428223e-01 -6.355270147323608398e-01
5.304334163665771484e-01 -6.359092593193054199e-01
5.303112864494323730e-01 -6.362922191619873047e-01
5.301889777183532715e-01 -6.366759538650512695e-01
5.300664305686950684e-01 -6.370604038238525391e-01
5.299437046051025391e-01 -6.374456286430358887e-01
5.298207402229309082e-01 -6.378315687179565430e-01
5.296975374221801758e-01 -6.382182240486145020e-01
5.295741558074951172e-01 -6.386056542396545410e-01
5.294505357742309570e-01 -6.389938592910766602e-01
5.293267369270324707e-01 -6.393827199935913086e-01
5.292026996612548828e-01 -6.397723555564880371e-01
5.290784239768981934e-01 -6.401627659797668457e-01
5.289539694786071777e-01 -6.405538916587829590e-01
5.288293361663818359e-01 -6.409457325935363770e-01
5.287044644355773926e-01 -6.413383483886718750e-01
5.285793542861938477e-01 -6.417317390441894531e-01
5.284540057182312012e-01 -6.421258449554443359e-01
5.283284783363342285e-01 -6.425206661224365234e-01
5.282027721405029297e-01 -6.429162621498107910e-01
5.280767679214477539e-01 -6.433126330375671387e-01
5.279505848884582520e-01 -6.437097191810607910e-01
5.278242230415344238e-01 -6.441075205802917480e-01
5.276976227760314941e-01 -6.445061564445495605e-01
5.275707840919494629e-01 -6.449054479598999023e-01
5.274437665939331055e-01 -6.453055739402770996e-01
5.273165106773376465e-01 -6.457063555717468262e-01
5.271890759468078613e-01 -6.461079716682434082e-01
5.270613431930541992e-01 -6.465103030204772949e-01
5.269334912300109863e-01 -6.469134092330932617e-01
5.268053412437438965e-01 -6.473172307014465332e-01
5.266770124435424805e-01 -6.477218270301818848e-01
5.265485048294067383e-01 -6.481271386146545410e-01
5.264196991920471191e-01 -6.485332846641540527e-01
5.262907743453979492e-01 -6.489401459693908691e-01
5.261615514755249023e-01 -6.493477225303649902e-01
5.260321497917175293e-01 -6.497560739517211914e-01
5.259025096893310547e-01 -6.501652002334594727e-01
5.257726907730102539e-01 -6.505751013755798340e-01
5.256426334381103516e-01 -6.509857177734375000e-01
5.255123376846313477e-01 -6.513971090316772461e-01
5.253818631172180176e-01 -6.518092751502990723e-01
5.252510905265808105e-01 -6.522221565246582031e-01
5.251201987266540527e-01 -6.526358127593994141e-01
5.249890089035034180e-01 -6.530502438545227051e-01
5.248576998710632324e-01 -6.534654498100280762e-01
5.247260928153991699e-01 -6.538814306259155273e-01
5.245943069458007812e-01 -6.542981266975402832e-01
5.244622826576232910e-01 -6.547155976295471191e-01
5.243300199508666992e-01 -6.551338434219360352e-01
5.241975784301757812e-01 -6.555528640747070312e-01
5.240648984909057617e-01 -6.559725999832153320e-01
5.239319801330566406e-01 -6.563931107521057129e-01
5.237988829612731934e-01 -6.568144559860229492e-01
5.236655473709106445e-01 -6.572365164756774902e-01
5.235319733619689941e-01 -6.576592922210693359e-01
5.233982205390930176e-01 -6.580829024314880371e-01
5.232642292976379395e-01 -6.585072875022888184e-01
5.231299996376037598e-01 -6.589323878288269043e-01
5.229955911636352539e-01 -6.593583226203918457e-01
5.228609442710876465e-01 -6.597849726676940918e-01
5.227260589599609375e-01 -6.602123975753784180e-01
5.225909352302551270e-01 -6.606405973434448242e-01
5.224556326866149902e-01 -6.610695719718933105e-01
5.223200917243957520e-01 -6.614993214607238770e-01
5.221843719482421875e-01 -6.619298458099365234e-01
5.220483541488647461e-01 -6.623611450195312500e-01
5.219121575355529785e-01 -6.627932190895080566e-01
5.217757821083068848e-01 -6.632260680198669434e-01
5.216391086578369141e-01 -6.636596918106079102e-01
5.215022563934326172e-01 -6.640940308570861816e-01
5.213652253150939941e-01 -6.645292043685913086e-01
5.212278962135314941e-01 -6.649651527404785156e-01
5.210903882980346680e-01 -6.654018759727478027e-01
5.209526419639587402e-01 -6.658393740653991699e-01
5.208146572113037109e-01 -6.662776470184326172e-01
5.206764936447143555e-01 -6.667166948318481445e-01
5.205380916595458984e-01 -6.671565175056457520e-01
5.203994512557983398e-01 -6.675971150398254395e-01
5.202605724334716797e-01 -6.680384874343872070e-01
5.201215147972106934e-01 -6.684806942939758301e-01
5.199822187423706055e-01 -6.689236164093017578e-01
5.198426842689514160e-01 -6.693673729896545410e-01
5.197029113769531250e-01 -6.698118448257446289e-01
5.195629596710205078e-01 -6.702571511268615723e-01
5.194227695465087891e-01 -6.707032322883605957e-01
5.192823410034179688e-01 -6.711500883102416992e-01
5.191417336463928223e-01 -6.715977787971496582e-01
5.190008878707885742e-01 -6.720461845397949219e-01
5.188598036766052246e-01 -6.724954247474670410e-01
5.187184810638427734e-01 -6.729453802108764648e-01
5.185769200325012207e-01 -6.733961701393127441e-01
5.184351801872253418e-01 -6.738477945327758789e-01
5.182932019233703613e-01 -6.743001341819763184e-01
5.181509852409362793e-01 -6.747533082962036133e-01
5.180085897445678711e-01 -6.752071976661682129e-01
5.178658962249755859e-01 -6.756619215011596680e-01
5.177230238914489746e-01 -6.761174798011779785e-01
5.175799131393432617e-01 -6.765737533569335938e-01
5.174366235733032227e-01 -6.770308613777160645e-01
5.172930359840393066e-01 -6.774887442588806152e-01
5.171492695808410645e-01 -6.779474616050720215e-01
5.170052647590637207e-01 -6.784069538116455078e-01
5.168610215187072754e-01 -6.788672208786010742e-01
5.167165994644165039e-01 -6.793282628059387207e-01
5.165718793869018555e-01 -6.797901391983032227e-01
5.164269804954528809e-01 -6.802527904510498047e-01
5.162818431854248047e-01 -6.807162165641784668e-01
5.161365270614624023e-01 -6.811804771423339844e-01
5.159909129142761230e-01 -6.816455125808715820e-01
5.158451199531555176e-01 -6.821113824844360352e-01
5.156990885734558105e-01 -6.825780272483825684e-01
5.155528187751770020e-01 -6.830454468727111816e-01
5.154063105583190918e-01 -6.835137009620666504e-01
5.152596235275268555e-01 -6.839827299118041992e-01
5.151126384735107422e-01 -6.844525337219238281e-01
5.149654746055603027e-01 -6.849231719970703125e-01
5.148180723190307617e-01 -6.853945851325988770e-01
5.146704912185668945e-01 -6.858668327331542969e-01
5.145226120948791504e-01 -6.863399147987365723e-01
5.143745541572570801e-01 -6.868137121200561523e-01
5.142261981964111328e-01 -6.872884035110473633e-01
5.140776634216308594e-01 -6.877638101577758789e-01
5.139288902282714844e-01 -6.882401108741760254e-01
5.137799382209777832e-01 -6.887171268463134766e-01
5.136306881904602051e-01 -6.891950368881225586e-01
5.134812593460083008e-01 -6.896736621856689453e-01
5.133315920829772949e-01 -6.901531815528869629e-01
5.131816864013671875e-01 -6.906334757804870605e-01
5.130315423011779785e-01 -6.911145448684692383e-01
5.128811597824096680e-01 -6.915964484214782715e-01
5.127305388450622559e-01 -6.920791864395141602e-01
5.125797390937805176e-01 -6.925626993179321289e-01
5.124287009239196777e-01 -6.930470466613769531e-01
5.122774243354797363e-01 -6.935321688652038574e-01
5.121259093284606934e-01 -6.940181255340576172e-01
5.119741559028625488e-01 -6.945048570632934570e-01
5.118221640586853027e-01 -6.949924826622009277e-01
5.116699934005737305e-01 -6.954808235168457031e-01
5.115175247192382812e-01 -6.959700584411621094e-01
5.113648772239685059e-01 -6.964600682258605957e-01
5.112119913101196289e-01 -6.969509124755859375e-01
5.110588669776916504e-01 -6.974425315856933594e-01
5.109055042266845703e-01 -6.979350447654724121e-01
5.107519626617431641e-01 -6.984283328056335449e-01
5.105981230735778809e-01 -6.989223957061767578e-01
5.104440450668334961e-01 -6.994172930717468262e-01
5.102897882461547852e-01 -6.999130249023437500e-01
5.101352930068969727e-01 -7.004095911979675293e-01
5.099805593490600586e-01 -7.009069919586181641e-01
5.098255872726440430e-01 -7.014051675796508789e-01
5.096703767776489258e-01 -7.019041776657104492e-01
5.095149278640747070e-01 -7.024040222167968750e-01
5.093592405319213867e-01 -7.029046416282653809e-01
5.092033743858337402e-01 -7.034061551094055176e-01
5.090472102165222168e-01 -7.039084434509277344e-01
5.088908672332763672e-01 -7.044115662574768066e-01
5.087342858314514160e-01 -7.049155235290527344e-01
5.085774660110473633e-01 -7.054202556610107422e-01
5.084204077720642090e-01 -7.059258818626403809e-01
5.082631111145019531e-01 -7.064322829246520996e-01
5.081055760383605957e-01 -7.069395184516906738e-01
5.079478025436401367e-01 -7.074475884437561035e-01
5.077897906303405762e-01 -7.079564929008483887e-01
5.076315999031066895e-01 -7.084662318229675293e-01
5.074731111526489258e-01 -7.089768052101135254e-01
5.073144435882568359e-01 -7.094881534576416016e-01
5.071554780006408691e-01 -7.100003957748413086e-01
5.069963335990905762e-01 -7.105134129524230957e-01
5.068369507789611816e-01 -7.110273241996765137e-01
5.066773295402526855e-01 -7.115420103073120117e-01
5.065174698829650879e-01 -7.120575308799743652e-01
5.063573718070983887e-01 -7.125739455223083496e-01
5.061970353126525879e-01 -7.130911350250244141e-01
5.060364603996276855e-01 -7.136091589927673340e-01
5.058756470680236816e-01 -7.141280174255371094e-01
5.057145953178405762e-01 -7.146477103233337402e-01
5.055533051490783691e-01 -7.151682376861572266e-01
5.053918361663818359e-01 -7.156896591186523438e-01
5.052300691604614258e-01 -7.162118554115295410e-01
5.050681233406066895e-01 -7.167348861694335938e-01
5.049058794975280762e-01 -7.172587513923645020e-01
5.047434568405151367e-01 -7.177835106849670410e-01
5.045807361602783203e-01 -7.183090448379516602e-01
5.044178366661071777e-01 -7.188354730606079102e-01
5.042546987533569336e-01 -7.193626761436462402e-01
5.040912628173828125e-01 -7.198907732963562012e-01
5.039276480674743652e-01 -7.204197049140930176e-01
5.037637948989868164e-01 -7.209494709968566895e-01
5.035997033119201660e-01 -7.214800715446472168e-01
5.034353137016296387e-01 -7.220115065574645996e-01
5.032707452774047852e-01 -7.225437760353088379e-01
5.031059384346008301e-01 -7.230769395828247070e-01
5.029408931732177734e-01 -7.236108779907226562e-01
5.027756094932556152e-01 -7.241457104682922363e-01
5.026100873947143555e-01 -7.246813774108886719e-01
5.024443268775939941e-01 -7.252178788185119629e-01
5.022783279418945312e-01 -7.257552146911621094e-01
5.021120905876159668e-01 -7.262934446334838867e-01
5.019456148147583008e-01 -7.268325090408325195e-01
5.017789006233215332e-01 -7.273724079132080078e-01
5.016119480133056641e-01 -7.279131412506103516e-01
5.014447569847106934e-01 -7.284547090530395508e-01
5.012773275375366211e-01 -7.289971709251403809e-01
5.011096596717834473e-01 -7.295404672622680664e-01
5.009417533874511719e-01 -7.300845980644226074e-01
5.007736086845397949e-01 -7.306296229362487793e-01
5.006051659584045410e-01 -7.311754822731018066e-01
5.004365444183349609e-01 -7.317221760749816895e-01
5.002676844596862793e-01 -7.322697043418884277e-01
5.000985860824584961e-01 -7.328181266784667969e-01
4.999292492866516113e-01 -7.333673834800720215e-01
4.997596740722656250e-01 -7.339174747467041016e-01
4.995898604393005371e-01 -7.344684600830078125e-01
4.994198083877563477e-01 -7.350202798843383789e-01
4.992494881153106689e-01 -7.355729937553405762e-01
4.990789592266082764e-01 -7.361265420913696289e-01
4.989081621170043945e-01 -7.366809248924255371e-01
4.987371563911437988e-01 -7.372361421585083008e-01
4.985658824443817139e-01 -7.377923130989074707e-01
4.983943700790405273e-01 -7.383492588996887207e-01
4.982226490974426270e-01 -7.389070987701416016e-01
4.980506598949432373e-01 -7.394657731056213379e-01
4.978784322738647461e-01 -7.400253415107727051e-01
4.977059662342071533e-01 -7.405857443809509277e-01
4.975332617759704590e-01 -7.411470413208007812e-01
4.973602890968322754e-01 -7.417091727256774902e-01
4.971871078014373779e-01 -7.422721982002258301e-01
4.970136582851409912e-01 -7.428360581398010254e-01
4.968400001525878906e-01 -7.434007525444030762e-01
4.966660737991333008e-01 -7.439664006233215332e-01
4.964919090270996094e-01 -7.445328235626220703e-01
4.963175058364868164e-01 -7.451001405715942383e-01
4.961428642272949219e-01 -7.456683516502380371e-01
4.959679841995239258e-01 -7.462373971939086914e-01
4.957928657531738281e-01 -7.468073368072509766e-01
4.956174790859222412e-01 -7.473781704902648926e-01
4.954418838024139404e-01 -7.479498386383056641e-01
4.952660202980041504e-01 -7.485223412513732910e-01
4.950899183750152588e-01 -7.490957379341125488e-01
4.949135780334472656e-01 -7.496700286865234375e-01
4.947369992733001709e-01 -7.502451539039611816e-01
4.945601522922515869e-01 -7.508211731910705566e-01
4.943830668926239014e-01 -7.513980865478515625e-01
4.942057728767395020e-01 -7.519758343696594238e-01
4.940282106399536133e-01 -7.525544762611389160e-01
4.938503801822662354e-01 -7.531340122222900391e-01
4.936723411083221436e-01 -7.537143826484680176e-01
4.934940338134765625e-01 -7.542956471443176270e-01
4.933155179023742676e-01 -7.548777461051940918e-01
4.931367337703704834e-01 -7.554607987403869629e-01
4.929577112197875977e-01 -7.560446858406066895e-01
4.927784204483032227e-01 -7.566294074058532715e-01
4.925989210605621338e-01 -7.572150826454162598e-01
4.924191534519195557e-01 -7.578015923500061035e-01
4.922391474246978760e-01 -7.583889961242675781e-01
4.920588731765747070e-01 -7.589772939682006836e-01
4.918783903121948242e-01 -7.595664262771606445e-01
4.916976392269134521e-01 -7.601564526557922363e-01
4.915166497230529785e-01 -7.607473731040954590e-01
4.913354218006134033e-01 -7.613391876220703125e-01
4.911539256572723389e-01 -7.619318962097167969e-01
4.909721910953521729e-01 -7.625254392623901367e-01
4.907902181148529053e-01 -7.631198763847351074e-01
4.906080067157745361e-01 -7.637152075767517090e-01
4.904255270957946777e-01 -7.643114328384399414e-01
4.902428388595581055e-01 -7.649085521697998047e-01
4.900598526000976562e-01 -7.655065655708312988e-01
4.898766577243804932e-01 -7.661054134368896484e-01
4.896931946277618408e-01 -7.667051553726196289e-01
4.895094931125640869e-01 -7.673058509826660156e-01
4.893255531787872314e-01 -7.679073810577392578e-01
4.891413450241088867e-01 -7.685098052024841309e-01
4.889568984508514404e-01 -7.691131234169006348e-01
4.887722134590148926e-01 -7.697173357009887695e-01
4.885872900485992432e-01 -7.703223824501037598e-01
4.884020984172821045e-01 -7.709283828735351562e-01
4.882166683673858643e-01 -7.715352773666381836e-01
4.880309700965881348e-01 -7.721430063247680664e-01
4.878450334072113037e-01 -7.727516889572143555e-01
4.876588582992553711e-01 -7.733612656593322754e-01
4.874724447727203369e-01 -7.739716768264770508e-01
4.872857630252838135e-01 -7.745830416679382324e-01
4.870988428592681885e-01 -7.751953005790710449e-01
4.869116544723510742e-01 -7.758083939552307129e-01
4.867242276668548584e-01 -7.764224410057067871e-01
4.865365624427795410e-01 -7.770373821258544922e-01
4.863486289978027344e-01 -7.776531577110290527e-01
4.861604571342468262e-01 -7.782698869705200195e-01
4.859720468521118164e-01 -7.788875102996826172e-01
4.857833683490753174e-01 -7.795060276985168457e-01
4.855944514274597168e-01 -7.801254391670227051e-01
4.854052662849426270e-01 -7.807457447052001953e-01
4.852158427238464355e-01 -7.813669443130493164e-01
4.850261807441711426e-01 -7.819890975952148438e-01
4.848362505435943604e-01 -7.826120853424072266e-01
4.846460819244384766e-01 -7.832360267639160156e-01
4.844556450843811035e-01 -7.838608026504516602e-01
4.842649698257446289e-01 -7.844865322113037109e-01
4.840740561485290527e-01 -7.851131558418273926e-01
4.838828742504119873e-01 -7.857407331466674805e-01
4.836914539337158203e-01 -7.863691449165344238e-01
4.834997653961181641e-01 -7.869985103607177734e-01
4.833078384399414062e-01 -7.876287102699279785e-01
4.831156730651855469e-01 -7.882598638534545898e-01
4.829232394695281982e-01 -7.888919711112976074e-01
4.827305376529693604e-01 -7.895249128341674805e-01
4.825375974178314209e-01 -7.901588082313537598e-01
4.823444187641143799e-01 -7.907935976982116699e-01
4.821509718894958496e-01 -7.914292812347412109e-01
4.819572865962982178e-01 -7.920658588409423828e-01
4.817633330821990967e-01 -7.927033901214599609e-01
4.815691411495208740e-01 -7.933418154716491699e-01
4.813746809959411621e-01 -7.939811348915100098e-01
4.811799824237823486e-01 -7.946214079856872559e-01
4.809850156307220459e-01 -7.952625751495361328e-01
4.807898104190826416e-01 -7.959046363830566406e-01
4.805943369865417480e-01 -7.965476512908935547e-01
4.803986251354217529e-01 -7.971915006637573242e-01
4.802026450634002686e-01 -7.978363633155822754e-01
4.800064265727996826e-01 -7.984820604324340820e-01
4.798099398612976074e-01 -7.991287112236022949e-01
4.796132147312164307e-01 -7.997763156890869141e-01
4.794162213802337646e-01 -8.004247546195983887e-01
4.792189896106719971e-01 -8.010741472244262695e-01
4.790214896202087402e-01 -8.017244935035705566e-01
4.788237512111663818e-01 -8.023757338523864746e-01
4.786257445812225342e-01 -8.030278682708740234e-01
4.784274995326995850e-01 -8.036809563636779785e-01
4.782289862632751465e-01 -8.043349385261535645e-01
4.780302047729492188e-01 -8.049898743629455566e-01
4.778311848640441895e-01 -8.056457042694091797e-01
4.776318967342376709e-01 -8.063024878501892090e-01
4.774323701858520508e-01 -8.069601655006408691e-01
4.772325754165649414e-01 -8.076187968254089355e-01
4.770325422286987305e-01 -8.082783222198486328e-01
4.768322408199310303e-01 -8.089387416839599609e-01
4.766316711902618408e-01 -8.096001744270324707e-01
4.764308631420135498e-01 -8.102624416351318359e-01
4.762297868728637695e-01 -8.109256625175476074e-01
4.760284721851348877e-01 -8.115898370742797852e-01
4.758268892765045166e-01 -8.122549653053283691e-01
4.756250679492950439e-01 -8.129209280014038086e-01
4.754229485988616943e-01 -8.135879039764404297e-01
4.752206206321716309e-01 -8.142557740211486816e-01
4.750179946422576904e-01 -8.149245977401733398e-01
4.748151302337646484e-01 -8.155943155288696289e-01
4.746120274066925049e-01 -8.162649869918823242e-01
4.744086265563964844e-01 -8.169365525245666504e-01
4.742049872875213623e-01 -8.176090717315673828e-01
4.740011096000671387e-01 -8.182825446128845215e-01
4.737969636917114258e-01 -8.189569115638732910e-01
4.735925495624542236e-01 -8.196322917938232422e-01
4.733878672122955322e-01 -8.203085064888000488e-01
4.731829464435577393e-01 -8.209857344627380371e-01
4.729777574539184570e-01 -8.216638565063476562e-01
4.727723300457000732e-01 -8.223429322242736816e-01
4.725666344165802002e-01 -8.230229020118713379e-01
4.723606705665588379e-01 -8.237038254737854004e-01
4.721544384956359863e-01 -8.243857026100158691e-01
4.719479680061340332e-01 -8.250685334205627441e-01
4.717412292957305908e-01 -8.257522583007812500e-01
4.715342521667480469e-01 -8.264369964599609375e-01
4.713269770145416260e-01 -8.271226286888122559e-01
4.711194634437561035e-01 -8.278091549873352051e-01
4.709117114543914795e-01 -8.284966945648193359e-01
4.707036614418029785e-01 -8.291851282119750977e-01
4.704953730106353760e-01 -8.298745155334472656e-01
4.702868163585662842e-01 -8.305648565292358398e-01
4.700780212879180908e-01 -8.312561511993408203e-01
4.698689281940460205e-01 -8.319483995437622070e-01
4.696595966815948486e-01 -8.326415419578552246e-01
4.694500267505645752e-01 -8.333356380462646484e-01
4.692401587963104248e-01 -8.340306878089904785e-01
4.690300524234771729e-01 -8.347266912460327148e-01
4.688196778297424316e-01 -8.354236483573913574e-01
4.686090350151062012e-01 -8.361215591430664062e-01
4.683981239795684814e-01 -8.368204236030578613e-01
4.681869745254516602e-01 -8.375201821327209473e-01
4.679755568504333496e-01 -8.382209539413452148e-01
4.677638709545135498e-01 -8.389226198196411133e-01
4.675519466400146484e-01 -8.396252989768981934e-01
4.673397243022918701e-01 -8.403288722038269043e-01
4.671272635459899902e-01 -8.410333991050720215e-01
4.669145345687866211e-01 -8.417388796806335449e-01
4.667015373706817627e-01 -8.424453735351562500e-01
4.664883017539978027e-01 -8.431527614593505859e-01
4.662747681140899658e-01 -8.438611030578613281e-01
4.660609960556030273e-01 -8.445703983306884766e-01
4.658469557762145996e-01 -8.452806472778320312e-01
4.656326770782470703e-01 -8.459918498992919922e-01
4.654181003570556641e-01 -8.467040657997131348e-01
4.652032554149627686e-01 -8.474171757698059082e-01
4.649881720542907715e-01 -8.481312394142150879e-01
4.647728204727172852e-01 -8.488462567329406738e-01
4.645572006702423096e-01 -8.495622873306274414e-01
4.643413126468658447e-01 -8.502792119979858398e-01
4.641251862049102783e-01 -8.509971499443054199e-01
4.639087617397308350e-01 -8.517160415649414062e-01
4.636920988559722900e-01 -8.524358272552490234e-01
4.634751677513122559e-01 -8.531566262245178223e-01
4.632579684257507324e-01 -8.538783788681030273e-01
4.630405008792877197e-01 -8.546011447906494141e-01
4.628227651119232178e-01 -8.553248047828674316e-01
4.626047611236572266e-01 -8.560494184494018555e-01
4.623865187168121338e-01 -8.567750453948974609e-01
4.621679782867431641e-01 -8.575016260147094727e-01
4.619491994380950928e-01 -8.582291603088378906e-01
4.617301523685455322e-01 -8.589576482772827148e-01
4.615108370780944824e-01 -8.596870899200439453e-01
4.612912535667419434e-01 -8.604175448417663574e-01
4.610714018344879150e-01 -8.611489534378051758e-01
4.608512818813323975e-01 -8.618813157081604004e-01
4.606308937072753906e-01 -8.626146316528320312e-01
4.604102373123168945e-01 -8.633489012718200684e-01
4.601893424987792969e-01 -8.640841841697692871e-01
4.599681496620178223e-01 -8.648204207420349121e-01
4.597467184066772461e-01 -8.655576109886169434e-01
4.595249891281127930e-01 -8.662958145141601562e-01
4.593030214309692383e-01 -8.670349717140197754e-01
4.590807855129241943e-01 -8.677750825881958008e-01
4.588582515716552734e-01 -8.685162067413330078e-01
4.586354792118072510e-01 -8.692582249641418457e-01
4.584124386310577393e-01 -8.700012564659118652e-01
4.581891298294067383e-01 -8.707453012466430664e-01
4.579655528068542480e-01 -8.714902997016906738e-01
4.577417075634002686e-01 -8.722362518310546875e-01
4.575175940990447998e-01 -8.729832172393798828e-01
4.572932124137878418e-01 -8.737310767173767090e-01
4.570685625076293945e-01 -8.744800090789794922e-01
4.568436443805694580e-01 -8.752298951148986816e-01
4.566184580326080322e-01 -8.759807348251342773e-01
4.563930034637451172e-01 -8.767325282096862793e-01
4.561672806739807129e-01 -8.774853348731994629e-01
4.559412896633148193e-01 -8.782391548156738281e-01
4.557150304317474365e-01 -8.789938688278198242e-01
4.554885029792785645e-01 -8.797496557235717773e-01
4.552617073059082031e-01 -8.805063962936401367e-01
4.550346434116363525e-01 -8.812640905380249023e-01
4.548072814941406250e-01 -8.820227980613708496e-01
4.545796811580657959e-01 -8.827824592590332031e-01
4.543518126010894775e-01 -8.835430741310119629e-01
4.541236758232116699e-01 -8.843047618865966797e-01
4.538952708244323730e-01 -8.850673437118530273e-01
4.536665678024291992e-01 -8.858309984207153320e-01
4.534376263618469238e-01 -8.865956068038940430e-01
4.532083868980407715e-01 -8.873611688613891602e-01
4.529789090156555176e-01 -8.881277441978454590e-01
4.527491331100463867e-01 -8.888952732086181641e-01
4.525191187858581543e-01 -8.896638154983520508e-01
4.522888064384460449e-01 -8.904333710670471191e-01
4.520582258701324463e-01 -8.912038803100585938e-01
4.518273770809173584e-01 -8.919754028320312500e-01
4.515962600708007812e-01 -8.927479386329650879e-01
4.513648748397827148e-01 -8.935214281082153320e-01
4.511332213878631592e-01 -8.942959308624267578e-01
4.509012997150421143e-01 -8.950713872909545898e-01
4.506690800189971924e-01 -8.958478569984436035e-01
4.504366219043731689e-01 -8.966253399848937988e-01
4.502038657665252686e-01 -8.974037766456604004e-01
4.499708712100982666e-01 -8.981832265853881836e-01
4.497375786304473877e-01 -8.989636898040771484e-01
4.495040178298950195e-01 -8.997451066970825195e-01
4.492701888084411621e-01 -9.005275368690490723e-01
4.490360617637634277e-01 -9.013109803199768066e-01
4.488016963005065918e-01 -9.020954370498657227e-01
4.485670328140258789e-01 -9.028808474540710449e-01
4.483321309089660645e-01 -9.036672711372375488e-01
4.480969309806823730e-01 -9.044547080993652344e-01
4.478614628314971924e-01 -9.052431583404541016e-01
4.476257264614105225e-01 -9.060325622558593750e-01
4.473896920680999756e-01 -9.068229794502258301e-01
4.471534192562103271e-01 -9.076144099235534668e-01
4.469168484210968018e-01 -9.084068536758422852e-01
4.466800093650817871e-01 -9.092002511024475098e-01
4.464429020881652832e-01 -9.099947214126586914e-01
4.462055265903472900e-01 -9.107901453971862793e-01
4.459678530693054199e-01 -9.115865826606750488e-01
4.457299411296844482e-01 -9.123840332031250000e-01
4.454917311668395996e-01 -9.131824970245361328e-01
4.452532529830932617e-01 -9.139819145202636719e-01
4.450144767761230469e-01 -9.147824048995971680e-01
4.447754621505737305e-01 -9.155838489532470703e-01
4.445361495018005371e-01 -9.163863658905029297e-01
4.442965686321258545e-01 -9.171898365020751953e-01
4.440567195415496826e-01 -9.179943203926086426e-01
4.438166022300720215e-01 -9.187998175621032715e-01
4.435761868953704834e-01 -9.196063280105590820e-01
4.433355033397674561e-01 -9.204138517379760742e-01
4.430945515632629395e-01 -9.212223887443542480e-01
4.428533315658569336e-01 -9.220319390296936035e-01
4.426118135452270508e-01 -9.228425025939941406e-01
4.423700273036956787e-01 -9.236540794372558594e-01
4.421279728412628174e-01 -9.244666099548339844e-01
4.418856203556060791e-01 -9.252802133560180664e-01
4.416430294513702393e-01 -9.260948300361633301e-01
4.414001405239105225e-01 -9.269104599952697754e-01
4.411569535732269287e-01 -9.277271032333374023e-01
4.409135282039642334e-01 -9.285447597503662109e-01
4.406698048114776611e-01 -9.293634295463562012e-01
4.404258131980895996e-01 -9.301831126213073730e-01
4.401815235614776611e-01 -9.310038089752197266e-01
4.399369955062866211e-01 -9.318255186080932617e-01
4.396921396255493164e-01 -9.326482415199279785e-01
4.394470453262329102e-01 -9.334719777107238770e-01
4.392016530036926270e-01 -9.342967867851257324e-01
4.389559924602508545e-01 -9.351226091384887695e-01
4.387100636959075928e-01 -9.359493851661682129e-01
4.384638369083404541e-01 -9.367772340774536133e-01
4.382173418998718262e-01 -9.376060962677001953e-01
4.379705786705017090e-01 -9.384359717369079590e-01
4.377235174179077148e-01 -9.392668604850769043e-01
4.374761879444122314e-01 -9.400988221168518066e-01
4.372285902500152588e-01 -9.409317970275878906e-01
4.369806945323944092e-01 -9.417657256126403809e-01
4.367325305938720703e-01 -9.426007270812988281e-01
4.364840984344482422e-01 -9.434368014335632324e-01
4.362353682518005371e-01 -9.442738294601440430e-01
4.359863400459289551e-01 -9.451119303703308105e-01
4.357370734214782715e-01 -9.459510445594787598e-01
4.354875087738037109e-01 -9.467911720275878906e-01
4.352376759052276611e-01 -9.476323127746582031e-01
4.349875450134277344e-01 -9.484745264053344727e-01
4.347371459007263184e-01 -9.493177533149719238e-01
4.344864487648010254e-01 -9.501619935035705566e-01
4.342354834079742432e-01 -9.510073065757751465e-01
4.339842498302459717e-01 -9.518536329269409180e-01
4.337327182292938232e-01 -9.527009725570678711e-01
4.334809184074401855e-01 -9.535493850708007812e-01
4.332288205623626709e-01 -9.543987512588500977e-01
4.329764544963836670e-01 -9.552492499351501465e-01
4.327238202095031738e-01 -9.561007022857666016e-01
4.324708878993988037e-01 -9.569532275199890137e-01
4.322176575660705566e-01 -9.578067660331726074e-01
4.319641888141632080e-01 -9.586613774299621582e-01
4.317103922367095947e-01 -9.595170021057128906e-01
4.314563572406768799e-01 -9.603736400604248047e-01
4.312020242214202881e-01 -9.612313508987426758e-01
4.309473931789398193e-01 -9.620900750160217285e-01
4.306924939155578613e-01 -9.629498720169067383e-01
4.304372966289520264e-01 -9.638106822967529297e-01
4.301818311214447021e-01 -9.646725654602050781e-01
4.299260973930358887e-01 -9.655354619026184082e-01
4.296700656414031982e-01 -9.663993716239929199e-01
4.294137358665466309e-01 -9.672643542289733887e-01
4.291571378707885742e-01 -9.681304097175598145e-01
4.289002716541290283e-01 -9.689974784851074219e-01
4.286431074142456055e-01 -9.698655605316162109e-01
4.283856749534606934e-01 -9.707347154617309570e-01
4.281279444694519043e-01 -9.716048836708068848e-01
4.278699159622192383e-01 -9.724761247634887695e-01
4.276116192340850830e-01 -9.733484387397766113e-01
4.273530542850494385e-01 -9.742217659950256348e-01
4.270941913127899170e-01 -9.750961661338806152e-01
4.268350303173065186e-01 -9.759715795516967773e-01
4.265756011009216309e-01 -9.768480658531188965e-01
4.263158738613128662e-01 -9.777255654335021973e-01
4.260558784008026123e-01 -9.786041378974914551e-01
4.257955849170684814e-01 -9.794837832450866699e-01
4.255350232124328613e-01 -9.803644418716430664e-01
4.252741634845733643e-01 -9.812461733818054199e-01
4.250130355358123779e-01 -9.821289181709289551e-01
4.247516095638275146e-01 -9.830127358436584473e-01
4.244898855686187744e-01 -9.838976263999938965e-01
4.242278933525085449e-01 -9.847835302352905273e-01
4.239656031131744385e-01 -9.856705665588378906e-01
